Order_Date,Ship_Mode,Segment,City,State,Region,Category,Sub_Category,Sales,Month,Quarter
2017-11-08,Second Class,Consumer,Henderson,Kentucky,South,Furniture,Bookcases,261.96,11,4
2017-06-12,Second Class,Corporate,Los Angeles,California,West,Office Supplies,Labels,14.62,6,2
2016-10-11,Standard Class,Consumer,Fort Lauderdale,Florida,South,Office Supplies,Storage,22.368,10,4
2015-06-09,Standard Class,Consumer,Los Angeles,California,West,Furniture,Furnishings,48.86,6,2
2015-06-09,Standard Class,Consumer,Los Angeles,California,West,Office Supplies,Art,7.28,6,2
2015-06-09,Standard Class,Consumer,Los Angeles,California,West,Office Supplies,Binders,18.504,6,2
2015-06-09,Standard Class,Consumer,Los Angeles,California,West,Office Supplies,Appliances,114.9,6,2
2018-04-15,Standard Class,Consumer,Concord,North Carolina,South,Office Supplies,Paper,15.552,4,2
2017-12-05,Standard Class,Consumer,Seattle,Washington,West,Office Supplies,Binders,407.976,12,4
2016-11-22,Standard Class,Home Office,Fort Worth,Texas,Central,Office Supplies,Appliances,68.81,11,4
2016-11-22,Standard Class,Home Office,Fort Worth,Texas,Central,Office Supplies,Binders,2.544,11,4
2015-05-13,Second Class,Consumer,West Jordan,Utah,West,Office Supplies,Storage,55.5,5,2
2015-08-27,Second Class,Consumer,San Francisco,California,West,Office Supplies,Art,8.56,8,3
2015-08-27,Second Class,Consumer,San Francisco,California,West,Technology,Phones,213.48,8,3
2015-08-27,Second Class,Consumer,San Francisco,California,West,Office Supplies,Binders,22.72,8,3
2017-12-09,Standard Class,Corporate,Fremont,Nebraska,Central,Office Supplies,Art,19.46,12,4
2017-12-09,Standard Class,Corporate,Fremont,Nebraska,Central,Office Supplies,Appliances,60.34,12,4
2018-07-16,Second Class,Consumer,Philadelphia,Pennsylvania,East,Furniture,Chairs,71.372,7,3
2017-01-16,Second Class,Consumer,Los Angeles,California,West,Office Supplies,Binders,11.648,1,1
2017-01-16,Second Class,Consumer,Los Angeles,California,West,Technology,Accessories,90.57,1,1
2016-09-17,Standard Class,Consumer,Philadelphia,Pennsylvania,East,Office Supplies,Binders,9.618,9,3
2016-09-17,Standard Class,Consumer,Philadelphia,Pennsylvania,East,Furniture,Furnishings,124.2,9,3
2016-09-17,Standard Class,Consumer,Philadelphia,Pennsylvania,East,Office Supplies,Envelopes,3.264,9,3
2016-09-17,Standard Class,Consumer,Philadelphia,Pennsylvania,East,Office Supplies,Art,86.304,9,3
2016-09-17,Standard Class,Consumer,Philadelphia,Pennsylvania,East,Office Supplies,Binders,6.858,9,3
2016-09-17,Standard Class,Consumer,Philadelphia,Pennsylvania,East,Office Supplies,Art,15.76,9,3
2018-10-19,Second Class,Home Office,Houston,Texas,Central,Office Supplies,Paper,29.472,10,4
2017-12-08,First Class,Corporate,Richardson,Texas,Central,Furniture,Furnishings,190.92,12,4
2016-12-27,Standard Class,Home Office,Houston,Texas,Central,Office Supplies,Envelopes,113.328,12,4
2016-12-27,Standard Class,Home Office,Houston,Texas,Central,Furniture,Chairs,212.058,12,4
2016-12-27,Standard Class,Home Office,Houston,Texas,Central,Technology,Phones,371.168,12,4
2018-09-10,Standard Class,Corporate,Naperville,Illinois,Central,Technology,Phones,147.168,9,3
2017-07-17,Standard Class,Corporate,Los Angeles,California,West,Office Supplies,Storage,77.88,7,3
2018-09-19,Standard Class,Corporate,Melbourne,Florida,South,Office Supplies,Storage,95.616,9,3
2017-03-11,First Class,Corporate,Eagan,Minnesota,Central,Technology,Accessories,45.98,3,1
2017-03-11,First Class,Corporate,Eagan,Minnesota,Central,Office Supplies,Binders,17.46,3,1
2015-10-20,Second Class,Consumer,Westland,Michigan,Central,Office Supplies,Storage,211.96,10,4
2017-06-20,Standard Class,Consumer,Dover,Delaware,East,Technology,Accessories,45.0,6,2
2017-06-20,Standard Class,Consumer,Dover,Delaware,East,Technology,Phones,21.8,6,2
2016-04-18,Standard Class,Consumer,New Albany,Indiana,Central,Office Supplies,Binders,38.22,4,2
2016-04-18,Standard Class,Consumer,New Albany,Indiana,Central,Office Supplies,Labels,75.18,4,2
2016-04-18,Standard Class,Consumer,New Albany,Indiana,Central,Furniture,Furnishings,6.16,4,2
2016-04-18,Standard Class,Consumer,New Albany,Indiana,Central,Furniture,Chairs,89.99,4,2
2017-12-11,Standard Class,Corporate,New York City,New York,East,Office Supplies,Fasteners,15.26,12,4
2017-06-17,First Class,Consumer,Troy,New York,East,Office Supplies,Storage,208.56,6,2
2017-06-17,First Class,Consumer,Troy,New York,East,Office Supplies,Paper,32.4,6,2
2017-06-17,First Class,Consumer,Troy,New York,East,Furniture,Chairs,319.41,6,2
2017-06-17,First Class,Consumer,Troy,New York,East,Office Supplies,Paper,14.56,6,2
2017-06-17,First Class,Consumer,Troy,New York,East,Technology,Accessories,30.0,6,2
2017-06-17,First Class,Consumer,Troy,New York,East,Office Supplies,Binders,48.48,6,2
2017-06-17,First Class,Consumer,Troy,New York,East,Office Supplies,Art,1.68,6,2
2016-11-24,Standard Class,Consumer,Los Angeles,California,West,Technology,Accessories,13.98,11,4
2016-11-24,Standard Class,Consumer,Los Angeles,California,West,Office Supplies,Binders,25.824,11,4
2016-11-24,Standard Class,Consumer,Los Angeles,California,West,Office Supplies,Paper,146.73,11,4
2016-11-24,Standard Class,Consumer,Los Angeles,California,West,Furniture,Furnishings,79.76,11,4
2016-04-30,Standard Class,Home Office,Chicago,Illinois,Central,Furniture,Chairs,213.115,4,2
2015-12-05,Standard Class,Corporate,Gilbert,Arizona,West,Technology,Phones,167.968,12,4
2017-06-04,First Class,Consumer,Springfield,Virginia,South,Office Supplies,Paper,75.88,6,2
2017-09-18,Standard Class,Consumer,New York City,New York,East,Office Supplies,Binders,4.616,9,3
2018-09-14,Second Class,Consumer,Jackson,Michigan,Central,Office Supplies,Paper,19.05,9,3
2016-04-26,Standard Class,Consumer,Memphis,Tennessee,South,Furniture,Furnishings,97.04,4,2
2016-04-26,Standard Class,Consumer,Memphis,Tennessee,South,Office Supplies,Storage,72.784,4,2
2018-12-09,First Class,Corporate,Houston,Texas,Central,Office Supplies,Binders,1.248,12,4
2018-12-09,First Class,Corporate,Houston,Texas,Central,Furniture,Furnishings,9.708,12,4
2018-12-09,First Class,Corporate,Houston,Texas,Central,Office Supplies,Storage,27.24,12,4
2015-11-26,Second Class,Consumer,Houston,Texas,Central,Furniture,Furnishings,19.3,11,4
2017-06-12,First Class,Corporate,Decatur,Alabama,South,Office Supplies,Appliances,208.16,6,2
2017-06-12,First Class,Corporate,Decatur,Alabama,South,Office Supplies,Binders,16.74,6,2
2015-10-12,Standard Class,Consumer,San Francisco,California,West,Office Supplies,Art,14.9,10,4
2015-10-12,Standard Class,Consumer,San Francisco,California,West,Office Supplies,Storage,21.39,10,4
2016-09-03,Standard Class,Corporate,Durham,North Carolina,South,Office Supplies,Envelopes,200.984,9,3
2018-11-13,First Class,Home Office,Chicago,Illinois,Central,Office Supplies,Storage,230.376,11,4
2018-05-28,Second Class,Consumer,Columbia,South Carolina,South,Furniture,Chairs,301.96,5,2
2018-10-26,Standard Class,Consumer,Rochester,Minnesota,Central,Technology,Accessories,19.99,10,4
2018-10-26,Standard Class,Consumer,Rochester,Minnesota,Central,Office Supplies,Labels,6.16,10,4
2017-04-05,Second Class,Home Office,Houston,Texas,Central,Office Supplies,Storage,158.368,4,2
2017-09-17,Standard Class,Corporate,Los Angeles,California,West,Office Supplies,Art,20.1,9,3
2017-09-17,Standard Class,Corporate,Los Angeles,California,West,Technology,Phones,73.584,9,3
2017-09-17,Standard Class,Corporate,Los Angeles,California,West,Office Supplies,Paper,6.48,9,3
2016-01-31,Second Class,Consumer,Minneapolis,Minnesota,Central,Office Supplies,Paper,12.96,1,1
2016-01-31,Second Class,Consumer,Minneapolis,Minnesota,Central,Furniture,Furnishings,53.34,1,1
2016-01-31,Second Class,Consumer,Minneapolis,Minnesota,Central,Office Supplies,Binders,32.96,1,1
2018-11-06,Standard Class,Home Office,Portland,Oregon,West,Office Supplies,Binders,5.682,11,4
2018-11-09,Second Class,Home Office,New York City,New York,East,Furniture,Furnishings,96.53,11,4
2018-06-17,First Class,Consumer,San Francisco,California,West,Office Supplies,Binders,51.312,6,2
2017-09-06,Standard Class,Corporate,Saint Paul,Minnesota,Central,Office Supplies,Appliances,77.88,9,3
2017-08-29,Standard Class,Home Office,Chicago,Illinois,Central,Office Supplies,Paper,64.624,8,3
2017-08-29,Standard Class,Home Office,Chicago,Illinois,Central,Technology,Accessories,95.976,8,3
2017-08-29,Standard Class,Home Office,Chicago,Illinois,Central,Office Supplies,Binders,1.788,8,3
2017-12-01,Second Class,Consumer,Rochester,Minnesota,Central,Office Supplies,Paper,23.92,12,4
2016-11-13,Standard Class,Consumer,Aurora,Colorado,West,Technology,Accessories,238.896,11,4
2016-11-13,Standard Class,Consumer,Aurora,Colorado,West,Furniture,Furnishings,102.36,11,4
2016-11-13,Standard Class,Consumer,Aurora,Colorado,West,Office Supplies,Binders,36.882,11,4
2018-11-23,Standard Class,Consumer,Charlotte,North Carolina,South,Technology,Accessories,74.112,11,4
2018-11-23,Standard Class,Consumer,Charlotte,North Carolina,South,Technology,Phones,27.992,11,4
2018-11-23,Standard Class,Consumer,Charlotte,North Carolina,South,Office Supplies,Art,3.304,11,4
2016-10-15,Standard Class,Home Office,Orland Park,Illinois,Central,Technology,Accessories,339.96,10,4
2018-12-25,Standard Class,Corporate,New York City,New York,East,Furniture,Furnishings,41.96,12,4
2017-11-03,Standard Class,Consumer,Urbandale,Iowa,Central,Office Supplies,Art,75.96,11,4
2017-11-03,Standard Class,Consumer,Urbandale,Iowa,Central,Office Supplies,Binders,27.24,11,4
2015-08-25,Second Class,Consumer,Columbus,Ohio,East,Office Supplies,Fasteners,40.096,8,3
2015-08-25,Second Class,Consumer,Columbus,Ohio,East,Office Supplies,Envelopes,4.72,8,3
2015-08-25,Second Class,Consumer,Columbus,Ohio,East,Office Supplies,Paper,23.976,8,3
2015-08-25,Second Class,Consumer,Columbus,Ohio,East,Office Supplies,Envelopes,130.464,8,3
2016-04-05,Standard Class,Corporate,Bristol,Tennessee,South,Office Supplies,Binders,157.794,4,2
2017-06-12,First Class,Consumer,Wilmington,Delaware,East,Furniture,Furnishings,47.04,6,2
2017-06-12,First Class,Consumer,Wilmington,Delaware,East,Office Supplies,Binders,30.84,6,2
2017-06-12,First Class,Consumer,Wilmington,Delaware,East,Office Supplies,Storage,226.56,6,2
2017-06-12,First Class,Consumer,Wilmington,Delaware,East,Office Supplies,Envelopes,115.02,6,2
2017-06-12,First Class,Consumer,Wilmington,Delaware,East,Technology,Phones,68.04,6,2
2018-11-05,Standard Class,Consumer,Phoenix,Arizona,West,Office Supplies,Binders,2.388,11,4
2018-11-05,Standard Class,Consumer,Phoenix,Arizona,West,Office Supplies,Storage,243.992,11,4
2017-11-06,Second Class,Home Office,Los Angeles,California,West,Furniture,Chairs,81.424,11,4
2017-11-06,Second Class,Home Office,Los Angeles,California,West,Furniture,Furnishings,238.56,11,4
2018-02-02,First Class,Corporate,Columbus,Ohio,East,Technology,Phones,59.97,2,1
2018-02-02,First Class,Corporate,Columbus,Ohio,East,Office Supplies,Paper,78.304,2,1
2018-02-02,First Class,Corporate,Columbus,Ohio,East,Office Supplies,Fasteners,21.456,2,1
2017-10-13,Standard Class,Consumer,Roseville,California,West,Office Supplies,Paper,20.04,10,4
2017-10-13,Standard Class,Consumer,Roseville,California,West,Office Supplies,Paper,35.44,10,4
2017-10-13,Standard Class,Consumer,Roseville,California,West,Office Supplies,Art,11.52,10,4
2017-10-13,Standard Class,Consumer,Roseville,California,West,Office Supplies,Fasteners,4.02,10,4
2017-10-13,Standard Class,Consumer,Roseville,California,West,Office Supplies,Binders,76.176,10,4
2017-10-13,Standard Class,Consumer,Roseville,California,West,Office Supplies,Supplies,65.88,10,4
2017-10-13,Standard Class,Consumer,Roseville,California,West,Furniture,Furnishings,43.12,10,4
2017-09-05,Second Class,Corporate,Philadelphia,Pennsylvania,East,Furniture,Furnishings,82.8,9,3
2018-09-18,Standard Class,Corporate,San Francisco,California,West,Office Supplies,Art,8.82,9,3
2018-09-18,Standard Class,Corporate,San Francisco,California,West,Office Supplies,Envelopes,10.86,9,3
2018-09-18,Standard Class,Corporate,San Francisco,California,West,Office Supplies,Paper,143.7,9,3
2015-10-22,Standard Class,Home Office,Newark,Ohio,East,Furniture,Furnishings,93.888,10,4
2017-12-05,Standard Class,Corporate,Franklin,Wisconsin,Central,Technology,Phones,384.45,12,4
2017-12-05,Standard Class,Corporate,Franklin,Wisconsin,Central,Technology,Phones,149.97,12,4
2017-12-05,Standard Class,Corporate,Franklin,Wisconsin,Central,Office Supplies,Binders,171.55,12,4
2017-03-13,First Class,Home Office,Scottsdale,Arizona,West,Office Supplies,Appliances,157.92,3,1
2017-03-13,First Class,Home Office,Scottsdale,Arizona,West,Technology,Phones,203.184,3,1
2016-05-31,First Class,Corporate,San Jose,California,West,Office Supplies,Paper,58.38,5,2
2016-05-31,First Class,Corporate,San Jose,California,West,Office Supplies,Paper,105.52,5,2
2016-05-31,First Class,Corporate,San Jose,California,West,Office Supplies,Storage,80.88,5,2
2016-05-28,Standard Class,Home Office,Seattle,Washington,West,Office Supplies,Art,6.63,5,2
2015-03-01,Second Class,Consumer,Seattle,Washington,West,Furniture,Chairs,457.568,3,1
2017-11-20,Standard Class,Consumer,Edmond,Oklahoma,Central,Office Supplies,Labels,14.62,11,4
2017-05-11,First Class,Consumer,Los Angeles,California,West,Office Supplies,Paper,5.98,5,2
2016-12-28,Second Class,Consumer,Philadelphia,Pennsylvania,East,Technology,Accessories,54.384,12,4
2017-11-16,Standard Class,Consumer,Carlsbad,New Mexico,West,Office Supplies,Envelopes,28.4,11,4
2017-11-07,Standard Class,Consumer,Seattle,Washington,West,Office Supplies,Binders,27.68,11,4
2015-09-08,Standard Class,Consumer,San Antonio,Texas,Central,Office Supplies,Art,9.936,9,3
2015-09-08,Standard Class,Consumer,San Antonio,Texas,Central,Office Supplies,Storage,275.928,9,3
2015-09-08,Standard Class,Consumer,San Antonio,Texas,Central,Office Supplies,Art,32.064,9,3
2015-09-08,Standard Class,Consumer,San Antonio,Texas,Central,Office Supplies,Appliances,177.98,9,3
2015-09-08,Standard Class,Consumer,San Antonio,Texas,Central,Technology,Phones,143.976,9,3
2015-08-05,Standard Class,Consumer,Los Angeles,California,West,Office Supplies,Paper,20.94,8,3
2015-08-05,Standard Class,Consumer,Los Angeles,California,West,Office Supplies,Paper,110.96,8,3
2015-08-05,Standard Class,Consumer,Los Angeles,California,West,Furniture,Chairs,340.144,8,3
2015-09-14,Standard Class,Corporate,Chicago,Illinois,Central,Office Supplies,Appliances,52.448,9,3
2015-09-14,Standard Class,Corporate,Chicago,Illinois,Central,Office Supplies,Labels,20.16,9,3
2018-04-21,Second Class,Consumer,Houston,Texas,Central,Office Supplies,Appliances,97.264,4,2
2016-11-21,Second Class,Consumer,Newark,Ohio,East,Furniture,Chairs,396.802,11,4
2016-11-21,Second Class,Consumer,Newark,Ohio,East,Office Supplies,Supplies,15.88,11,4
2016-12-15,Standard Class,Home Office,New York City,New York,East,Office Supplies,Art,3.28,12,4
2015-12-05,Second Class,Corporate,Decatur,Illinois,Central,Office Supplies,Storage,24.816,12,4
2015-12-05,Second Class,Corporate,Decatur,Illinois,Central,Technology,Accessories,408.744,12,4
2015-11-19,Second Class,Home Office,Monroe,Louisiana,South,Technology,Phones,149.95,11,4
2015-11-19,Second Class,Home Office,Monroe,Louisiana,South,Technology,Accessories,29.0,11,4
2017-11-28,Standard Class,Consumer,Fairfield,Connecticut,East,Office Supplies,Binders,7.16,11,4
2015-08-26,Standard Class,Home Office,Los Angeles,California,West,Technology,Accessories,176.8,8,3
2017-07-16,Standard Class,Corporate,Grand Prairie,Texas,Central,Office Supplies,Storage,37.224,7,3
2017-07-16,Standard Class,Corporate,Grand Prairie,Texas,Central,Office Supplies,Paper,20.016,7,3
2016-10-12,First Class,Home Office,New York City,New York,East,Technology,Phones,71.76,10,4
2016-10-12,First Class,Home Office,New York City,New York,East,Office Supplies,Paper,51.84,10,4
2016-10-12,First Class,Home Office,New York City,New York,East,Office Supplies,Art,19.9,10,4
2016-10-31,Standard Class,Corporate,Redlands,California,West,Office Supplies,Envelopes,14.28,10,4
2015-03-21,Standard Class,Consumer,Hamilton,Ohio,East,Office Supplies,Art,7.408,3,1
2015-03-21,Standard Class,Consumer,Hamilton,Ohio,East,Office Supplies,Art,6.048,3,1
2018-11-06,Standard Class,Home Office,Westfield,New Jersey,East,Office Supplies,Storage,46.26,11,4
2018-07-06,Standard Class,Corporate,Philadelphia,Pennsylvania,East,Office Supplies,Binders,2.946,7,3
2018-07-06,Standard Class,Corporate,Philadelphia,Pennsylvania,East,Office Supplies,Paper,16.056,7,3
2018-06-24,Standard Class,Consumer,Akron,Ohio,East,Office Supplies,Paper,21.744,6,2
2015-08-03,First Class,Consumer,Denver,Colorado,West,Furniture,Tables,218.75,8,3
2015-08-03,First Class,Consumer,Denver,Colorado,West,Office Supplies,Appliances,2.6,8,3
2018-12-17,Second Class,Consumer,Dallas,Texas,Central,Office Supplies,Appliances,66.284,12,4
2018-06-03,Standard Class,Corporate,Franklin,Tennessee,South,Furniture,Furnishings,35.168,6,2
2018-12-09,Standard Class,Consumer,Whittier,California,West,Technology,Phones,444.768,12,4
2018-12-01,Standard Class,Consumer,Saginaw,Michigan,Central,Office Supplies,Storage,83.92,12,4
2018-12-01,Standard Class,Consumer,Saginaw,Michigan,Central,Technology,Phones,131.98,12,4
2018-12-01,Standard Class,Consumer,Saginaw,Michigan,Central,Office Supplies,Binders,15.92,12,4
2018-12-01,Standard Class,Consumer,Saginaw,Michigan,Central,Office Supplies,Fasteners,52.29,12,4
2018-12-01,Standard Class,Consumer,Saginaw,Michigan,Central,Office Supplies,Storage,91.99,12,4
2016-02-09,Second Class,Corporate,Dallas,Texas,Central,Technology,Accessories,20.8,2,1
2016-01-02,Standard Class,Corporate,Medina,Ohio,East,Office Supplies,Labels,23.68,1,1
2016-01-02,Standard Class,Corporate,Medina,Ohio,East,Furniture,Bookcases,452.45,1,1
2016-01-02,Standard Class,Corporate,Medina,Ohio,East,Technology,Phones,62.982,1,1
2016-01-02,Standard Class,Corporate,Medina,Ohio,East,Technology,Accessories,89.584,1,1
2017-10-28,Standard Class,Consumer,Los Angeles,California,West,Office Supplies,Storage,93.06,10,4
2017-10-28,Standard Class,Consumer,Los Angeles,California,West,Technology,Phones,302.376,10,4
2016-12-24,First Class,Consumer,Dublin,Ohio,East,Office Supplies,Fasteners,5.584,12,4
2016-12-24,First Class,Consumer,Dublin,Ohio,East,Office Supplies,Paper,22.704,12,4
2016-12-24,First Class,Consumer,Dublin,Ohio,East,Office Supplies,Binders,19.776,12,4
2016-12-24,First Class,Consumer,Dublin,Ohio,East,Furniture,Furnishings,72.704,12,4
2016-12-24,First Class,Consumer,Dublin,Ohio,East,Technology,Machines,479.988,12,4
2016-12-24,First Class,Consumer,Dublin,Ohio,East,Office Supplies,Art,27.168,12,4
2016-08-09,Standard Class,Corporate,Detroit,Michigan,Central,Office Supplies,Art,2.2,8,3
2016-08-09,Standard Class,Corporate,Detroit,Michigan,Central,Office Supplies,Storage,21.98,8,3
2016-02-28,Standard Class,Consumer,Columbia,Tennessee,South,Furniture,Chairs,161.568,2,1
2016-02-28,Standard Class,Consumer,Columbia,Tennessee,South,Furniture,Chairs,389.696,2,1
2015-09-13,Standard Class,Corporate,Charlotte,North Carolina,South,Office Supplies,Binders,18.648,9,3
2018-04-07,Standard Class,Home Office,Tampa,Florida,South,Furniture,Tables,233.86,4,2
2018-04-07,Standard Class,Home Office,Tampa,Florida,South,Office Supplies,Binders,5.328,4,2
2018-04-07,Standard Class,Home Office,Tampa,Florida,South,Furniture,Furnishings,258.072,4,2
2018-11-12,Standard Class,Corporate,Santa Clara,California,West,Office Supplies,Paper,10.56,11,4
2017-06-04,Second Class,Consumer,Chicago,Illinois,Central,Office Supplies,Paper,25.92,6,2
2017-06-04,Second Class,Consumer,Chicago,Illinois,Central,Furniture,Furnishings,419.68,6,2
2017-06-04,Second Class,Consumer,Chicago,Illinois,Central,Furniture,Furnishings,11.688,6,2
2017-06-04,Second Class,Consumer,Chicago,Illinois,Central,Technology,Phones,31.984,6,2
2017-06-04,Second Class,Consumer,Chicago,Illinois,Central,Furniture,Tables,177.225,6,2
2017-06-04,Second Class,Consumer,Chicago,Illinois,Central,Furniture,Furnishings,4.044,6,2
2017-06-04,Second Class,Consumer,Chicago,Illinois,Central,Office Supplies,Art,7.408,6,2
2015-06-01,Second Class,Home Office,Lakeville,Minnesota,Central,Office Supplies,Storage,166.72,6,2
2015-06-01,Second Class,Home Office,Lakeville,Minnesota,Central,Office Supplies,Paper,47.88,6,2
2015-06-01,Second Class,Home Office,Lakeville,Minnesota,Central,Office Supplies,Paper,25.92,6,2
2017-12-10,Second Class,Consumer,San Francisco,California,West,Furniture,Chairs,321.568,12,4
2017-09-11,Standard Class,Consumer,San Diego,California,West,Office Supplies,Paper,7.61,9,3
2017-12-10,First Class,Consumer,New York City,New York,East,Office Supplies,Storage,80.58,12,4
2017-12-10,First Class,Consumer,New York City,New York,East,Office Supplies,Envelopes,361.92,12,4
2016-11-28,Standard Class,Corporate,Chicago,Illinois,Central,Furniture,Furnishings,12.132,11,4
2016-11-28,Standard Class,Corporate,Chicago,Illinois,Central,Office Supplies,Storage,82.368,11,4
2016-11-28,Standard Class,Corporate,Chicago,Illinois,Central,Office Supplies,Storage,53.92,11,4
2018-12-01,Second Class,Consumer,New York City,New York,East,Technology,Accessories,20.37,12,4
2018-12-01,Second Class,Consumer,New York City,New York,East,Office Supplies,Storage,221.55,12,4
2018-12-01,Second Class,Consumer,New York City,New York,East,Office Supplies,Binders,17.52,12,4
2018-06-08,Standard Class,Corporate,Pasadena,Texas,Central,Office Supplies,Appliances,1.624,6,2
2017-06-06,Standard Class,Consumer,Chicago,Illinois,Central,Technology,Phones,328.224,6,2
2016-11-10,Standard Class,Consumer,Brentwood,California,West,Technology,Accessories,79.9,11,4
2018-06-16,Standard Class,Corporate,Chapel Hill,North Carolina,South,Office Supplies,Art,14.016,6,2
2017-01-22,Standard Class,Consumer,Morristown,New Jersey,East,Office Supplies,Fasteners,7.56,1,1
2018-12-09,Standard Class,Corporate,Cincinnati,Ohio,East,Office Supplies,Storage,37.208,12,4
2018-12-09,Standard Class,Corporate,Cincinnati,Ohio,East,Office Supplies,Envelopes,57.576,12,4
2016-07-30,First Class,Consumer,San Francisco,California,West,Technology,Accessories,209.93,7,3
2016-07-30,First Class,Consumer,San Francisco,California,West,Furniture,Furnishings,5.28,7,3
2016-07-30,First Class,Consumer,San Francisco,California,West,Office Supplies,Binders,10.92,7,3
2018-09-16,First Class,Corporate,Inglewood,California,West,Office Supplies,Paper,8.82,9,3
2018-09-16,First Class,Corporate,Inglewood,California,West,Office Supplies,Art,5.98,9,3
2018-10-13,Standard Class,Corporate,Philadelphia,Pennsylvania,East,Office Supplies,Paper,11.648,10,4
2018-10-13,Standard Class,Corporate,Philadelphia,Pennsylvania,East,Office Supplies,Paper,18.176,10,4
2018-10-13,Standard Class,Corporate,Philadelphia,Pennsylvania,East,Office Supplies,Storage,59.712,10,4
2018-10-13,Standard Class,Corporate,Philadelphia,Pennsylvania,East,Office Supplies,Labels,24.84,10,4
2016-09-26,Second Class,Consumer,Houston,Texas,Central,Office Supplies,Binders,2.08,9,3
2016-09-26,Standard Class,Consumer,Portland,Oregon,West,Office Supplies,Paper,141.76,9,3
2016-09-26,Standard Class,Consumer,Portland,Oregon,West,Technology,Accessories,239.8,9,3
2016-09-26,Standard Class,Consumer,Portland,Oregon,West,Office Supplies,Paper,31.104,9,3
2017-12-18,Second Class,Corporate,Tamarac,Florida,South,Office Supplies,Binders,254.058,12,4
2017-12-18,Second Class,Corporate,Tamarac,Florida,South,Office Supplies,Appliances,194.528,12,4
2017-11-20,Second Class,Home Office,Columbus,Ohio,East,Office Supplies,Fasteners,19.096,11,4
2017-11-20,Second Class,Home Office,Columbus,Ohio,East,Office Supplies,Labels,18.496,11,4
2017-11-20,Second Class,Home Office,Columbus,Ohio,East,Technology,Accessories,255.984,11,4
2017-11-20,Second Class,Home Office,Columbus,Ohio,East,Furniture,Bookcases,86.97,11,4
2015-12-26,First Class,Corporate,Colorado Springs,Colorado,West,Furniture,Furnishings,300.416,12,4
2015-12-26,First Class,Corporate,Colorado Springs,Colorado,West,Furniture,Chairs,230.352,12,4
2015-12-26,First Class,Corporate,Colorado Springs,Colorado,West,Furniture,Furnishings,218.352,12,4
2015-12-26,First Class,Corporate,Colorado Springs,Colorado,West,Office Supplies,Binders,78.6,12,4
2015-12-26,First Class,Corporate,Colorado Springs,Colorado,West,Office Supplies,Fasteners,27.552,12,4
2017-10-28,Standard Class,Corporate,Belleville,New Jersey,East,Office Supplies,Paper,32.4,10,4
2017-10-28,Standard Class,Corporate,Belleville,New Jersey,East,Office Supplies,Paper,56.91,10,4
2017-10-28,Standard Class,Corporate,Belleville,New Jersey,East,Furniture,Furnishings,77.6,10,4
2017-10-28,Standard Class,Corporate,Belleville,New Jersey,East,Office Supplies,Binders,14.28,10,4
2018-11-19,Standard Class,Consumer,Chicago,Illinois,Central,Furniture,Tables,219.075,11,4
2016-05-04,Second Class,Corporate,New York City,New York,East,Furniture,Furnishings,26.8,5,2
2015-12-30,Standard Class,Corporate,Taylor,Michigan,Central,Office Supplies,Art,9.84,12,4
2015-06-01,Standard Class,Home Office,Lakewood,New Jersey,East,Office Supplies,Binders,45.48,6,2
2015-06-01,Standard Class,Home Office,Lakewood,New Jersey,East,Office Supplies,Art,289.2,6,2
2018-04-15,First Class,Consumer,Arlington,Virginia,South,Office Supplies,Art,4.89,4,2
2017-09-12,Second Class,Corporate,Arvada,Colorado,West,Furniture,Furnishings,15.136,9,3
2017-09-12,Second Class,Corporate,Arvada,Colorado,West,Furniture,Chairs,466.768,9,3
2017-09-12,Second Class,Corporate,Arvada,Colorado,West,Furniture,Furnishings,15.232,9,3
2017-09-12,Second Class,Corporate,Arvada,Colorado,West,Office Supplies,Labels,6.264,9,3
2015-09-27,Standard Class,Corporate,Hackensack,New Jersey,East,Furniture,Furnishings,87.54,9,3
2015-08-09,Standard Class,Corporate,Saint Petersburg,Florida,South,Technology,Phones,178.384,8,3
2015-08-09,Standard Class,Corporate,Saint Petersburg,Florida,South,Office Supplies,Paper,15.552,8,3
2015-12-28,First Class,Corporate,Philadelphia,Pennsylvania,East,Office Supplies,Art,99.136,12,4
2015-11-04,Standard Class,Home Office,New York City,New York,East,Furniture,Chairs,135.882,11,4
2015-11-04,Standard Class,Home Office,New York City,New York,East,Technology,Phones,275.94,11,4
2015-11-04,Standard Class,Home Office,New York City,New York,East,Technology,Accessories,360.0,11,4
2015-11-04,Standard Class,Home Office,New York City,New York,East,Office Supplies,Storage,43.57,11,4
2015-09-19,Standard Class,Corporate,Long Beach,California,West,Office Supplies,Fasteners,7.16,9,3
2017-04-23,Standard Class,Corporate,Hesperia,California,West,Office Supplies,Binders,251.52,4,2
2017-04-23,Standard Class,Corporate,Hesperia,California,West,Technology,Accessories,99.99,4,2
2018-11-03,Second Class,Corporate,Murfreesboro,Tennessee,South,Furniture,Furnishings,15.992,11,4
2017-08-30,First Class,Consumer,Philadelphia,Pennsylvania,East,Technology,Phones,290.898,8,3
2017-08-30,First Class,Consumer,Philadelphia,Pennsylvania,East,Office Supplies,Storage,54.224,8,3
2017-08-30,First Class,Consumer,Philadelphia,Pennsylvania,East,Office Supplies,Labels,100.24,8,3
2017-08-30,First Class,Consumer,Philadelphia,Pennsylvania,East,Office Supplies,Binders,37.764,8,3
2017-04-25,Second Class,Consumer,Philadelphia,Pennsylvania,East,Technology,Phones,82.8,4,2
2017-04-25,Second Class,Consumer,Philadelphia,Pennsylvania,East,Office Supplies,Binders,20.724,4,2
2017-04-25,Second Class,Consumer,Philadelphia,Pennsylvania,East,Office Supplies,Binders,4.896,4,2
2016-09-01,Second Class,Consumer,Los Angeles,California,West,Office Supplies,Binders,4.752,9,3
2016-09-01,Second Class,Consumer,Los Angeles,California,West,Office Supplies,Binders,14.368,9,3
2015-07-12,Standard Class,Corporate,San Francisco,California,West,Office Supplies,Binders,7.712,7,3
2016-06-22,Second Class,Consumer,Layton,Utah,West,Office Supplies,Fasteners,4.96,6,2
2015-04-13,Second Class,Corporate,Philadelphia,Pennsylvania,East,Office Supplies,Art,17.856,4,2
2015-04-13,Second Class,Corporate,Philadelphia,Pennsylvania,East,Office Supplies,Fasteners,30.992,4,2
2015-04-13,Second Class,Corporate,Philadelphia,Pennsylvania,East,Technology,Phones,71.928,4,2
2016-12-20,Standard Class,Consumer,Austin,Texas,Central,Office Supplies,Storage,88.8,12,4
2018-06-15,Standard Class,Consumer,San Francisco,California,West,Technology,Phones,47.976,6,2
2018-07-08,Standard Class,Consumer,Lowell,Massachusetts,East,Office Supplies,Art,7.56,7,3
2018-07-08,Standard Class,Consumer,Lowell,Massachusetts,East,Office Supplies,Paper,24.56,7,3
2018-07-08,Standard Class,Consumer,Lowell,Massachusetts,East,Office Supplies,Art,12.96,7,3
2017-09-01,First Class,Home Office,New York City,New York,East,Technology,Accessories,6.79,9,3
2017-09-01,First Class,Home Office,New York City,New York,East,Office Supplies,Paper,24.56,9,3
2017-09-01,First Class,Home Office,New York City,New York,East,Office Supplies,Binders,3.048,9,3
2017-09-01,First Class,Home Office,New York City,New York,East,Office Supplies,Paper,49.12,9,3
2017-04-08,Standard Class,Consumer,New York City,New York,East,Furniture,Bookcases,388.704,4,2
2017-04-08,Standard Class,Consumer,New York City,New York,East,Office Supplies,Envelopes,8.26,4,2
2017-04-08,Standard Class,Consumer,New York City,New York,East,Office Supplies,Art,17.04,4,2
2017-04-08,Standard Class,Consumer,New York City,New York,East,Office Supplies,Paper,34.4,4,2
2017-04-23,Standard Class,Corporate,Charlotte,North Carolina,South,Office Supplies,Paper,36.24,4,2
2018-03-08,First Class,Corporate,Columbus,Georgia,South,Office Supplies,Labels,20.7,3,1
2018-09-25,Standard Class,Consumer,New York City,New York,East,Office Supplies,Labels,20.7,9,3
2018-09-25,Standard Class,Consumer,New York City,New York,East,Furniture,Chairs,488.646,9,3
2018-09-25,Standard Class,Consumer,New York City,New York,East,Office Supplies,Art,5.56,9,3
2018-09-25,Standard Class,Consumer,New York City,New York,East,Furniture,Furnishings,47.12,9,3
2015-09-24,Standard Class,Consumer,San Francisco,California,West,Office Supplies,Storage,211.96,9,3
2017-10-21,Same Day,Corporate,Manchester,Connecticut,East,Office Supplies,Binders,23.2,10,4
2017-10-21,Same Day,Corporate,Manchester,Connecticut,East,Office Supplies,Supplies,7.36,10,4
2017-10-21,Same Day,Corporate,Manchester,Connecticut,East,Office Supplies,Storage,104.79,10,4
2018-05-29,Standard Class,Consumer,Harlingen,Texas,Central,Office Supplies,Paper,25.92,5,2
2018-05-29,Standard Class,Consumer,Harlingen,Texas,Central,Office Supplies,Storage,53.424,5,2
2015-07-23,Standard Class,Consumer,Tucson,Arizona,West,Office Supplies,Binders,8.16,7,3
2015-07-23,Standard Class,Consumer,Tucson,Arizona,West,Office Supplies,Art,9.24,7,3
2015-07-23,Standard Class,Consumer,Tucson,Arizona,West,Technology,Accessories,479.04,7,3
2017-09-28,First Class,Corporate,Quincy,Illinois,Central,Office Supplies,Paper,99.136,9,3
2016-04-28,Standard Class,Consumer,Houston,Texas,Central,Office Supplies,Appliances,8.652,4,2
2016-04-28,Standard Class,Consumer,Houston,Texas,Central,Office Supplies,Storage,23.832,4,2
2016-04-28,Standard Class,Consumer,Houston,Texas,Central,Office Supplies,Binders,12.176,4,2
2017-10-28,First Class,Corporate,San Francisco,California,West,Office Supplies,Paper,50.96,10,4
2017-10-28,First Class,Corporate,San Francisco,California,West,Office Supplies,Binders,49.536,10,4
2016-06-26,Second Class,Corporate,Taylor,Michigan,Central,Technology,Accessories,41.9,6,2
2016-11-27,Standard Class,Consumer,Pembroke Pines,Florida,South,Furniture,Tables,375.4575,11,4
2016-11-27,Standard Class,Consumer,Pembroke Pines,Florida,South,Technology,Accessories,83.976,11,4
2016-12-03,Standard Class,Corporate,Philadelphia,Pennsylvania,East,Technology,Machines,482.34,12,4
2016-12-03,Standard Class,Corporate,Philadelphia,Pennsylvania,East,Furniture,Furnishings,2.96,12,4
2015-11-24,First Class,Consumer,Cincinnati,Ohio,East,Office Supplies,Art,2.624,11,4
2018-12-11,Standard Class,Consumer,New York City,New York,East,Office Supplies,Binders,23.36,12,4
2018-12-11,Standard Class,Consumer,New York City,New York,East,Technology,Accessories,39.98,12,4
2015-09-21,Second Class,Consumer,Des Moines,Washington,West,Technology,Phones,246.384,9,3
2015-06-07,Second Class,Corporate,Peoria,Illinois,Central,Office Supplies,Binders,12.462,6,2
2018-06-30,Standard Class,Home Office,Las Vegas,Nevada,West,Office Supplies,Binders,75.792,6,2
2018-10-17,Second Class,Corporate,Warwick,Rhode Island,East,Office Supplies,Storage,49.96,10,4
2018-10-17,Second Class,Corporate,Warwick,Rhode Island,East,Office Supplies,Paper,12.96,10,4
2016-10-31,Standard Class,Home Office,Jackson,Michigan,Central,Office Supplies,Supplies,70.12,10,4
2017-09-08,Second Class,Consumer,Houston,Texas,Central,Office Supplies,Storage,35.952,9,3
2017-09-08,Second Class,Consumer,Houston,Texas,Central,Office Supplies,Storage,131.136,9,3
2017-09-08,Second Class,Consumer,Houston,Texas,Central,Technology,Accessories,57.584,9,3
2015-12-24,First Class,Consumer,Miami,Florida,South,Office Supplies,Paper,9.568,12,4
2015-04-16,Standard Class,Corporate,Wilmington,North Carolina,South,Office Supplies,Art,39.072,4,2
2018-12-24,Standard Class,Consumer,New York City,New York,East,Office Supplies,Appliances,35.91,12,4
2018-12-08,Standard Class,Consumer,San Francisco,California,West,Technology,Accessories,179.95,12,4
2018-12-08,Standard Class,Consumer,San Francisco,California,West,Office Supplies,Paper,27.15,12,4
2018-12-08,Standard Class,Consumer,San Francisco,California,West,Office Supplies,Paper,9.68,12,4
2018-12-08,Standard Class,Consumer,San Francisco,California,West,Office Supplies,Labels,28.35,12,4
2018-12-08,Standard Class,Consumer,San Francisco,California,West,Office Supplies,Paper,55.98,12,4
2018-12-08,Standard Class,Consumer,San Francisco,California,West,Furniture,Chairs,113.568,12,4
2018-11-03,Standard Class,Corporate,Seattle,Washington,West,Office Supplies,Paper,139.86,11,4
2018-11-03,Standard Class,Corporate,Seattle,Washington,West,Furniture,Chairs,307.136,11,4
2018-06-24,Standard Class,Consumer,Huntington Beach,California,West,Office Supplies,Art,95.92,6,2
2017-04-14,Standard Class,Consumer,Los Angeles,California,West,Furniture,Chairs,383.8,4,2
2018-11-06,Standard Class,Corporate,Richmond,Kentucky,South,Office Supplies,Paper,5.78,11,4
2018-03-04,Standard Class,Corporate,Los Angeles,California,West,Office Supplies,Art,9.32,3,1
2018-03-04,Standard Class,Corporate,Los Angeles,California,West,Office Supplies,Envelopes,15.25,3,1
2015-06-22,First Class,Consumer,Louisville,Colorado,West,Technology,Accessories,196.752,6,2
2018-10-19,Standard Class,Corporate,Lawrence,Massachusetts,East,Furniture,Furnishings,56.56,10,4
2018-10-19,Standard Class,Corporate,Lawrence,Massachusetts,East,Office Supplies,Storage,32.7,10,4
2018-11-23,Second Class,Corporate,Canton,Michigan,Central,Furniture,Furnishings,28.4,11,4
2018-11-23,Second Class,Corporate,Canton,Michigan,Central,Office Supplies,Binders,287.92,11,4
2015-09-12,First Class,Home Office,New Rochelle,New York,East,Technology,Machines,69.99,9,3
2018-10-01,Standard Class,Corporate,San Antonio,Texas,Central,Office Supplies,Art,6.672,10,4
2017-04-15,Standard Class,Home Office,Gastonia,North Carolina,South,Office Supplies,Binders,189.588,4,2
2017-04-15,Standard Class,Home Office,Gastonia,North Carolina,South,Technology,Accessories,408.744,4,2
2017-04-15,Standard Class,Home Office,Gastonia,North Carolina,South,Technology,Accessories,291.96,4,2
2017-04-15,Standard Class,Home Office,Gastonia,North Carolina,South,Office Supplies,Storage,4.768,4,2
2015-12-19,Standard Class,Consumer,Jacksonville,Florida,South,Office Supplies,Binders,4.812,12,4
2015-12-19,Standard Class,Consumer,Jacksonville,Florida,South,Technology,Accessories,247.8,12,4
2017-06-12,Second Class,Home Office,Chicago,Illinois,Central,Office Supplies,Paper,313.488,6,2
2018-09-15,Standard Class,Corporate,Houston,Texas,Central,Office Supplies,Paper,31.872,9,3
2018-01-20,Second Class,Corporate,New York City,New York,East,Furniture,Chairs,207.846,1,1
2017-09-05,Second Class,Consumer,Detroit,Michigan,Central,Furniture,Furnishings,12.22,9,3
2017-09-05,Second Class,Consumer,Detroit,Michigan,Central,Office Supplies,Storage,194.94,9,3
2017-09-05,Second Class,Consumer,Detroit,Michigan,Central,Office Supplies,Storage,70.95,9,3
2017-09-05,Second Class,Consumer,Detroit,Michigan,Central,Office Supplies,Paper,91.36,9,3
2017-09-05,Second Class,Consumer,Detroit,Michigan,Central,Furniture,Chairs,242.94,9,3
2017-09-05,Second Class,Consumer,Detroit,Michigan,Central,Office Supplies,Labels,22.05,9,3
2018-03-20,Second Class,Consumer,Columbus,Indiana,Central,Furniture,Furnishings,2.91,3,1
2017-04-01,Second Class,Consumer,Auburn,New York,East,Office Supplies,Art,59.52,4,2
2017-04-01,Second Class,Consumer,Auburn,New York,East,Office Supplies,Storage,161.94,4,2
2017-04-01,Second Class,Consumer,Auburn,New York,East,Office Supplies,Art,263.88,4,2
2017-04-01,Second Class,Consumer,Auburn,New York,East,Office Supplies,Art,30.48,4,2
2017-04-01,Second Class,Consumer,Auburn,New York,East,Office Supplies,Art,9.84,4,2
2017-04-01,Second Class,Consumer,Auburn,New York,East,Technology,Phones,35.12,4,2
2018-10-20,Standard Class,Corporate,Akron,Ohio,East,Furniture,Tables,284.364,10,4
2017-12-13,Standard Class,Corporate,Norman,Oklahoma,Central,Technology,Accessories,63.88,12,4
2015-02-12,Standard Class,Consumer,Concord,California,West,Furniture,Chairs,129.568,2,1
2017-09-26,Standard Class,Consumer,Decatur,Illinois,Central,Office Supplies,Envelopes,8.928,9,3
2016-12-15,Standard Class,Consumer,Seattle,Washington,West,Office Supplies,Appliances,103.92,12,4
2016-12-15,Standard Class,Consumer,Seattle,Washington,West,Office Supplies,Binders,51.312,12,4
2017-04-22,Standard Class,Home Office,Phoenix,Arizona,West,Furniture,Furnishings,23.56,4,2
2017-04-22,Standard Class,Home Office,Phoenix,Arizona,West,Office Supplies,Binders,28.485,4,2
2017-04-22,Standard Class,Home Office,Phoenix,Arizona,West,Office Supplies,Supplies,185.376,4,2
2017-04-22,Standard Class,Home Office,Phoenix,Arizona,West,Office Supplies,Appliances,78.272,4,2
2016-01-17,Standard Class,Home Office,Park Ridge,Illinois,Central,Furniture,Furnishings,254.744,1,1
2018-03-31,Standard Class,Corporate,Amarillo,Texas,Central,Furniture,Bookcases,205.3328,3,1
2017-12-16,Second Class,Consumer,Chicago,Illinois,Central,Office Supplies,Binders,4.788,12,4
2016-12-20,Standard Class,Corporate,Lindenhurst,New York,East,Office Supplies,Paper,55.48,12,4
2015-11-09,Second Class,Consumer,San Francisco,California,West,Office Supplies,Storage,340.92,11,4
2015-11-09,Second Class,Consumer,San Francisco,California,West,Furniture,Bookcases,222.666,11,4
2015-11-09,Second Class,Consumer,San Francisco,California,West,Office Supplies,Storage,92.52,11,4
2015-11-09,Second Class,Consumer,San Francisco,California,West,Office Supplies,Paper,62.65,11,4
2015-11-09,Second Class,Consumer,San Francisco,California,West,Office Supplies,Paper,94.85,11,4
2017-07-12,Standard Class,Corporate,Los Angeles,California,West,Technology,Phones,95.76,7,3
2017-10-27,Standard Class,Consumer,Troy,New York,East,Furniture,Furnishings,40.2,10,4
2017-06-26,Standard Class,Corporate,New York City,New York,East,Office Supplies,Art,14.7,6,2
2015-10-06,Standard Class,Consumer,San Diego,California,West,Technology,Accessories,9.09,10,4
2015-07-22,Standard Class,Consumer,New York City,New York,East,Office Supplies,Art,5.96,7,3
2015-07-22,Standard Class,Consumer,New York City,New York,East,Technology,Accessories,159.98,7,3
2018-06-10,First Class,Home Office,Los Angeles,California,West,Office Supplies,Labels,29.6,6,2
2018-06-10,First Class,Home Office,Los Angeles,California,West,Technology,Phones,279.96,6,2
2015-06-09,Second Class,Home Office,Huntsville,Texas,Central,Technology,Phones,7.992,6,2
2015-06-09,Second Class,Home Office,Huntsville,Texas,Central,Technology,Accessories,63.984,6,2
2015-06-09,Second Class,Home Office,Huntsville,Texas,Central,Office Supplies,Art,70.368,6,2
2015-09-14,Standard Class,Consumer,Rochester,New York,East,Office Supplies,Storage,449.15,9,3
2015-09-14,Standard Class,Consumer,Rochester,New York,East,Office Supplies,Envelopes,11.07,9,3
2017-05-09,Standard Class,Consumer,Seattle,Washington,West,Technology,Accessories,93.98,5,2
2017-03-18,Second Class,Consumer,Memphis,Tennessee,South,Furniture,Tables,189.882,3,1
2016-12-27,Standard Class,Consumer,Fayetteville,Arkansas,South,Office Supplies,Envelopes,105.42,12,4
2017-07-25,Standard Class,Consumer,Costa Mesa,California,West,Office Supplies,Binders,119.616,7,3
2017-07-25,Standard Class,Consumer,Costa Mesa,California,West,Furniture,Furnishings,255.76,7,3
2017-07-25,Standard Class,Consumer,Costa Mesa,California,West,Furniture,Chairs,241.568,7,3
2017-07-25,Standard Class,Consumer,Costa Mesa,California,West,Furniture,Furnishings,69.3,7,3
2017-05-30,Standard Class,Corporate,Parker,Colorado,West,Office Supplies,Binders,22.62,5,2
2017-05-30,Standard Class,Corporate,Parker,Colorado,West,Office Supplies,Binders,14.952,5,2
2017-05-30,Standard Class,Corporate,Parker,Colorado,West,Office Supplies,Binders,2.376,5,2
2017-05-30,Standard Class,Corporate,Parker,Colorado,West,Office Supplies,Paper,32.792,5,2
2018-11-12,Second Class,Corporate,New York City,New York,East,Office Supplies,Binders,15.92,11,4
2016-03-16,Standard Class,Consumer,Atlanta,Georgia,South,Office Supplies,Art,2.74,3,1
2016-03-16,Standard Class,Consumer,Atlanta,Georgia,South,Office Supplies,Art,8.34,3,1
2016-03-16,Standard Class,Consumer,Atlanta,Georgia,South,Office Supplies,Storage,46.74,3,1
2018-11-26,First Class,Consumer,Gladstone,Missouri,Central,Furniture,Furnishings,126.3,11,4
2018-11-26,First Class,Consumer,Gladstone,Missouri,Central,Technology,Accessories,38.04,11,4
2017-10-20,First Class,Consumer,Newark,Ohio,East,Office Supplies,Art,7.152,10,4
2018-12-21,Standard Class,Consumer,Los Angeles,California,West,Office Supplies,Art,6.63,12,4
2018-12-21,Standard Class,Consumer,Los Angeles,California,West,Office Supplies,Art,5.88,12,4
2018-01-22,Standard Class,Home Office,Great Falls,Montana,West,Office Supplies,Storage,51.45,1,1
2018-01-22,Standard Class,Home Office,Great Falls,Montana,West,Office Supplies,Paper,11.96,1,1
2016-03-22,Standard Class,Consumer,Houston,Texas,Central,Technology,Accessories,18.392,3,1
2016-03-22,Standard Class,Consumer,Houston,Texas,Central,Office Supplies,Storage,129.568,3,1
2016-03-22,Standard Class,Consumer,Houston,Texas,Central,Office Supplies,Binders,14.112,3,1
2018-01-23,First Class,Corporate,Detroit,Michigan,Central,Furniture,Tables,210.98,1,1
2017-05-21,First Class,Consumer,Los Angeles,California,West,Technology,Phones,55.176,5,2
2017-05-21,First Class,Consumer,Los Angeles,California,West,Technology,Accessories,66.26,5,2
2016-12-26,Standard Class,Consumer,Lawrence,Massachusetts,East,Office Supplies,Fasteners,22.2,12,4
2018-10-21,Standard Class,Home Office,Lakeland,Florida,South,Furniture,Furnishings,45.696,10,4
2016-09-03,Standard Class,Consumer,Philadelphia,Pennsylvania,East,Office Supplies,Storage,36.336,9,3
2016-09-03,Standard Class,Consumer,Philadelphia,Pennsylvania,East,Office Supplies,Envelopes,52.512,9,3
2016-11-07,Second Class,Corporate,Los Angeles,California,West,Furniture,Chairs,190.72,11,4
2018-09-07,Standard Class,Consumer,Los Angeles,California,West,Furniture,Furnishings,47.94,9,3
2017-05-29,Second Class,Consumer,Montgomery,Alabama,South,Office Supplies,Binders,22.75,5,2
2017-07-10,Standard Class,Consumer,Mesa,Arizona,West,Office Supplies,Storage,16.768,7,3
2018-09-03,Second Class,Consumer,Chicago,Illinois,Central,Office Supplies,Binders,42.616,9,3
2016-12-03,Standard Class,Home Office,New York City,New York,East,Office Supplies,Binders,10.752,12,4
2016-12-07,Standard Class,Consumer,Henderson,Kentucky,South,Office Supplies,Appliances,152.94,12,4
2016-12-07,Standard Class,Consumer,Henderson,Kentucky,South,Furniture,Chairs,283.92,12,4
2015-02-01,First Class,Consumer,Green Bay,Wisconsin,Central,Technology,Accessories,468.9,2,1
2017-07-14,First Class,Corporate,Tucson,Arizona,West,Technology,Phones,380.864,7,3
2015-05-11,Standard Class,Consumer,Fort Worth,Texas,Central,Technology,Accessories,58.112,5,2
2015-05-11,Standard Class,Consumer,Fort Worth,Texas,Central,Technology,Phones,100.792,5,2
2015-05-11,Standard Class,Consumer,Fort Worth,Texas,Central,Furniture,Furnishings,66.112,5,2
2018-11-19,First Class,Home Office,New York City,New York,East,Office Supplies,Binders,41.28,11,4
2018-11-19,First Class,Home Office,New York City,New York,East,Office Supplies,Paper,13.36,11,4
2016-11-15,Second Class,Corporate,Chicago,Illinois,Central,Office Supplies,Storage,250.272,11,4
2016-11-15,Second Class,Corporate,Chicago,Illinois,Central,Office Supplies,Binders,11.364,11,4
2016-11-15,Second Class,Corporate,Chicago,Illinois,Central,Office Supplies,Supplies,8.72,11,4
2018-09-11,First Class,Consumer,Jacksonville,Florida,South,Furniture,Furnishings,34.504,9,3
2018-11-24,Standard Class,Consumer,Houston,Texas,Central,Office Supplies,Fasteners,10.824,11,4
2015-03-03,Second Class,Consumer,Wilmington,North Carolina,South,Office Supplies,Art,19.456,3,1
2017-06-10,Standard Class,Consumer,Los Angeles,California,West,Office Supplies,Labels,20.7,6,2
2017-06-10,Standard Class,Consumer,Los Angeles,California,West,Office Supplies,Paper,32.4,6,2
2018-11-20,Second Class,Consumer,San Francisco,California,West,Furniture,Furnishings,42.6,11,4
2018-11-20,Second Class,Consumer,San Francisco,California,West,Office Supplies,Binders,84.056,11,4
2015-09-14,Second Class,Consumer,Tampa,Florida,South,Office Supplies,Appliances,13.0,9,3
2015-09-14,Second Class,Consumer,Tampa,Florida,South,Furniture,Furnishings,13.128,9,3
2016-12-07,First Class,Consumer,Seattle,Washington,West,Office Supplies,Fasteners,3.96,12,4
2016-12-07,First Class,Consumer,Seattle,Washington,West,Office Supplies,Labels,2.61,12,4
2018-12-07,First Class,Consumer,Los Angeles,California,West,Technology,Phones,374.376,12,4
2018-10-01,Standard Class,Corporate,Seattle,Washington,West,Office Supplies,Paper,91.84,10,4
2018-10-01,Standard Class,Corporate,Seattle,Washington,West,Office Supplies,Binders,81.088,10,4
2018-10-01,Standard Class,Corporate,Seattle,Washington,West,Office Supplies,Paper,19.44,10,4
2018-10-01,Standard Class,Corporate,Seattle,Washington,West,Furniture,Chairs,451.152,10,4
2018-12-28,Standard Class,Consumer,New York City,New York,East,Office Supplies,Labels,72.45,12,4
2018-12-28,Standard Class,Consumer,New York City,New York,East,Office Supplies,Fasteners,13.96,12,4
2018-12-28,Standard Class,Consumer,New York City,New York,East,Office Supplies,Binders,33.264,12,4
2018-12-28,Standard Class,Consumer,New York City,New York,East,Technology,Phones,14.85,12,4
2017-11-03,Standard Class,Consumer,Marysville,Washington,West,Office Supplies,Art,8.82,11,4
2016-09-18,Second Class,Consumer,Long Beach,California,West,Office Supplies,Paper,160.72,9,3
2016-09-18,Second Class,Consumer,Long Beach,California,West,Office Supplies,Paper,19.92,9,3
2016-09-18,Second Class,Consumer,Long Beach,California,West,Office Supplies,Supplies,7.3,9,3
2018-07-20,Standard Class,Consumer,Chicago,Illinois,Central,Office Supplies,Storage,69.712,7,3
2018-07-20,Standard Class,Consumer,Chicago,Illinois,Central,Furniture,Furnishings,8.792,7,3
2016-09-10,Standard Class,Consumer,Los Angeles,California,West,Office Supplies,Supplies,51.52,9,3
2018-12-01,Standard Class,Consumer,Denver,Colorado,West,Technology,Phones,470.376,12,4
2018-12-01,Standard Class,Consumer,Denver,Colorado,West,Technology,Phones,105.584,12,4
2018-12-01,Standard Class,Consumer,Denver,Colorado,West,Office Supplies,Appliances,31.152,12,4
2018-12-01,Standard Class,Consumer,Denver,Colorado,West,Office Supplies,Binders,6.783,12,4
2018-12-01,Standard Class,Consumer,Denver,Colorado,West,Technology,Phones,406.368,12,4
2016-07-03,Standard Class,Consumer,Richmond,Kentucky,South,Furniture,Chairs,70.98,7,3
2016-07-03,Standard Class,Consumer,Richmond,Kentucky,South,Office Supplies,Labels,294.93,7,3
2017-03-20,Standard Class,Consumer,Salem,Oregon,West,Technology,Phones,84.784,3,1
2017-03-20,Standard Class,Consumer,Salem,Oregon,West,Office Supplies,Paper,20.736,3,1
2017-03-20,Standard Class,Consumer,Salem,Oregon,West,Office Supplies,Binders,16.821,3,1
2017-03-20,Standard Class,Consumer,Salem,Oregon,West,Office Supplies,Paper,10.368,3,1
2015-01-09,Standard Class,Consumer,Laredo,Texas,Central,Office Supplies,Art,9.344,1,1
2015-01-09,Standard Class,Consumer,Laredo,Texas,Central,Technology,Accessories,31.2,1,1
2015-08-08,Standard Class,Consumer,San Diego,California,West,Office Supplies,Appliances,76.12,8,3
2015-08-08,Standard Class,Consumer,San Diego,California,West,Technology,Phones,445.96,8,3
2015-08-08,Standard Class,Consumer,San Diego,California,West,Furniture,Furnishings,327.76,8,3
2017-07-14,First Class,Consumer,Philadelphia,Pennsylvania,East,Office Supplies,Supplies,11.632,7,3
2017-07-16,Standard Class,Consumer,Philadelphia,Pennsylvania,East,Technology,Phones,143.982,7,3
2017-07-16,Standard Class,Consumer,Philadelphia,Pennsylvania,East,Technology,Phones,494.376,7,3
2017-07-16,Standard Class,Consumer,Philadelphia,Pennsylvania,East,Office Supplies,Supplies,5.84,7,3
2015-03-15,Standard Class,Consumer,Tampa,Florida,South,Office Supplies,Storage,142.776,3,1
2015-03-15,Standard Class,Consumer,Tampa,Florida,South,Furniture,Furnishings,45.696,3,1
2015-03-15,Standard Class,Consumer,Tampa,Florida,South,Office Supplies,Binders,7.218,3,1
2015-03-15,Standard Class,Consumer,Tampa,Florida,South,Office Supplies,Binders,43.188,3,1
2015-03-15,Standard Class,Consumer,Tampa,Florida,South,Office Supplies,Paper,131.904,3,1
2015-05-23,Standard Class,Consumer,Philadelphia,Pennsylvania,East,Office Supplies,Binders,3.282,5,2
2015-05-23,Standard Class,Consumer,Philadelphia,Pennsylvania,East,Office Supplies,Art,21.168,5,2
2015-05-23,Standard Class,Consumer,Philadelphia,Pennsylvania,East,Technology,Phones,55.188,5,2
2017-04-28,First Class,Corporate,Dallas,Texas,Central,Technology,Phones,369.576,4,2
2017-04-28,First Class,Corporate,Dallas,Texas,Central,Office Supplies,Labels,15.712,4,2
2017-09-11,Second Class,Corporate,Philadelphia,Pennsylvania,East,Office Supplies,Paper,8.448,9,3
2018-11-14,Second Class,Consumer,Grove City,Ohio,East,Technology,Phones,119.94,11,4
2018-11-14,Second Class,Consumer,Grove City,Ohio,East,Office Supplies,Binders,3.648,11,4
2018-08-18,Second Class,Corporate,New York City,New York,East,Furniture,Furnishings,40.48,8,3
2018-08-18,Second Class,Corporate,New York City,New York,East,Furniture,Furnishings,9.94,8,3
2018-08-18,Second Class,Corporate,New York City,New York,East,Office Supplies,Binders,107.424,8,3
2018-08-18,Second Class,Corporate,New York City,New York,East,Technology,Phones,37.91,8,3
2018-08-18,Second Class,Corporate,New York City,New York,East,Furniture,Furnishings,88.02,8,3
2015-12-26,Standard Class,Consumer,Chicago,Illinois,Central,Office Supplies,Binders,8.69,12,4
2016-11-29,Standard Class,Corporate,Dearborn,Michigan,Central,Furniture,Chairs,301.96,11,4
2016-11-29,Standard Class,Corporate,Dearborn,Michigan,Central,Office Supplies,Art,161.82,11,4
2018-09-15,Standard Class,Home Office,New York City,New York,East,Furniture,Furnishings,35.56,9,3
2018-05-19,Standard Class,Consumer,Seattle,Washington,West,Office Supplies,Appliances,97.16,5,2
2018-12-17,Standard Class,Consumer,San Francisco,California,West,Office Supplies,Binders,15.24,12,4
2018-12-17,Standard Class,Consumer,San Francisco,California,West,Office Supplies,Paper,13.23,12,4
2017-12-11,Second Class,Consumer,Aurora,Colorado,West,Office Supplies,Storage,243.384,12,4
2017-12-11,Second Class,Consumer,Aurora,Colorado,West,Technology,Accessories,119.8,12,4
2017-12-11,Second Class,Consumer,Aurora,Colorado,West,Technology,Phones,300.768,12,4
2018-09-24,Second Class,Consumer,Miami,Florida,South,Technology,Accessories,17.88,9,3
2018-09-24,Second Class,Consumer,Miami,Florida,South,Office Supplies,Labels,235.944,9,3
2016-10-04,Second Class,Corporate,Warner Robins,Georgia,South,Furniture,Chairs,392.94,10,4
2017-08-15,Standard Class,Consumer,Aurora,Colorado,West,Office Supplies,Binders,18.882,8,3
2017-08-15,Standard Class,Consumer,Aurora,Colorado,West,Office Supplies,Appliances,122.328,8,3
2017-05-20,Standard Class,Home Office,Vallejo,California,West,Office Supplies,Binders,15.424,5,2
2017-12-18,Standard Class,Corporate,Minneapolis,Minnesota,Central,Furniture,Furnishings,18.84,12,4
2018-07-30,Second Class,Consumer,Mission Viejo,California,West,Office Supplies,Storage,330.4,7,3
2018-07-30,Second Class,Consumer,Mission Viejo,California,West,Office Supplies,Labels,26.25,7,3
2018-06-10,Standard Class,Consumer,Rochester Hills,Michigan,Central,Technology,Accessories,132.52,6,2
2018-07-21,Standard Class,Home Office,Plainfield,New Jersey,East,Office Supplies,Paper,6.48,7,3
2018-12-30,Standard Class,Home Office,Columbus,Indiana,Central,Office Supplies,Appliances,209.3,12,4
2017-04-01,Standard Class,Corporate,Sierra Vista,Arizona,West,Office Supplies,Fasteners,31.56,4,2
2017-04-01,Standard Class,Corporate,Sierra Vista,Arizona,West,Office Supplies,Appliances,30.144,4,2
2017-12-11,Second Class,Corporate,Vancouver,Washington,West,Furniture,Furnishings,14.8,12,4
2017-12-11,Second Class,Corporate,Vancouver,Washington,West,Technology,Phones,302.376,12,4
2017-12-11,Second Class,Corporate,Vancouver,Washington,West,Technology,Accessories,316.0,12,4
2017-10-23,Standard Class,Home Office,New York City,New York,East,Office Supplies,Paper,379.4,10,4
2018-06-19,Standard Class,Corporate,New York City,New York,East,Office Supplies,Paper,97.82,6,2
2018-06-19,Standard Class,Corporate,New York City,New York,East,Technology,Accessories,103.12,6,2
2017-08-22,Standard Class,Consumer,Columbus,Ohio,East,Office Supplies,Appliances,113.552,8,3
2017-08-22,Standard Class,Consumer,Columbus,Ohio,East,Office Supplies,Binders,3.318,8,3
2017-08-22,Standard Class,Consumer,Columbus,Ohio,East,Office Supplies,Envelopes,134.288,8,3
2017-09-19,Same Day,Home Office,Aurora,Illinois,Central,Office Supplies,Binders,2.308,9,3
2016-08-24,Standard Class,Consumer,Arlington,Texas,Central,Office Supplies,Binders,2.724,8,3
2017-03-26,Standard Class,Corporate,New York City,New York,East,Office Supplies,Storage,459.95,3,1
2017-11-04,Same Day,Consumer,Louisville,Kentucky,South,Office Supplies,Fasteners,10.74,11,4
2018-06-08,Second Class,Corporate,Dallas,Texas,Central,Office Supplies,Supplies,23.76,6,2
2018-06-08,Second Class,Corporate,Dallas,Texas,Central,Office Supplies,Paper,85.056,6,2
2018-06-08,Second Class,Corporate,Dallas,Texas,Central,Technology,Phones,381.576,6,2
2015-12-24,First Class,Consumer,Cleveland,Ohio,East,Furniture,Furnishings,30.36,12,4
2018-06-09,Standard Class,Home Office,Chicago,Illinois,Central,Furniture,Furnishings,23.976,6,2
2018-06-09,Standard Class,Home Office,Chicago,Illinois,Central,Furniture,Tables,108.925,6,2
2018-06-09,Standard Class,Home Office,Chicago,Illinois,Central,Office Supplies,Paper,36.352,6,2
2018-06-15,Standard Class,Consumer,Quincy,Illinois,Central,Office Supplies,Art,19.56,6,2
2018-12-05,First Class,Consumer,Columbus,Indiana,Central,Office Supplies,Appliances,61.44,12,4
2018-12-05,First Class,Consumer,Columbus,Indiana,Central,Office Supplies,Paper,38.9,12,4
2018-12-05,First Class,Consumer,Columbus,Indiana,Central,Technology,Accessories,99.39,12,4
2018-03-18,Standard Class,Consumer,Tyler,Texas,Central,Office Supplies,Appliances,2.688,3,1
2018-03-18,Standard Class,Consumer,Tyler,Texas,Central,Technology,Accessories,27.816,3,1
2018-03-18,Standard Class,Consumer,Tyler,Texas,Central,Furniture,Furnishings,82.524,3,1
2018-03-18,Standard Class,Consumer,Tyler,Texas,Central,Office Supplies,Binders,182.994,3,1
2017-11-19,Standard Class,Consumer,New York City,New York,East,Office Supplies,Binders,14.352,11,4
2017-11-19,Standard Class,Consumer,New York City,New York,East,Office Supplies,Storage,64.96,11,4
2017-11-19,Standard Class,Consumer,New York City,New York,East,Office Supplies,Storage,68.6,11,4
2018-11-04,Same Day,Corporate,Burlington,North Carolina,South,Office Supplies,Appliances,167.44,11,4
2015-07-05,First Class,Consumer,Jackson,Mississippi,South,Technology,Accessories,479.97,7,3
2015-07-05,First Class,Consumer,Jackson,Mississippi,South,Office Supplies,Labels,14.62,7,3
2015-07-05,First Class,Consumer,Jackson,Mississippi,South,Office Supplies,Paper,19.44,7,3
2018-12-25,Standard Class,Consumer,New York City,New York,East,Furniture,Bookcases,191.984,12,4
2015-06-21,Second Class,Consumer,Waynesboro,Virginia,South,Furniture,Furnishings,104.01,6,2
2015-06-21,Second Class,Consumer,Waynesboro,Virginia,South,Technology,Phones,284.82,6,2
2015-06-21,Second Class,Consumer,Waynesboro,Virginia,South,Office Supplies,Storage,36.84,6,2
2016-03-28,Standard Class,Consumer,Los Angeles,California,West,Technology,Accessories,166.24,3,1
2016-03-28,Standard Class,Consumer,Los Angeles,California,West,Office Supplies,Paper,33.4,3,1
2016-05-14,First Class,Home Office,Chester,Pennsylvania,East,Office Supplies,Art,198.272,5,2
2016-05-14,First Class,Home Office,Chester,Pennsylvania,East,Office Supplies,Labels,47.36,5,2
2016-05-14,First Class,Home Office,Chester,Pennsylvania,East,Office Supplies,Envelopes,200.984,5,2
2016-05-14,First Class,Home Office,Chester,Pennsylvania,East,Office Supplies,Labels,97.696,5,2
2016-05-14,First Class,Home Office,Chester,Pennsylvania,East,Office Supplies,Art,2.696,5,2
2016-05-14,First Class,Home Office,Chester,Pennsylvania,East,Office Supplies,Binders,18.588,5,2
2016-05-14,First Class,Home Office,Chester,Pennsylvania,East,Office Supplies,Binders,4.896,5,2
2018-09-02,Standard Class,Corporate,Cleveland,Ohio,East,Furniture,Furnishings,15.072,9,3
2017-11-04,Second Class,Corporate,Seattle,Washington,West,Furniture,Furnishings,209.88,11,4
2016-04-09,Standard Class,Consumer,Long Beach,California,West,Furniture,Tables,369.912,4,2
2015-09-12,Standard Class,Corporate,Cary,North Carolina,South,Office Supplies,Paper,10.368,9,3
2015-09-12,Standard Class,Corporate,Cary,North Carolina,South,Office Supplies,Appliances,166.84,9,3
2015-09-12,Standard Class,Corporate,Cary,North Carolina,South,Technology,Accessories,15.216,9,3
2015-12-02,First Class,Consumer,New York City,New York,East,Technology,Accessories,119.96,12,4
2015-12-02,First Class,Consumer,New York City,New York,East,Office Supplies,Binders,46.72,12,4
2015-04-05,First Class,Home Office,New York City,New York,East,Office Supplies,Paper,55.48,4,2
2018-09-03,Standard Class,Consumer,Palm Coast,Florida,South,Office Supplies,Envelopes,24.448,9,3
2018-05-19,Standard Class,Corporate,Mount Vernon,New York,East,Office Supplies,Appliances,281.34,5,2
2018-05-19,Standard Class,Corporate,Mount Vernon,New York,East,Technology,Phones,307.98,5,2
2018-05-19,Standard Class,Corporate,Mount Vernon,New York,East,Technology,Accessories,299.97,5,2
2015-07-01,Second Class,Corporate,Seattle,Washington,West,Office Supplies,Binders,19.92,7,3
2015-01-11,First Class,Consumer,Dover,Delaware,East,Furniture,Furnishings,9.94,1,1
2018-09-24,Standard Class,Consumer,Newark,Ohio,East,Furniture,Furnishings,103.056,9,3
2015-06-02,Standard Class,Home Office,Orem,Utah,West,Office Supplies,Binders,59.808,6,2
2015-06-02,Standard Class,Home Office,Orem,Utah,West,Furniture,Furnishings,73.32,6,2
2017-02-13,Standard Class,Home Office,Los Angeles,California,West,Office Supplies,Paper,146.82,2,1
2017-12-15,Standard Class,Corporate,Detroit,Michigan,Central,Office Supplies,Storage,296.37,12,4
2015-10-07,Standard Class,Home Office,Philadelphia,Pennsylvania,East,Furniture,Furnishings,129.92,10,4
2017-07-07,Standard Class,Corporate,Hialeah,Florida,South,Office Supplies,Supplies,45.584,7,3
2018-09-16,Standard Class,Consumer,Austin,Texas,Central,Office Supplies,Envelopes,17.568,9,3
2018-09-16,Standard Class,Consumer,Austin,Texas,Central,Technology,Phones,55.992,9,3
2017-12-03,First Class,Consumer,Oceanside,New York,East,Office Supplies,Paper,182.72,12,4
2017-12-03,First Class,Consumer,Oceanside,New York,East,Furniture,Tables,400.032,12,4
2017-12-03,First Class,Consumer,Oceanside,New York,East,Office Supplies,Storage,33.63,12,4
2017-12-03,First Class,Consumer,Oceanside,New York,East,Office Supplies,Labels,6.3,12,4
2018-01-21,Standard Class,Home Office,Seattle,Washington,West,Office Supplies,Storage,242.94,1,1
2018-01-21,Standard Class,Home Office,Seattle,Washington,West,Technology,Accessories,179.97,1,1
2018-01-21,Standard Class,Home Office,Seattle,Washington,West,Office Supplies,Binders,99.696,1,1
2018-01-21,Standard Class,Home Office,Seattle,Washington,West,Office Supplies,Binders,27.936,1,1
2018-01-21,Standard Class,Home Office,Seattle,Washington,West,Furniture,Bookcases,84.98,1,1
2018-01-21,Standard Class,Home Office,Seattle,Washington,West,Office Supplies,Binders,18.72,1,1
2015-09-08,Standard Class,Consumer,San Francisco,California,West,Technology,Accessories,49.98,9,3
2015-01-04,Standard Class,Home Office,Naperville,Illinois,Central,Office Supplies,Labels,11.784,1,1
2015-01-04,Standard Class,Home Office,Naperville,Illinois,Central,Office Supplies,Storage,272.736,1,1
2015-01-04,Standard Class,Home Office,Naperville,Illinois,Central,Office Supplies,Binders,3.54,1,1
2017-08-27,Standard Class,Consumer,Dallas,Texas,Central,Office Supplies,Supplies,51.52,8,3
2017-08-27,Standard Class,Consumer,Dallas,Texas,Central,Office Supplies,Paper,3.528,8,3
2017-08-27,Standard Class,Consumer,Dallas,Texas,Central,Office Supplies,Paper,4.624,8,3
2017-08-27,Standard Class,Consumer,Dallas,Texas,Central,Office Supplies,Supplies,55.168,8,3
2015-05-27,Same Day,Corporate,San Diego,California,West,Office Supplies,Storage,359.32,5,2
2017-03-20,Second Class,Consumer,Evanston,Illinois,Central,Technology,Phones,11.992,3,1
2018-10-02,Standard Class,Consumer,Trenton,Michigan,Central,Office Supplies,Binders,58.05,10,4
2018-10-02,Standard Class,Consumer,Trenton,Michigan,Central,Furniture,Furnishings,157.74,10,4
2018-10-02,Standard Class,Consumer,Trenton,Michigan,Central,Office Supplies,Art,56.98,10,4
2018-10-02,Standard Class,Consumer,Trenton,Michigan,Central,Office Supplies,Binders,2.88,10,4
2016-12-07,Standard Class,Consumer,Los Angeles,California,West,Furniture,Furnishings,79.92,12,4
2017-09-18,Standard Class,Corporate,Jacksonville,Florida,South,Furniture,Tables,383.438,9,3
2015-12-29,Standard Class,Consumer,Cottage Grove,Minnesota,Central,Office Supplies,Storage,24.56,12,4
2015-12-29,Standard Class,Consumer,Cottage Grove,Minnesota,Central,Technology,Accessories,119.8,12,4
2018-07-23,Standard Class,Corporate,New York City,New York,East,Office Supplies,Binders,13.128,7,3
2018-09-18,Standard Class,Corporate,Green Bay,Wisconsin,Central,Office Supplies,Paper,22.72,9,3
2016-08-31,Standard Class,Consumer,Los Angeles,California,West,Office Supplies,Paper,58.32,8,3
2018-11-03,Standard Class,Corporate,Atlanta,Georgia,South,Office Supplies,Labels,12.39,11,4
2016-02-08,Standard Class,Consumer,Columbus,Ohio,East,Technology,Phones,107.982,2,1
2015-01-13,Second Class,Corporate,Bossier City,Louisiana,South,Office Supplies,Envelopes,11.36,1,1
2015-01-13,Second Class,Corporate,Bossier City,Louisiana,South,Office Supplies,Envelopes,50.94,1,1
2015-01-13,Second Class,Corporate,Bossier City,Louisiana,South,Office Supplies,Binders,5.64,1,1
2015-05-14,Standard Class,Corporate,Saint Petersburg,Florida,South,Furniture,Furnishings,310.88,5,2
2018-01-30,Standard Class,Corporate,Des Moines,Iowa,Central,Office Supplies,Binders,18.28,1,1
2018-01-30,Standard Class,Corporate,Des Moines,Iowa,Central,Technology,Phones,207.0,1,1
2018-01-30,Standard Class,Corporate,Des Moines,Iowa,Central,Office Supplies,Binders,32.35,1,1
2018-01-30,Standard Class,Corporate,Des Moines,Iowa,Central,Office Supplies,Binders,7.71,1,1
2018-01-30,Standard Class,Corporate,Des Moines,Iowa,Central,Office Supplies,Art,40.3,1,1
2018-01-30,Standard Class,Corporate,Des Moines,Iowa,Central,Furniture,Furnishings,34.58,1,1
2015-06-29,Standard Class,Consumer,Cincinnati,Ohio,East,Office Supplies,Art,32.76,6,2
2016-08-21,First Class,Home Office,San Francisco,California,West,Office Supplies,Paper,59.94,8,3
2016-08-21,First Class,Home Office,San Francisco,California,West,Office Supplies,Paper,23.92,8,3
2016-08-21,First Class,Home Office,San Francisco,California,West,Office Supplies,Paper,4.28,8,3
2016-10-03,Second Class,Consumer,Columbus,Ohio,East,Office Supplies,Binders,32.07,10,4
2016-10-03,Second Class,Consumer,Columbus,Ohio,East,Technology,Accessories,24.0,10,4
2016-10-03,Second Class,Consumer,Columbus,Ohio,East,Furniture,Bookcases,35.49,10,4
2016-10-03,Second Class,Consumer,Columbus,Ohio,East,Technology,Accessories,47.984,10,4
2016-05-23,Standard Class,Corporate,Columbia,South Carolina,South,Office Supplies,Envelopes,186.69,5,2
2018-03-17,Second Class,Consumer,Lancaster,California,West,Office Supplies,Binders,17.456,3,1
2016-12-12,Standard Class,Consumer,Lancaster,California,West,Furniture,Chairs,348.928,12,4
2016-06-26,Standard Class,Consumer,Richmond,Virginia,South,Office Supplies,Binders,143.96,6,2
2016-06-26,Standard Class,Consumer,Richmond,Virginia,South,Office Supplies,Storage,15.42,6,2
2016-06-26,Standard Class,Consumer,Richmond,Virginia,South,Office Supplies,Binders,43.04,6,2
2016-06-26,Standard Class,Consumer,Richmond,Virginia,South,Furniture,Chairs,332.94,6,2
2015-09-20,Standard Class,Consumer,San Francisco,California,West,Office Supplies,Labels,9.96,9,3
2015-09-20,Standard Class,Consumer,San Francisco,California,West,Office Supplies,Paper,21.72,9,3
2018-09-21,Standard Class,Consumer,Rochester,Minnesota,Central,Office Supplies,Binders,20.16,9,3
2016-12-24,First Class,Corporate,Rochester,New York,East,Office Supplies,Paper,132.79,12,4
2016-12-24,First Class,Corporate,Rochester,New York,East,Office Supplies,Paper,12.96,12,4
2016-12-24,First Class,Corporate,Rochester,New York,East,Office Supplies,Labels,21.56,12,4
2016-11-27,Standard Class,Consumer,Lake Elsinore,California,West,Furniture,Chairs,283.92,11,4
2018-02-20,First Class,Corporate,San Diego,California,West,Furniture,Furnishings,22.23,2,1
2018-02-20,First Class,Corporate,San Diego,California,West,Technology,Phones,215.968,2,1
2017-08-18,Second Class,Corporate,New York City,New York,East,Office Supplies,Appliances,355.32,8,3
2017-03-12,Standard Class,Corporate,Monroe,Louisiana,South,Office Supplies,Paper,12.96,3,1
2018-04-22,First Class,Consumer,San Francisco,California,West,Furniture,Furnishings,18.28,4,2
2015-11-01,Standard Class,Consumer,Denver,Colorado,West,Office Supplies,Art,43.176,11,4
2016-02-03,First Class,Consumer,Omaha,Nebraska,Central,Furniture,Furnishings,28.4,2,1
2016-02-03,First Class,Consumer,Omaha,Nebraska,Central,Technology,Accessories,149.97,2,1
2015-10-13,First Class,Consumer,Edmonds,Washington,West,Office Supplies,Art,11.52,10,4
2015-10-13,First Class,Consumer,Edmonds,Washington,West,Office Supplies,Appliances,213.92,10,4
2015-10-13,First Class,Consumer,Edmonds,Washington,West,Technology,Accessories,25.78,10,4
2018-05-14,Same Day,Consumer,Santa Ana,California,West,Furniture,Furnishings,18.28,5,2
2016-03-20,First Class,Corporate,Milwaukee,Wisconsin,Central,Office Supplies,Paper,51.84,3,1
2017-09-15,Standard Class,Consumer,Philadelphia,Pennsylvania,East,Office Supplies,Paper,5.344,9,3
2015-06-28,Standard Class,Consumer,Philadelphia,Pennsylvania,East,Office Supplies,Paper,41.472,6,2
2015-06-28,Standard Class,Consumer,Philadelphia,Pennsylvania,East,Office Supplies,Binders,3.168,6,2
2015-06-28,Standard Class,Consumer,Philadelphia,Pennsylvania,East,Office Supplies,Binders,31.086,6,2
2015-06-28,Standard Class,Consumer,Philadelphia,Pennsylvania,East,Office Supplies,Paper,335.52,6,2
2018-06-20,Standard Class,Consumer,Belleville,New Jersey,East,Technology,Accessories,239.97,6,2
2018-06-20,Standard Class,Consumer,Belleville,New Jersey,East,Office Supplies,Labels,9.82,6,2
2015-05-09,Standard Class,Consumer,San Francisco,California,West,Technology,Accessories,67.8,5,2
2015-05-09,Standard Class,Consumer,San Francisco,California,West,Technology,Accessories,167.97,5,2
2018-08-21,Standard Class,Consumer,Lakeville,Minnesota,Central,Office Supplies,Fasteners,35.0,8,3
2018-08-21,Standard Class,Consumer,Lakeville,Minnesota,Central,Office Supplies,Supplies,37.24,8,3
2018-08-21,Standard Class,Consumer,Lakeville,Minnesota,Central,Office Supplies,Envelopes,15.28,8,3
2018-06-16,Second Class,Consumer,Florence,Kentucky,South,Furniture,Chairs,301.96,6,2
2018-06-16,Second Class,Consumer,Florence,Kentucky,South,Office Supplies,Appliances,180.66,6,2
2018-06-16,Second Class,Consumer,Florence,Kentucky,South,Technology,Phones,191.98,6,2
2018-06-16,Second Class,Consumer,Florence,Kentucky,South,Technology,Phones,65.99,6,2
2017-07-23,Standard Class,Corporate,Tampa,Florida,South,Office Supplies,Art,35.216,7,3
2017-07-23,Standard Class,Corporate,Tampa,Florida,South,Office Supplies,Appliances,23.696,7,3
2017-07-23,Standard Class,Corporate,Tampa,Florida,South,Technology,Machines,265.475,7,3
2015-09-08,Second Class,Consumer,Tyler,Texas,Central,Office Supplies,Binders,51.184,9,3
2018-11-04,Standard Class,Home Office,Columbia,Tennessee,South,Office Supplies,Paper,9.664,11,4
2017-03-07,Standard Class,Corporate,Fort Worth,Texas,Central,Technology,Phones,21.072,3,1
2016-11-20,Standard Class,Corporate,New York City,New York,East,Office Supplies,Art,60.45,11,4
2016-11-20,Standard Class,Corporate,New York City,New York,East,Office Supplies,Art,11.52,11,4
2016-11-20,Standard Class,Corporate,New York City,New York,East,Furniture,Bookcases,186.048,11,4
2017-11-07,First Class,Corporate,Los Angeles,California,West,Office Supplies,Binders,37.44,11,4
2017-11-07,First Class,Corporate,Los Angeles,California,West,Office Supplies,Binders,26.976,11,4
2017-11-07,First Class,Corporate,Los Angeles,California,West,Office Supplies,Supplies,11.36,11,4
2017-11-07,First Class,Corporate,Los Angeles,California,West,Office Supplies,Labels,14.62,11,4
2016-10-13,Standard Class,Consumer,Louisville,Kentucky,South,Technology,Phones,83.72,10,4
2016-10-13,Standard Class,Consumer,Louisville,Kentucky,South,Furniture,Chairs,287.94,10,4
2018-01-01,Standard Class,Consumer,Lorain,Ohio,East,Furniture,Furnishings,48.896,1,1
2015-02-07,Standard Class,Corporate,Linden,New Jersey,East,Technology,Accessories,115.36,2,1
2017-06-20,Second Class,Corporate,Salinas,California,West,Office Supplies,Art,5.16,6,2
2017-06-20,Second Class,Corporate,Salinas,California,West,Office Supplies,Paper,38.88,6,2
2017-05-28,Standard Class,Consumer,Jackson,Mississippi,South,Office Supplies,Art,185.88,5,2
2017-02-19,Standard Class,Consumer,New York City,New York,East,Furniture,Furnishings,44.46,2,1
2017-02-19,Standard Class,Consumer,New York City,New York,East,Office Supplies,Storage,242.94,2,1
2015-08-03,Standard Class,Consumer,New York City,New York,East,Office Supplies,Paper,39.96,8,3
2015-08-03,Standard Class,Consumer,New York City,New York,East,Office Supplies,Supplies,102.3,8,3
2015-08-03,Standard Class,Consumer,New York City,New York,East,Office Supplies,Storage,21.36,8,3
2018-04-10,Standard Class,Home Office,New Brunswick,New Jersey,East,Office Supplies,Paper,7.61,4,2
2018-04-10,Standard Class,Home Office,New Brunswick,New Jersey,East,Office Supplies,Fasteners,7.16,4,2
2015-06-09,Standard Class,Consumer,San Francisco,California,West,Office Supplies,Supplies,7.36,6,2
2015-06-09,Standard Class,Consumer,San Francisco,California,West,Office Supplies,Art,23.1,6,2
2017-01-05,Second Class,Corporate,Jacksonville,Florida,South,Technology,Accessories,191.472,1,1
2017-01-05,Second Class,Corporate,Jacksonville,Florida,South,Office Supplies,Art,5.248,1,1
2017-01-05,Second Class,Corporate,Jacksonville,Florida,South,Technology,Phones,59.184,1,1
2015-01-10,Standard Class,Corporate,Springfield,Virginia,South,Office Supplies,Labels,2.89,1,1
2015-01-10,Standard Class,Corporate,Springfield,Virginia,South,Furniture,Furnishings,51.94,1,1
2017-09-29,First Class,Corporate,Philadelphia,Pennsylvania,East,Office Supplies,Labels,15.936,9,3
2015-04-06,Standard Class,Corporate,Lancaster,Pennsylvania,East,Office Supplies,Binders,44.91,4,2
2017-09-03,First Class,Home Office,Philadelphia,Pennsylvania,East,Technology,Phones,280.782,9,3
2016-10-19,First Class,Consumer,Concord,New Hampshire,East,Office Supplies,Paper,34.44,10,4
2015-12-10,Standard Class,Consumer,New York City,New York,East,Office Supplies,Paper,11.36,12,4
2015-12-10,Standard Class,Consumer,New York City,New York,East,Office Supplies,Binders,106.344,12,4
2018-08-25,Standard Class,Consumer,Charlotte,North Carolina,South,Office Supplies,Paper,192.16,8,3
2017-01-17,Standard Class,Home Office,Concord,New Hampshire,East,Furniture,Furnishings,322.59,1,1
2017-01-17,Standard Class,Home Office,Concord,New Hampshire,East,Technology,Accessories,29.99,1,1
2017-01-17,Standard Class,Home Office,Concord,New Hampshire,East,Technology,Accessories,371.97,1,1
2015-09-17,Standard Class,Home Office,Philadelphia,Pennsylvania,East,Office Supplies,Binders,5.892,9,3
2018-11-30,Second Class,Home Office,New York City,New York,East,Office Supplies,Binders,68.472,11,4
2016-10-09,Standard Class,Consumer,Springfield,Virginia,South,Office Supplies,Storage,30.84,10,4
2018-12-23,Same Day,Consumer,San Francisco,California,West,Office Supplies,Art,13.48,12,4
2017-10-22,First Class,Home Office,Detroit,Michigan,Central,Furniture,Furnishings,31.4,10,4
2015-04-29,Standard Class,Consumer,Rochester,New York,East,Furniture,Furnishings,17.46,4,2
2016-04-25,Second Class,Corporate,Los Angeles,California,West,Office Supplies,Binders,13.944,4,2
2018-06-26,Standard Class,Consumer,San Diego,California,West,Office Supplies,Storage,83.76,6,2
2018-10-14,Standard Class,Home Office,Columbia,Maryland,East,Office Supplies,Binders,37.66,10,4
2015-12-09,Standard Class,Corporate,San Francisco,California,West,Office Supplies,Paper,34.68,12,4
2018-06-20,Standard Class,Consumer,New Rochelle,New York,East,Technology,Accessories,149.95,6,2
2018-06-20,Standard Class,Consumer,New Rochelle,New York,East,Office Supplies,Binders,51.312,6,2
2018-06-26,First Class,Home Office,Detroit,Michigan,Central,Office Supplies,Paper,4.54,6,2
2018-06-26,First Class,Home Office,Detroit,Michigan,Central,Office Supplies,Art,15.92,6,2
2017-11-10,First Class,Corporate,San Francisco,California,West,Office Supplies,Storage,155.82,11,4
2017-11-10,First Class,Corporate,San Francisco,California,West,Office Supplies,Binders,70.008,11,4
2017-10-03,Second Class,Consumer,Houston,Texas,Central,Office Supplies,Envelopes,15.648,10,4
2015-09-09,Standard Class,Consumer,Detroit,Michigan,Central,Office Supplies,Labels,103.6,9,3
2018-10-29,Second Class,Corporate,Auburn,New York,East,Office Supplies,Paper,46.96,10,4
2017-04-10,First Class,Corporate,Springfield,Ohio,East,Office Supplies,Binders,8.904,4,2
2018-11-11,First Class,Consumer,Garland,Texas,Central,Office Supplies,Labels,10.44,11,4
2018-11-11,First Class,Consumer,Garland,Texas,Central,Office Supplies,Binders,18.336,11,4
2018-09-15,First Class,Consumer,Chicago,Illinois,Central,Technology,Phones,323.976,9,3
2017-04-08,Standard Class,Consumer,Los Angeles,California,West,Office Supplies,Paper,20.04,4,2
2017-04-08,Standard Class,Consumer,Los Angeles,California,West,Office Supplies,Storage,64.96,4,2
2017-04-08,Standard Class,Consumer,Los Angeles,California,West,Office Supplies,Paper,12.96,4,2
2018-12-30,Standard Class,Consumer,New York City,New York,East,Furniture,Bookcases,323.136,12,4
2018-12-30,Standard Class,Consumer,New York City,New York,East,Technology,Phones,90.93,12,4
2018-12-30,Standard Class,Consumer,New York City,New York,East,Office Supplies,Binders,52.776,12,4
2018-09-02,Standard Class,Home Office,Jackson,Michigan,Central,Office Supplies,Storage,352.38,9,3
2016-05-31,Standard Class,Home Office,Norwich,Connecticut,East,Furniture,Furnishings,22.2,5,2
2018-11-27,First Class,Corporate,Milwaukee,Wisconsin,Central,Furniture,Furnishings,46.94,11,4
2018-11-27,First Class,Corporate,Milwaukee,Wisconsin,Central,Technology,Accessories,143.73,11,4
2015-06-15,Standard Class,Corporate,San Antonio,Texas,Central,Furniture,Tables,99.918,6,2
2015-06-15,Standard Class,Corporate,San Antonio,Texas,Central,Office Supplies,Binders,8.568,6,2
2017-03-05,Standard Class,Corporate,Dallas,Texas,Central,Office Supplies,Envelopes,149.352,3,1
2017-03-05,Standard Class,Corporate,Dallas,Texas,Central,Office Supplies,Storage,12.992,3,1
2015-12-05,Standard Class,Consumer,Alexandria,Virginia,South,Office Supplies,Storage,24.56,12,4
2016-04-11,Standard Class,Consumer,New York City,New York,East,Technology,Accessories,85.14,4,2
2016-04-11,Standard Class,Consumer,New York City,New York,East,Technology,Phones,21.99,4,2
2016-04-11,Standard Class,Consumer,New York City,New York,East,Office Supplies,Appliances,406.6,4,2
2015-09-13,First Class,Consumer,Philadelphia,Pennsylvania,East,Office Supplies,Paper,15.552,9,3
2015-09-13,First Class,Consumer,Philadelphia,Pennsylvania,East,Technology,Accessories,252.0,9,3
2016-10-05,Standard Class,Home Office,Springfield,Virginia,South,Office Supplies,Art,46.2,10,4
2016-10-05,Standard Class,Home Office,Springfield,Virginia,South,Office Supplies,Appliances,28.84,10,4
2018-04-14,First Class,Consumer,Toledo,Ohio,East,Office Supplies,Art,14.592,4,2
2018-04-14,First Class,Consumer,Toledo,Ohio,East,Office Supplies,Art,89.856,4,2
2018-04-14,First Class,Consumer,Toledo,Ohio,East,Office Supplies,Paper,13.872,4,2
2018-09-02,Standard Class,Consumer,Philadelphia,Pennsylvania,East,Office Supplies,Paper,12.192,9,3
2017-06-20,Standard Class,Home Office,Philadelphia,Pennsylvania,East,Office Supplies,Paper,45.056,6,2
2017-06-20,Standard Class,Home Office,Philadelphia,Pennsylvania,East,Office Supplies,Binders,29.718,6,2
2017-06-20,Standard Class,Home Office,Philadelphia,Pennsylvania,East,Office Supplies,Paper,15.552,6,2
2017-06-20,Standard Class,Home Office,Philadelphia,Pennsylvania,East,Office Supplies,Appliances,447.696,6,2
2018-11-05,First Class,Corporate,Farmington,New Mexico,West,Technology,Accessories,159.99,11,4
2016-12-13,Standard Class,Corporate,Riverside,California,West,Office Supplies,Paper,12.96,12,4
2016-12-13,Standard Class,Corporate,Riverside,California,West,Office Supplies,Appliances,134.48,12,4
2017-06-19,First Class,Corporate,San Francisco,California,West,Office Supplies,Paper,17.12,6,2
2017-12-13,Standard Class,Corporate,Torrance,California,West,Office Supplies,Binders,6.096,12,4
2016-05-29,Standard Class,Consumer,Seattle,Washington,West,Office Supplies,Paper,32.4,5,2
2016-05-29,Standard Class,Consumer,Seattle,Washington,West,Office Supplies,Binders,167.76,5,2
2016-07-26,First Class,Consumer,Mesa,Arizona,West,Furniture,Tables,393.165,7,3
2018-11-28,Standard Class,Home Office,Philadelphia,Pennsylvania,East,Office Supplies,Paper,15.552,11,4
2018-11-28,Standard Class,Home Office,Philadelphia,Pennsylvania,East,Office Supplies,Paper,25.344,11,4
2018-04-03,Standard Class,Consumer,Philadelphia,Pennsylvania,East,Furniture,Furnishings,25.472,4,2
2018-12-28,Standard Class,Consumer,Round Rock,Texas,Central,Office Supplies,Art,27.168,12,4
2018-12-28,Standard Class,Consumer,Round Rock,Texas,Central,Furniture,Bookcases,78.8528,12,4
2018-11-30,Standard Class,Consumer,Jackson,Mississippi,South,Office Supplies,Storage,173.8,11,4
2018-05-15,Second Class,Consumer,Phoenix,Arizona,West,Technology,Phones,29.592,5,2
2018-05-15,Second Class,Consumer,Phoenix,Arizona,West,Office Supplies,Binders,4.752,5,2
2018-05-15,Second Class,Consumer,Phoenix,Arizona,West,Office Supplies,Paper,15.552,5,2
2016-09-22,Same Day,Consumer,Oceanside,California,West,Furniture,Furnishings,204.6,9,3
2018-11-14,Standard Class,Corporate,San Francisco,California,West,Furniture,Chairs,321.568,11,4
2016-11-27,Standard Class,Home Office,Fayetteville,Arkansas,South,Office Supplies,Binders,6.24,11,4
2017-09-01,First Class,Corporate,San Francisco,California,West,Office Supplies,Envelopes,21.88,9,3
2015-09-22,Second Class,Consumer,Boca Raton,Florida,South,Office Supplies,Labels,4.608,9,3
2018-04-09,First Class,Home Office,New York City,New York,East,Office Supplies,Labels,9.82,4,2
2018-04-09,First Class,Home Office,New York City,New York,East,Office Supplies,Art,35.97,4,2
2018-04-09,First Class,Home Office,New York City,New York,East,Office Supplies,Paper,12.96,4,2
2018-04-09,First Class,Home Office,New York City,New York,East,Office Supplies,Paper,191.6,4,2
2018-04-09,First Class,Home Office,New York City,New York,East,Office Supplies,Labels,8.64,4,2
2015-01-16,Second Class,Consumer,Philadelphia,Pennsylvania,East,Furniture,Furnishings,127.104,1,1
2015-01-16,Second Class,Consumer,Philadelphia,Pennsylvania,East,Technology,Phones,124.2,1,1
2015-01-16,Second Class,Consumer,Philadelphia,Pennsylvania,East,Office Supplies,Binders,18.588,1,1
2015-01-16,Second Class,Consumer,Philadelphia,Pennsylvania,East,Office Supplies,Labels,30.072,1,1
2018-10-05,Second Class,Home Office,New York City,New York,East,Technology,Phones,160.93,10,4
2018-10-05,Second Class,Home Office,New York City,New York,East,Office Supplies,Binders,75.792,10,4
2018-07-09,Standard Class,Consumer,Portland,Oregon,West,Office Supplies,Binders,1.08,7,3
2017-05-30,First Class,Consumer,Wilmington,North Carolina,South,Office Supplies,Binders,3.282,5,2
2016-12-09,First Class,Corporate,Columbus,Indiana,Central,Office Supplies,Paper,34.02,12,4
2015-11-11,Second Class,Consumer,Louisville,Colorado,West,Office Supplies,Art,3.392,11,4
2018-09-29,Standard Class,Home Office,Pasadena,Texas,Central,Office Supplies,Labels,7.968,9,3
2018-09-29,Standard Class,Home Office,Pasadena,Texas,Central,Office Supplies,Envelopes,27.968,9,3
2018-09-29,Standard Class,Home Office,Pasadena,Texas,Central,Technology,Machines,336.51,9,3
2016-03-10,Same Day,Consumer,Houston,Texas,Central,Office Supplies,Binders,1.112,3,1
2018-05-21,Standard Class,Corporate,Auburn,New York,East,Office Supplies,Art,17.97,5,2
2017-09-09,First Class,Consumer,New York City,New York,East,Office Supplies,Binders,14.624,9,3
2017-08-26,First Class,Consumer,San Jose,California,West,Office Supplies,Fasteners,10.23,8,3
2017-08-26,First Class,Consumer,San Jose,California,West,Office Supplies,Paper,154.9,8,3
2016-10-28,Standard Class,Consumer,Henderson,Kentucky,South,Office Supplies,Envelopes,10.67,10,4
2016-10-28,Standard Class,Consumer,Henderson,Kentucky,South,Office Supplies,Storage,36.63,10,4
2016-10-28,Standard Class,Consumer,Henderson,Kentucky,South,Furniture,Furnishings,24.1,10,4
2016-10-28,Standard Class,Consumer,Henderson,Kentucky,South,Furniture,Furnishings,33.11,10,4
2017-11-13,Standard Class,Home Office,Vancouver,Washington,West,Office Supplies,Art,44.02,11,4
2016-07-31,Same Day,Consumer,New York City,New York,East,Office Supplies,Paper,19.44,7,3
2016-08-27,Standard Class,Consumer,Murrieta,California,West,Office Supplies,Storage,484.65,8,3
2016-11-13,Standard Class,Consumer,Jacksonville,North Carolina,South,Office Supplies,Paper,115.296,11,4
2016-11-06,First Class,Consumer,Scottsdale,Arizona,West,Office Supplies,Envelopes,7.08,11,4
2016-11-06,First Class,Consumer,Scottsdale,Arizona,West,Office Supplies,Binders,4.401,11,4
2018-12-26,Standard Class,Consumer,Burlington,Iowa,Central,Office Supplies,Paper,44.75,12,4
2018-08-01,First Class,Consumer,Chicago,Illinois,Central,Technology,Phones,95.984,8,3
2015-11-24,First Class,Consumer,San Diego,California,West,Furniture,Furnishings,151.72,11,4
2018-06-17,Second Class,Consumer,Olympia,Washington,West,Furniture,Furnishings,155.25,6,2
2018-06-17,Second Class,Consumer,Olympia,Washington,West,Office Supplies,Storage,14.03,6,2
2016-12-21,Second Class,Consumer,Seattle,Washington,West,Technology,Accessories,99.6,12,4
2016-09-17,Second Class,Home Office,Los Angeles,California,West,Office Supplies,Paper,32.4,9,3
2016-07-06,Standard Class,Corporate,New York City,New York,East,Furniture,Furnishings,13.96,7,3
2016-07-06,Standard Class,Corporate,New York City,New York,East,Furniture,Furnishings,155.82,7,3
2016-07-06,Standard Class,Corporate,New York City,New York,East,Technology,Phones,124.95,7,3
2016-04-27,Standard Class,Consumer,Washington,District of Columbia,East,Office Supplies,Art,22.74,4,2
2016-06-16,Standard Class,Consumer,Philadelphia,Pennsylvania,East,Office Supplies,Envelopes,6.208,6,2
2018-12-17,First Class,Home Office,Los Angeles,California,West,Office Supplies,Binders,11.808,12,4
2017-01-11,Second Class,Home Office,Springfield,Ohio,East,Office Supplies,Paper,15.552,1,1
2017-01-11,Second Class,Home Office,Springfield,Ohio,East,Office Supplies,Paper,63.312,1,1
2017-01-11,Second Class,Home Office,Springfield,Ohio,East,Technology,Phones,15.588,1,1
2015-07-11,Standard Class,Corporate,Hackensack,New Jersey,East,Office Supplies,Paper,177.2,7,3
2015-07-11,Standard Class,Corporate,Hackensack,New Jersey,East,Technology,Phones,197.97,7,3
2015-07-11,Standard Class,Corporate,Hackensack,New Jersey,East,Furniture,Furnishings,124.11,7,3
2015-07-11,Standard Class,Corporate,Hackensack,New Jersey,East,Office Supplies,Labels,14.4,7,3
2017-11-20,First Class,Consumer,Cincinnati,Ohio,East,Office Supplies,Paper,15.696,11,4
2017-11-20,First Class,Consumer,Cincinnati,Ohio,East,Office Supplies,Binders,2.628,11,4
2017-11-20,First Class,Consumer,Cincinnati,Ohio,East,Office Supplies,Binders,14.427,11,4
2017-04-22,Standard Class,Home Office,Jefferson City,Missouri,Central,Furniture,Furnishings,86.62,4,2
2016-06-13,First Class,Consumer,Los Angeles,California,West,Office Supplies,Binders,36.624,6,2
2018-11-20,First Class,Consumer,Burlington,North Carolina,South,Office Supplies,Art,23.968,11,4
2018-11-20,First Class,Consumer,Burlington,North Carolina,South,Office Supplies,Art,28.728,11,4
2017-09-06,Second Class,Consumer,New York City,New York,East,Technology,Accessories,31.86,9,3
2018-07-09,First Class,Corporate,Chicago,Illinois,Central,Office Supplies,Art,8.84,7,3
2018-07-09,First Class,Corporate,Chicago,Illinois,Central,Office Supplies,Appliances,58.464,7,3
2018-10-12,Standard Class,Home Office,Rockford,Illinois,Central,Furniture,Chairs,254.604,10,4
2017-03-08,Standard Class,Consumer,Miami,Florida,South,Furniture,Furnishings,102.36,3,1
2015-05-27,Second Class,Consumer,San Francisco,California,West,Technology,Accessories,99.99,5,2
2016-07-03,First Class,Corporate,Philadelphia,Pennsylvania,East,Furniture,Furnishings,168.464,7,3
2016-07-03,First Class,Corporate,Philadelphia,Pennsylvania,East,Office Supplies,Paper,6.72,7,3
2016-07-03,First Class,Corporate,Philadelphia,Pennsylvania,East,Furniture,Furnishings,282.888,7,3
2016-04-04,Standard Class,Home Office,New York City,New York,East,Office Supplies,Art,11.16,4,2
2016-04-04,Standard Class,Home Office,New York City,New York,East,Furniture,Furnishings,108.4,4,2
2016-04-04,Standard Class,Home Office,New York City,New York,East,Office Supplies,Binders,82.344,4,2
2016-04-04,Standard Class,Home Office,New York City,New York,East,Office Supplies,Binders,9.088,4,2
2018-12-10,Standard Class,Corporate,San Diego,California,West,Office Supplies,Binders,19.936,12,4
2018-12-10,Standard Class,Corporate,San Diego,California,West,Office Supplies,Binders,65.568,12,4
2017-11-24,Standard Class,Home Office,Philadelphia,Pennsylvania,East,Office Supplies,Fasteners,4.416,11,4
2016-03-23,Standard Class,Consumer,Houston,Texas,Central,Furniture,Chairs,107.772,3,1
2016-04-16,Standard Class,Corporate,Toledo,Ohio,East,Office Supplies,Appliances,45.216,4,2
2016-04-16,Standard Class,Corporate,Toledo,Ohio,East,Office Supplies,Fasteners,10.416,4,2
2016-04-16,Standard Class,Corporate,Toledo,Ohio,East,Office Supplies,Art,7.872,4,2
2016-04-16,Standard Class,Corporate,Toledo,Ohio,East,Technology,Phones,118.782,4,2
2016-04-16,Standard Class,Corporate,Toledo,Ohio,East,Office Supplies,Fasteners,1.448,4,2
2016-04-16,Standard Class,Corporate,Toledo,Ohio,East,Office Supplies,Binders,55.47,4,2
2017-10-01,First Class,Consumer,San Francisco,California,West,Furniture,Chairs,194.848,10,4
2018-09-28,Second Class,Consumer,Brownsville,Texas,Central,Office Supplies,Supplies,1.744,9,3
2016-07-25,Standard Class,Home Office,Philadelphia,Pennsylvania,East,Office Supplies,Binders,25.176,7,3
2016-11-20,Standard Class,Home Office,Los Angeles,California,West,Office Supplies,Art,19.46,11,4
2017-04-28,Standard Class,Home Office,Denver,Colorado,West,Office Supplies,Paper,29.472,4,2
2018-11-14,Standard Class,Consumer,New York City,New York,East,Office Supplies,Binders,8.64,11,4
2017-11-12,Standard Class,Consumer,Mesa,Arizona,West,Office Supplies,Binders,6.27,11,4
2017-11-12,Standard Class,Consumer,Mesa,Arizona,West,Office Supplies,Binders,4.368,11,4
2017-11-12,Standard Class,Consumer,Mesa,Arizona,West,Technology,Accessories,31.984,11,4
2017-09-29,First Class,Home Office,Columbus,Indiana,Central,Office Supplies,Art,40.88,9,3
2018-09-23,Second Class,Consumer,Seattle,Washington,West,Office Supplies,Appliances,119.96,9,3
2018-09-23,Second Class,Consumer,Seattle,Washington,West,Office Supplies,Storage,31.44,9,3
2018-09-23,Second Class,Consumer,Seattle,Washington,West,Office Supplies,Binders,6.88,9,3
2016-11-29,Standard Class,Corporate,Detroit,Michigan,Central,Office Supplies,Paper,19.92,11,4
2017-03-01,Standard Class,Consumer,Yonkers,New York,East,Office Supplies,Paper,26.38,3,1
2017-03-01,Standard Class,Consumer,Yonkers,New York,East,Office Supplies,Storage,362.92,3,1
2017-08-12,Same Day,Consumer,Des Moines,Iowa,Central,Office Supplies,Paper,6.48,8,3
2017-08-15,Second Class,Corporate,Oakland,California,West,Technology,Phones,71.976,8,3
2017-08-15,Second Class,Corporate,Oakland,California,West,Office Supplies,Labels,3.15,8,3
2018-06-04,Standard Class,Corporate,Monroe,North Carolina,South,Furniture,Furnishings,31.984,6,2
2018-06-04,Standard Class,Corporate,Monroe,North Carolina,South,Technology,Phones,71.984,6,2
2016-12-06,Standard Class,Consumer,San Diego,California,West,Office Supplies,Art,120.15,12,4
2016-12-06,Standard Class,Consumer,San Diego,California,West,Technology,Phones,219.184,12,4
2016-12-27,Standard Class,Home Office,Clinton,Maryland,East,Office Supplies,Paper,28.9,12,4
2016-12-27,Standard Class,Home Office,Clinton,Maryland,East,Office Supplies,Appliances,355.96,12,4
2018-01-21,Standard Class,Home Office,Charlotte,North Carolina,South,Office Supplies,Storage,348.208,1,1
2018-01-21,Standard Class,Home Office,Charlotte,North Carolina,South,Office Supplies,Binders,35.784,1,1
2015-06-25,First Class,Corporate,Los Angeles,California,West,Furniture,Tables,447.84,6,2
2017-06-14,First Class,Home Office,San Francisco,California,West,Office Supplies,Art,7.04,6,2
2017-06-14,First Class,Home Office,San Francisco,California,West,Furniture,Furnishings,8.73,6,2
2017-06-14,First Class,Home Office,San Francisco,California,West,Technology,Accessories,29.29,6,2
2017-06-14,First Class,Home Office,San Francisco,California,West,Office Supplies,Art,8.64,6,2
2018-04-21,Standard Class,Consumer,Houston,Texas,Central,Office Supplies,Binders,2.694,4,2
2018-04-21,Standard Class,Consumer,Houston,Texas,Central,Office Supplies,Binders,2.934,4,2
2017-10-21,Standard Class,Consumer,Riverside,California,West,Office Supplies,Paper,22.92,10,4
2017-11-19,Standard Class,Consumer,Houston,Texas,Central,Office Supplies,Storage,100.704,11,4
2017-11-19,Standard Class,Consumer,Houston,Texas,Central,Furniture,Furnishings,2.328,11,4
2017-11-19,Standard Class,Consumer,Houston,Texas,Central,Office Supplies,Binders,10.78,11,4
2017-11-19,Standard Class,Consumer,Houston,Texas,Central,Office Supplies,Fasteners,58.368,11,4
2017-11-19,Standard Class,Consumer,Houston,Texas,Central,Office Supplies,Envelopes,40.968,11,4
2017-11-19,Standard Class,Consumer,Houston,Texas,Central,Technology,Phones,71.96,11,4
2017-11-19,Standard Class,Consumer,Houston,Texas,Central,Office Supplies,Paper,10.368,11,4
2017-11-19,Standard Class,Consumer,Houston,Texas,Central,Office Supplies,Binders,1.192,11,4
2018-12-18,Second Class,Consumer,Encinitas,California,West,Office Supplies,Binders,46.672,12,4
2018-12-18,Second Class,Consumer,Encinitas,California,West,Furniture,Bookcases,119.833,12,4
2018-12-18,Second Class,Consumer,Encinitas,California,West,Technology,Accessories,119.98,12,4
2017-07-22,Second Class,Corporate,San Francisco,California,West,Office Supplies,Labels,6.3,7,3
2016-09-04,Standard Class,Consumer,Roswell,Georgia,South,Office Supplies,Paper,279.9,9,3
2016-09-04,Standard Class,Consumer,Roswell,Georgia,South,Office Supplies,Paper,4.36,9,3
2016-09-04,Standard Class,Consumer,Roswell,Georgia,South,Office Supplies,Envelopes,15.28,9,3
2015-01-20,Standard Class,Consumer,Jonesboro,Arkansas,South,Office Supplies,Art,22.96,1,1
2015-01-20,Standard Class,Consumer,Jonesboro,Arkansas,South,Furniture,Furnishings,38.6,1,1
2015-01-20,Standard Class,Consumer,Jonesboro,Arkansas,South,Office Supplies,Art,6.63,1,1
2015-01-20,Standard Class,Consumer,Jonesboro,Arkansas,South,Office Supplies,Envelopes,23.34,1,1
2016-03-02,Standard Class,Home Office,Richmond,Indiana,Central,Office Supplies,Art,10.16,3,1
2016-03-02,Standard Class,Home Office,Richmond,Indiana,Central,Office Supplies,Envelopes,101.88,3,1
2017-04-12,Standard Class,Consumer,Springfield,Virginia,South,Furniture,Tables,343.92,4,2
2017-04-12,Standard Class,Consumer,Springfield,Virginia,South,Office Supplies,Paper,40.99,4,2
2017-04-12,Standard Class,Consumer,Springfield,Virginia,South,Office Supplies,Envelopes,63.9,4,2
2017-12-06,First Class,Corporate,Antioch,California,West,Office Supplies,Paper,19.44,12,4
2017-06-05,Standard Class,Home Office,Philadelphia,Pennsylvania,East,Office Supplies,Storage,124.608,6,2
2017-06-05,Standard Class,Home Office,Philadelphia,Pennsylvania,East,Office Supplies,Labels,7.56,6,2
2017-12-11,Same Day,Consumer,Homestead,Florida,South,Office Supplies,Storage,85.224,12,4
2017-11-12,Second Class,Corporate,La Porte,Indiana,Central,Office Supplies,Envelopes,287.52,11,4
2017-11-12,Second Class,Corporate,La Porte,Indiana,Central,Office Supplies,Appliances,37.68,11,4
2017-11-12,Second Class,Corporate,La Porte,Indiana,Central,Office Supplies,Paper,19.98,11,4
2017-11-12,Second Class,Corporate,La Porte,Indiana,Central,Office Supplies,Art,20.58,11,4
2017-11-12,Second Class,Corporate,La Porte,Indiana,Central,Office Supplies,Binders,17.38,11,4
2015-09-29,Standard Class,Consumer,Los Angeles,California,West,Furniture,Furnishings,204.6,9,3
2015-09-29,Standard Class,Consumer,Los Angeles,California,West,Office Supplies,Fasteners,8.72,9,3
2015-09-29,Standard Class,Consumer,Los Angeles,California,West,Office Supplies,Paper,6.48,9,3
2015-09-29,Standard Class,Consumer,Los Angeles,California,West,Office Supplies,Storage,62.18,9,3
2016-04-04,Same Day,Consumer,Lansing,Michigan,Central,Office Supplies,Fasteners,5.84,4,2
2016-04-04,Same Day,Consumer,Lansing,Michigan,Central,Office Supplies,Binders,12.76,4,2
2016-04-04,Same Day,Consumer,Lansing,Michigan,Central,Technology,Phones,10.95,4,2
2016-05-08,Standard Class,Corporate,Cuyahoga Falls,Ohio,East,Furniture,Furnishings,8.352,5,2
2017-12-31,Standard Class,Corporate,Reno,Nevada,West,Office Supplies,Art,3.64,12,4
2017-12-31,Standard Class,Corporate,Reno,Nevada,West,Office Supplies,Binders,159.768,12,4
2015-12-20,First Class,Home Office,Harrisonburg,Virginia,South,Office Supplies,Storage,122.48,12,4
2015-12-20,First Class,Home Office,Harrisonburg,Virginia,South,Office Supplies,Binders,62.31,12,4
2015-12-20,First Class,Home Office,Harrisonburg,Virginia,South,Furniture,Tables,455.1,12,4
2017-07-02,Second Class,Corporate,Los Angeles,California,West,Furniture,Chairs,195.184,7,3
2018-06-29,Standard Class,Consumer,Minneapolis,Minnesota,Central,Office Supplies,Appliances,362.94,6,2
2018-06-29,Standard Class,Consumer,Minneapolis,Minnesota,Central,Office Supplies,Binders,11.54,6,2
2015-09-01,Second Class,Consumer,Escondido,California,West,Office Supplies,Art,53.94,9,3
2015-03-03,Standard Class,Home Office,New York City,New York,East,Technology,Phones,9.99,3,1
2015-03-03,Standard Class,Home Office,New York City,New York,East,Office Supplies,Binders,125.76,3,1
2015-03-03,Standard Class,Home Office,New York City,New York,East,Office Supplies,Binders,25.32,3,1
2015-05-04,Standard Class,Consumer,Jackson,Michigan,Central,Office Supplies,Binders,46.8,5,2
2016-11-02,Same Day,Consumer,Seattle,Washington,West,Technology,Accessories,447.93,11,4
2018-12-08,Second Class,Consumer,New York City,New York,East,Furniture,Furnishings,109.48,12,4
2018-12-08,Second Class,Consumer,New York City,New York,East,Office Supplies,Storage,272.94,12,4
2018-12-08,Second Class,Consumer,New York City,New York,East,Office Supplies,Paper,19.44,12,4
2018-12-08,Second Class,Consumer,New York City,New York,East,Office Supplies,Storage,31.92,12,4
2015-03-10,Standard Class,Consumer,Royal Oak,Michigan,Central,Office Supplies,Paper,22.38,3,1
2015-04-21,Standard Class,Consumer,Los Angeles,California,West,Office Supplies,Binders,16.52,4,2
2016-10-22,Standard Class,Consumer,Bloomington,Illinois,Central,Office Supplies,Binders,5.176,10,4
2016-08-22,First Class,Corporate,New York City,New York,East,Office Supplies,Binders,50.112,8,3
2017-08-29,Standard Class,Home Office,Concord,New Hampshire,East,Office Supplies,Supplies,27.93,8,3
2015-12-27,Second Class,Home Office,Los Angeles,California,West,Office Supplies,Labels,11.56,12,4
2017-12-01,Standard Class,Consumer,Rockville,Maryland,East,Furniture,Chairs,172.5,12,4
2017-12-01,Standard Class,Consumer,Rockville,Maryland,East,Technology,Phones,179.97,12,4
2017-04-24,Second Class,Home Office,Houston,Texas,Central,Technology,Accessories,258.696,4,2
2015-06-21,Standard Class,Consumer,Lakewood,New Jersey,East,Office Supplies,Art,3.76,6,2
2018-01-14,First Class,Consumer,Jacksonville,North Carolina,South,Office Supplies,Envelopes,21.744,1,1
2018-01-14,First Class,Consumer,Jacksonville,North Carolina,South,Technology,Phones,7.92,1,1
2015-11-24,Standard Class,Corporate,Seattle,Washington,West,Office Supplies,Binders,12.096,11,4
2015-11-24,Standard Class,Corporate,Seattle,Washington,West,Office Supplies,Storage,485.88,11,4
2015-11-24,Standard Class,Corporate,Seattle,Washington,West,Office Supplies,Paper,25.92,11,4
2015-11-24,Standard Class,Corporate,Seattle,Washington,West,Office Supplies,Storage,197.58,11,4
2018-02-26,Second Class,Home Office,Los Angeles,California,West,Office Supplies,Appliances,81.92,2,1
2018-02-26,Second Class,Home Office,Los Angeles,California,West,Office Supplies,Paper,223.92,2,1
2018-02-26,Second Class,Home Office,Los Angeles,California,West,Office Supplies,Paper,23.12,2,1
2016-09-15,Same Day,Corporate,Coral Springs,Florida,South,Office Supplies,Paper,15.552,9,3
2016-09-15,Same Day,Corporate,Coral Springs,Florida,South,Furniture,Furnishings,15.712,9,3
2016-09-15,Same Day,Corporate,Coral Springs,Florida,South,Office Supplies,Storage,24.672,9,3
2016-09-15,Same Day,Corporate,Coral Springs,Florida,South,Furniture,Furnishings,55.968,9,3
2017-04-08,Standard Class,Consumer,Houston,Texas,Central,Technology,Accessories,431.928,4,2
2017-04-08,Standard Class,Consumer,Houston,Texas,Central,Furniture,Chairs,95.984,4,2
2017-07-18,Standard Class,Corporate,Denver,Colorado,West,Office Supplies,Binders,1.872,7,3
2017-07-18,Standard Class,Corporate,Denver,Colorado,West,Office Supplies,Storage,338.04,7,3
2018-08-01,First Class,Consumer,Charlotte,North Carolina,South,Technology,Phones,271.96,8,3
2017-07-14,Second Class,Corporate,New York City,New York,East,Office Supplies,Storage,11.21,7,3
2017-07-14,Second Class,Corporate,New York City,New York,East,Office Supplies,Binders,9.144,7,3
2017-07-14,Second Class,Corporate,New York City,New York,East,Office Supplies,Fasteners,14.07,7,3
2017-07-14,Second Class,Corporate,New York City,New York,East,Office Supplies,Art,41.86,7,3
2017-07-14,Second Class,Corporate,New York City,New York,East,Office Supplies,Binders,8.544,7,3
2018-09-09,Standard Class,Corporate,Philadelphia,Pennsylvania,East,Furniture,Chairs,141.372,9,3
2018-09-09,Standard Class,Corporate,Philadelphia,Pennsylvania,East,Office Supplies,Binders,3.036,9,3
2018-09-09,Standard Class,Corporate,Philadelphia,Pennsylvania,East,Office Supplies,Binders,4.503,9,3
2018-09-09,Standard Class,Corporate,Philadelphia,Pennsylvania,East,Office Supplies,Art,4.672,9,3
2018-09-09,Standard Class,Corporate,Philadelphia,Pennsylvania,East,Technology,Accessories,95.88,9,3
2018-09-09,Standard Class,Corporate,Philadelphia,Pennsylvania,East,Furniture,Furnishings,17.024,9,3
2018-09-09,Standard Class,Corporate,Philadelphia,Pennsylvania,East,Technology,Accessories,258.696,9,3
2015-07-12,Standard Class,Home Office,Los Angeles,California,West,Office Supplies,Storage,249.75,7,3
2015-07-12,Standard Class,Home Office,Los Angeles,California,West,Technology,Phones,255.936,7,3
2017-12-04,First Class,Consumer,New York City,New York,East,Furniture,Furnishings,113.79,12,4
2017-12-04,First Class,Consumer,New York City,New York,East,Technology,Accessories,78.15,12,4
2017-12-04,First Class,Consumer,New York City,New York,East,Office Supplies,Binders,1.728,12,4
2017-12-04,First Class,Consumer,New York City,New York,East,Office Supplies,Paper,40.56,12,4
2017-12-04,First Class,Consumer,New York City,New York,East,Office Supplies,Storage,182.94,12,4
2017-12-04,First Class,Consumer,New York City,New York,East,Office Supplies,Storage,193.86,12,4
2018-11-06,Standard Class,Consumer,Los Angeles,California,West,Office Supplies,Envelopes,15.28,11,4
2018-11-06,Standard Class,Consumer,Los Angeles,California,West,Furniture,Furnishings,8.73,11,4
2018-11-06,Standard Class,Consumer,Los Angeles,California,West,Office Supplies,Art,5.68,11,4
2016-10-31,Second Class,Consumer,Buffalo,New York,East,Office Supplies,Art,2.78,10,4
2016-10-31,Second Class,Consumer,Buffalo,New York,East,Office Supplies,Envelopes,79.96,10,4
2017-10-28,Same Day,Consumer,Boynton Beach,Florida,South,Furniture,Furnishings,47.952,10,4
2017-10-28,Same Day,Consumer,Boynton Beach,Florida,South,Office Supplies,Binders,37.425,10,4
2017-10-28,Same Day,Consumer,Boynton Beach,Florida,South,Furniture,Furnishings,63.968,10,4
2017-10-28,Same Day,Consumer,Boynton Beach,Florida,South,Furniture,Furnishings,165.048,10,4
2015-08-11,Standard Class,Consumer,Seattle,Washington,West,Furniture,Furnishings,12.35,8,3
2015-08-11,Standard Class,Consumer,Seattle,Washington,West,Office Supplies,Art,40.97,8,3
2015-08-11,Standard Class,Consumer,Seattle,Washington,West,Office Supplies,Fasteners,22.96,8,3
2017-08-29,Standard Class,Home Office,New York City,New York,East,Technology,Phones,22.0,8,3
2017-02-15,Standard Class,Consumer,New York City,New York,East,Office Supplies,Binders,398.352,2,1
2017-02-15,Standard Class,Consumer,New York City,New York,East,Office Supplies,Fasteners,8.72,2,1
2018-05-14,Standard Class,Consumer,Gulfport,Mississippi,South,Office Supplies,Envelopes,48.69,5,2
2015-12-12,Second Class,Consumer,Fresno,California,West,Furniture,Bookcases,254.9745,12,4
2018-12-18,Standard Class,Consumer,New York City,New York,East,Office Supplies,Art,38.82,12,4
2018-12-18,Standard Class,Consumer,New York City,New York,East,Office Supplies,Art,3.2,12,4
2018-03-10,Standard Class,Home Office,Chester,Pennsylvania,East,Office Supplies,Art,5.248,3,1
2018-03-10,Standard Class,Home Office,Chester,Pennsylvania,East,Technology,Phones,35.91,3,1
2018-03-10,Standard Class,Home Office,Chester,Pennsylvania,East,Furniture,Furnishings,6.696,3,1
2018-03-10,Standard Class,Home Office,Chester,Pennsylvania,East,Furniture,Furnishings,43.872,3,1
2017-12-24,Second Class,Home Office,Charlotte,North Carolina,South,Office Supplies,Binders,27.882,12,4
2017-12-24,Second Class,Home Office,Charlotte,North Carolina,South,Technology,Accessories,255.68,12,4
2017-10-28,Standard Class,Corporate,Greenville,North Carolina,South,Office Supplies,Binders,17.616,10,4
2018-07-07,Second Class,Consumer,Long Beach,New York,East,Office Supplies,Binders,17.472,7,3
2017-10-01,First Class,Consumer,La Porte,Indiana,Central,Technology,Phones,69.9,10,4
2017-10-01,First Class,Consumer,La Porte,Indiana,Central,Furniture,Furnishings,41.85,10,4
2018-09-02,Standard Class,Consumer,San Francisco,California,West,Office Supplies,Art,6.57,9,3
2015-12-24,Standard Class,Corporate,Los Angeles,California,West,Office Supplies,Storage,142.86,12,4
2015-12-24,Standard Class,Corporate,Los Angeles,California,West,Furniture,Chairs,292.272,12,4
2018-09-23,Standard Class,Corporate,Louisville,Colorado,West,Furniture,Furnishings,29.328,9,3
2018-06-04,Standard Class,Consumer,Florence,Alabama,South,Office Supplies,Paper,12.48,6,2
2017-04-21,Standard Class,Corporate,Chicago,Illinois,Central,Office Supplies,Storage,102.336,4,2
2017-04-21,Standard Class,Corporate,Chicago,Illinois,Central,Office Supplies,Appliances,48.792,4,2
2017-04-21,Standard Class,Corporate,Chicago,Illinois,Central,Office Supplies,Binders,44.848,4,2
2017-05-26,Same Day,Consumer,Fort Worth,Texas,Central,Office Supplies,Paper,10.368,5,2
2017-05-26,Same Day,Consumer,Fort Worth,Texas,Central,Furniture,Chairs,388.43,5,2
2017-05-26,Same Day,Consumer,Fort Worth,Texas,Central,Office Supplies,Paper,14.352,5,2
2017-05-26,Same Day,Consumer,Fort Worth,Texas,Central,Technology,Accessories,63.992,5,2
2017-05-02,Standard Class,Consumer,Houston,Texas,Central,Office Supplies,Art,86.352,5,2
2015-09-08,First Class,Corporate,Macon,Georgia,South,Technology,Accessories,32.97,9,3
2015-09-08,First Class,Corporate,Macon,Georgia,South,Technology,Accessories,83.88,9,3
2017-09-05,First Class,Consumer,Cedar Rapids,Iowa,Central,Technology,Phones,278.4,9,3
2018-04-09,First Class,Consumer,Jacksonville,Florida,South,Office Supplies,Labels,15.12,4,2
2018-04-09,First Class,Consumer,Jacksonville,Florida,South,Office Supplies,Binders,17.43,4,2
2018-04-09,First Class,Consumer,Jacksonville,Florida,South,Office Supplies,Paper,251.64,4,2
2016-12-06,Standard Class,Consumer,Austin,Texas,Central,Office Supplies,Binders,2.772,12,4
2017-06-26,Standard Class,Consumer,Providence,Rhode Island,East,Office Supplies,Storage,14.9,6,2
2016-07-04,Standard Class,Home Office,New York City,New York,East,Office Supplies,Art,15.48,7,3
2017-11-22,Standard Class,Corporate,New York City,New York,East,Furniture,Furnishings,39.88,11,4
2017-11-22,Standard Class,Corporate,New York City,New York,East,Office Supplies,Binders,12.192,11,4
2017-11-22,Standard Class,Corporate,New York City,New York,East,Office Supplies,Art,20.82,11,4
2017-11-10,First Class,Home Office,San Francisco,California,West,Office Supplies,Binders,13.216,11,4
2017-11-10,First Class,Home Office,San Francisco,California,West,Office Supplies,Paper,32.4,11,4
2016-08-27,Standard Class,Consumer,San Diego,California,West,Office Supplies,Supplies,32.94,8,3
2016-08-27,Standard Class,Consumer,San Diego,California,West,Office Supplies,Paper,114.2,8,3
2016-08-27,Standard Class,Consumer,San Diego,California,West,Office Supplies,Labels,3.08,8,3
2018-12-30,Standard Class,Corporate,Fairfield,California,West,Office Supplies,Binders,13.904,12,4
2018-12-30,Standard Class,Corporate,Fairfield,California,West,Office Supplies,Binders,20.72,12,4
2017-12-08,Second Class,Corporate,Saint Paul,Minnesota,Central,Technology,Phones,114.95,12,4
2016-10-04,First Class,Consumer,San Francisco,California,West,Office Supplies,Storage,26.96,10,4
2017-12-23,Second Class,Consumer,Springfield,Virginia,South,Furniture,Furnishings,286.38,12,4
2016-09-19,Second Class,Home Office,Arlington,Virginia,South,Furniture,Bookcases,61.96,9,3
2018-07-03,Standard Class,Consumer,Columbus,Georgia,South,Furniture,Furnishings,23.99,7,3
2018-07-03,Standard Class,Consumer,Columbus,Georgia,South,Technology,Phones,287.97,7,3
2017-07-14,Second Class,Consumer,Houston,Texas,Central,Technology,Phones,419.944,7,3
2017-06-20,First Class,Consumer,Pasadena,California,West,Office Supplies,Paper,46.76,6,2
2017-06-20,First Class,Consumer,Pasadena,California,West,Office Supplies,Binders,17.712,6,2
2017-06-20,First Class,Consumer,Pasadena,California,West,Office Supplies,Appliances,21.78,6,2
2017-06-20,First Class,Consumer,Pasadena,California,West,Office Supplies,Storage,161.94,6,2
2017-06-20,First Class,Consumer,Pasadena,California,West,Furniture,Chairs,161.568,6,2
2017-12-09,Standard Class,Consumer,Lawrence,Massachusetts,East,Office Supplies,Labels,3.69,12,4
2017-12-09,Standard Class,Consumer,Lawrence,Massachusetts,East,Office Supplies,Labels,122.12,12,4
2017-09-24,Standard Class,Consumer,Columbus,Ohio,East,Furniture,Chairs,155.372,9,3
2017-12-18,Standard Class,Corporate,Los Angeles,California,West,Office Supplies,Paper,38.88,12,4
2017-12-18,Standard Class,Corporate,Los Angeles,California,West,Furniture,Furnishings,183.84,12,4
2018-12-10,Standard Class,Consumer,Philadelphia,Pennsylvania,East,Technology,Accessories,14.2,12,4
2015-07-01,Standard Class,Corporate,Deltona,Florida,South,Office Supplies,Binders,5.184,7,3
2018-02-03,Standard Class,Consumer,Cincinnati,Ohio,East,Office Supplies,Binders,5.229,2,1
2018-02-03,Standard Class,Consumer,Cincinnati,Ohio,East,Office Supplies,Storage,285.552,2,1
2018-03-03,Standard Class,Consumer,Murray,Kentucky,South,Office Supplies,Appliances,72.8,3,1
2018-10-09,First Class,Consumer,Wilmington,North Carolina,South,Office Supplies,Paper,10.816,10,4
2015-09-28,Standard Class,Corporate,Lawrence,Massachusetts,East,Office Supplies,Storage,46.26,9,3
2015-05-27,First Class,Consumer,Chicago,Illinois,Central,Office Supplies,Binders,17.46,5,2
2016-06-14,Standard Class,Home Office,Philadelphia,Pennsylvania,East,Furniture,Furnishings,51.072,6,2
2017-03-30,First Class,Corporate,Norwich,Connecticut,East,Office Supplies,Paper,11.34,3,1
2018-10-15,Second Class,Home Office,San Francisco,California,West,Office Supplies,Art,87.92,10,4
2017-05-23,Standard Class,Consumer,San Francisco,California,West,Furniture,Furnishings,37.05,5,2
2018-06-02,Standard Class,Home Office,Lorain,Ohio,East,Technology,Phones,2.97,6,2
2018-06-02,Standard Class,Home Office,Lorain,Ohio,East,Office Supplies,Storage,27.44,6,2
2015-02-16,Standard Class,Consumer,Dallas,Texas,Central,Office Supplies,Binders,1.08,2,1
2015-02-16,Standard Class,Consumer,Dallas,Texas,Central,Office Supplies,Appliances,7.96,2,1
2015-05-06,Standard Class,Home Office,Los Angeles,California,West,Office Supplies,Binders,140.736,5,2
2018-04-02,Standard Class,Consumer,Los Angeles,California,West,Furniture,Furnishings,25.11,4,2
2018-03-31,Second Class,Consumer,New York City,New York,East,Furniture,Furnishings,29.78,3,1
2018-03-31,Second Class,Consumer,New York City,New York,East,Office Supplies,Paper,75.04,3,1
2018-01-02,First Class,Corporate,Jacksonville,North Carolina,South,Office Supplies,Binders,15.66,1,1
2018-01-02,First Class,Corporate,Jacksonville,North Carolina,South,Office Supplies,Binders,28.854,1,1
2016-05-28,Standard Class,Consumer,Freeport,New York,East,Office Supplies,Art,47.82,5,2
2016-05-28,Standard Class,Consumer,Freeport,New York,East,Office Supplies,Labels,13.05,5,2
2015-03-17,Standard Class,Consumer,Lakeville,Minnesota,Central,Office Supplies,Appliances,93.78,3,1
2015-03-17,Standard Class,Consumer,Lakeville,Minnesota,Central,Office Supplies,Paper,47.18,3,1
2015-03-17,Standard Class,Consumer,Lakeville,Minnesota,Central,Office Supplies,Art,19.68,3,1
2015-03-17,Standard Class,Consumer,Lakeville,Minnesota,Central,Office Supplies,Binders,53.4,3,1
2015-03-17,Standard Class,Consumer,Lakeville,Minnesota,Central,Office Supplies,Binders,35.88,3,1
2015-10-03,Second Class,Consumer,Evanston,Illinois,Central,Furniture,Chairs,258.279,10,4
2017-03-28,First Class,Corporate,Arlington,Virginia,South,Office Supplies,Storage,31.4,3,1
2018-05-04,Standard Class,Corporate,San Francisco,California,West,Technology,Phones,183.96,5,2
2018-05-04,Standard Class,Corporate,San Francisco,California,West,Office Supplies,Paper,17.61,5,2
2018-05-04,Standard Class,Corporate,San Francisco,California,West,Furniture,Tables,300.904,5,2
2015-07-05,Same Day,Consumer,Houston,Texas,Central,Office Supplies,Storage,220.776,7,3
2015-07-05,Same Day,Consumer,Houston,Texas,Central,Office Supplies,Storage,281.424,7,3
2017-05-05,First Class,Consumer,Louisville,Kentucky,South,Office Supplies,Paper,79.14,5,2
2018-04-26,First Class,Consumer,Fort Worth,Texas,Central,Furniture,Furnishings,1.988,4,2
2015-09-26,Second Class,Consumer,Los Angeles,California,West,Furniture,Chairs,145.568,9,3
2018-10-19,Standard Class,Corporate,Philadelphia,Pennsylvania,East,Office Supplies,Art,123.256,10,4
2018-10-19,Standard Class,Corporate,Philadelphia,Pennsylvania,East,Office Supplies,Paper,23.68,10,4
2018-10-19,Standard Class,Corporate,Philadelphia,Pennsylvania,East,Technology,Phones,309.576,10,4
2018-11-10,First Class,Corporate,Tucson,Arizona,West,Office Supplies,Binders,38.388,11,4
2018-11-10,First Class,Corporate,Tucson,Arizona,West,Technology,Machines,95.994,11,4
2018-11-10,First Class,Corporate,Tucson,Arizona,West,Technology,Accessories,239.952,11,4
2018-11-10,First Class,Corporate,Tucson,Arizona,West,Technology,Phones,201.584,11,4
2018-07-08,First Class,Home Office,Pico Rivera,California,West,Furniture,Furnishings,145.9,7,3
2016-12-24,Standard Class,Consumer,Colorado Springs,Colorado,West,Office Supplies,Art,14.04,12,4
2018-03-07,Standard Class,Home Office,Clinton,Maryland,East,Technology,Accessories,49.08,3,1
2015-04-01,Second Class,Consumer,Vallejo,California,West,Office Supplies,Labels,29.6,4,2
2015-04-01,Second Class,Consumer,Vallejo,California,West,Office Supplies,Binders,17.088,4,2
2015-08-04,Second Class,Consumer,Pleasant Grove,Utah,West,Office Supplies,Paper,447.84,8,3
2015-08-04,Second Class,Consumer,Pleasant Grove,Utah,West,Office Supplies,Art,16.4,8,3
2015-08-04,Second Class,Consumer,Pleasant Grove,Utah,West,Technology,Phones,399.96,8,3
2015-08-04,Second Class,Consumer,Pleasant Grove,Utah,West,Office Supplies,Storage,158.9,8,3
2015-08-04,Second Class,Consumer,Pleasant Grove,Utah,West,Office Supplies,Binders,13.184,8,3
2017-09-03,Standard Class,Home Office,Aurora,Illinois,Central,Furniture,Furnishings,83.952,9,3
2017-02-05,Same Day,Home Office,Smyrna,Georgia,South,Office Supplies,Storage,80.98,2,1
2017-02-05,Same Day,Home Office,Smyrna,Georgia,South,Office Supplies,Paper,348.84,2,1
2017-02-05,Same Day,Home Office,Smyrna,Georgia,South,Office Supplies,Fasteners,9.45,2,1
2017-02-05,Same Day,Home Office,Smyrna,Georgia,South,Furniture,Furnishings,18.84,2,1
2017-02-05,Same Day,Home Office,Smyrna,Georgia,South,Furniture,Bookcases,239.98,2,1
2017-02-05,Same Day,Home Office,Smyrna,Georgia,South,Office Supplies,Envelopes,167.96,2,1
2017-02-05,Same Day,Home Office,Smyrna,Georgia,South,Technology,Phones,104.85,2,1
2017-02-05,Same Day,Home Office,Smyrna,Georgia,South,Technology,Phones,484.83,2,1
2017-02-05,Same Day,Home Office,Smyrna,Georgia,South,Office Supplies,Paper,122.97,2,1
2017-02-05,Same Day,Home Office,Smyrna,Georgia,South,Office Supplies,Storage,154.44,2,1
2017-02-05,Same Day,Home Office,Smyrna,Georgia,South,Office Supplies,Paper,342.37,2,1
2018-07-03,First Class,Corporate,Burlington,North Carolina,South,Office Supplies,Art,9.552,7,3
2018-10-09,Standard Class,Corporate,Aurora,Illinois,Central,Furniture,Tables,66.645,10,4
2017-11-24,First Class,Consumer,New York City,New York,East,Office Supplies,Binders,17.216,11,4
2017-11-24,First Class,Consumer,New York City,New York,East,Office Supplies,Paper,11.56,11,4
2017-11-24,First Class,Consumer,New York City,New York,East,Technology,Accessories,88.4,11,4
2017-11-24,First Class,Consumer,New York City,New York,East,Office Supplies,Paper,6.48,11,4
2017-11-01,Standard Class,Home Office,Salem,Virginia,South,Technology,Phones,21.8,11,4
2017-11-01,Standard Class,Home Office,Salem,Virginia,South,Office Supplies,Envelopes,251.79,11,4
2017-04-19,Standard Class,Home Office,Columbus,Ohio,East,Furniture,Tables,205.176,4,2
2017-04-19,Standard Class,Home Office,Columbus,Ohio,East,Office Supplies,Paper,419.4,4,2
2015-04-06,First Class,Home Office,Philadelphia,Pennsylvania,East,Office Supplies,Supplies,10.304,4,2
2015-04-06,First Class,Home Office,Philadelphia,Pennsylvania,East,Furniture,Tables,154.764,4,2
2015-04-06,First Class,Home Office,Philadelphia,Pennsylvania,East,Technology,Accessories,116.784,4,2
2017-09-02,Standard Class,Consumer,New York City,New York,East,Office Supplies,Art,75.48,9,3
2017-09-02,Standard Class,Consumer,New York City,New York,East,Furniture,Furnishings,39.98,9,3
2017-09-25,Standard Class,Consumer,Phoenix,Arizona,West,Furniture,Tables,393.165,9,3
2018-11-04,Standard Class,Home Office,Grand Prairie,Texas,Central,Office Supplies,Labels,23.68,11,4
2017-07-09,Standard Class,Corporate,New York City,New York,East,Furniture,Chairs,408.006,7,3
2017-07-09,Standard Class,Corporate,New York City,New York,East,Furniture,Furnishings,165.28,7,3
2015-06-30,Standard Class,Consumer,New York City,New York,East,Office Supplies,Binders,334.768,6,2
2018-01-28,Second Class,Home Office,Costa Mesa,California,West,Technology,Accessories,239.97,1,1
2018-01-28,Second Class,Home Office,Costa Mesa,California,West,Furniture,Furnishings,37.74,1,1
2016-09-21,First Class,Corporate,Houston,Texas,Central,Technology,Accessories,151.2,9,3
2016-09-21,First Class,Corporate,Houston,Texas,Central,Furniture,Furnishings,4.928,9,3
2016-09-26,Standard Class,Corporate,Mesa,Arizona,West,Office Supplies,Paper,86.272,9,3
2016-09-26,Standard Class,Corporate,Mesa,Arizona,West,Office Supplies,Binders,72.588,9,3
2016-09-26,Standard Class,Corporate,Mesa,Arizona,West,Office Supplies,Appliances,60.672,9,3
2016-09-26,Standard Class,Corporate,Mesa,Arizona,West,Office Supplies,Binders,77.031,9,3
2016-09-26,Standard Class,Corporate,Mesa,Arizona,West,Office Supplies,Storage,119.904,9,3
2016-09-26,Standard Class,Corporate,Mesa,Arizona,West,Technology,Phones,263.96,9,3
2016-09-26,Standard Class,Corporate,Mesa,Arizona,West,Office Supplies,Storage,363.648,9,3
2016-10-31,Second Class,Corporate,Salinas,California,West,Office Supplies,Binders,9.728,10,4
2016-10-31,Second Class,Corporate,Salinas,California,West,Office Supplies,Envelopes,14.75,10,4
2016-10-31,Second Class,Corporate,Salinas,California,West,Office Supplies,Binders,29.8,10,4
2016-10-31,Second Class,Corporate,Salinas,California,West,Office Supplies,Labels,427.42,10,4
2018-11-26,Standard Class,Consumer,Columbus,Ohio,East,Technology,Phones,220.752,11,4
2015-12-19,Second Class,Consumer,Florence,Alabama,South,Office Supplies,Binders,152.76,12,4
2015-12-19,Second Class,Consumer,Florence,Alabama,South,Office Supplies,Supplies,7.27,12,4
2017-12-26,Standard Class,Consumer,Seattle,Washington,West,Office Supplies,Paper,33.9,12,4
2018-06-20,Standard Class,Consumer,Parma,Ohio,East,Office Supplies,Paper,31.104,6,2
2018-06-20,Standard Class,Consumer,Parma,Ohio,East,Office Supplies,Art,5.248,6,2
2016-10-15,Same Day,Consumer,Amarillo,Texas,Central,Technology,Accessories,263.88,10,4
2018-04-12,Second Class,Consumer,Providence,Rhode Island,East,Office Supplies,Binders,29.7,4,2
2018-04-12,Second Class,Consumer,Providence,Rhode Island,East,Office Supplies,Paper,39.96,4,2
2018-12-19,Second Class,Consumer,San Francisco,California,West,Office Supplies,Binders,36.672,12,4
2018-08-05,First Class,Corporate,Richmond,Kentucky,South,Office Supplies,Paper,13.76,8,3
2016-10-01,Standard Class,Corporate,Aurora,Colorado,West,Office Supplies,Storage,139.424,10,4
2018-06-13,First Class,Home Office,Chicago,Illinois,Central,Office Supplies,Storage,164.736,6,2
2018-06-13,First Class,Home Office,Chicago,Illinois,Central,Furniture,Chairs,470.302,6,2
2018-06-13,First Class,Home Office,Chicago,Illinois,Central,Technology,Phones,47.984,6,2
2015-04-23,First Class,Corporate,Philadelphia,Pennsylvania,East,Office Supplies,Binders,2.502,4,2
2016-05-01,Standard Class,Corporate,Los Angeles,California,West,Technology,Phones,88.752,5,2
2016-07-19,First Class,Consumer,Phoenix,Arizona,West,Office Supplies,Binders,2.025,7,3
2017-11-26,First Class,Corporate,Mobile,Alabama,South,Office Supplies,Paper,70.98,11,4
2017-11-26,First Class,Corporate,Mobile,Alabama,South,Office Supplies,Binders,91.68,11,4
2017-11-26,First Class,Corporate,Mobile,Alabama,South,Office Supplies,Binders,33.75,11,4
2018-06-12,Standard Class,Home Office,Columbus,Georgia,South,Office Supplies,Binders,91.2,6,2
2018-06-12,Standard Class,Home Office,Columbus,Georgia,South,Furniture,Tables,452.94,6,2
2016-08-17,Standard Class,Corporate,New Bedford,Massachusetts,East,Office Supplies,Binders,52.2,8,3
2017-09-25,Standard Class,Corporate,Irving,Texas,Central,Office Supplies,Labels,15.936,9,3
2015-05-04,Same Day,Consumer,Middletown,Connecticut,East,Furniture,Furnishings,27.46,5,2
2016-12-01,Standard Class,Consumer,Seattle,Washington,West,Office Supplies,Binders,55.424,12,4
2017-03-11,Standard Class,Consumer,Vineland,New Jersey,East,Furniture,Tables,244.006,3,1
2017-08-26,First Class,Corporate,Pasadena,Texas,Central,Technology,Accessories,159.984,8,3
2017-12-16,First Class,Corporate,New York City,New York,East,Office Supplies,Fasteners,3.68,12,4
2015-08-08,Standard Class,Consumer,Glendale,Arizona,West,Furniture,Furnishings,121.376,8,3
2015-08-08,Standard Class,Consumer,Glendale,Arizona,West,Technology,Accessories,95.976,8,3
2016-05-16,Same Day,Home Office,Jacksonville,Florida,South,Technology,Accessories,255.968,5,2
2018-12-09,Standard Class,Corporate,Detroit,Michigan,Central,Office Supplies,Binders,41.54,12,4
2018-12-09,Standard Class,Corporate,Detroit,Michigan,Central,Office Supplies,Paper,12.96,12,4
2016-09-24,Second Class,Corporate,Philadelphia,Pennsylvania,East,Office Supplies,Art,6.848,9,3
2018-07-11,Standard Class,Corporate,Los Angeles,California,West,Office Supplies,Labels,8.67,7,3
2016-12-01,Same Day,Consumer,Houston,Texas,Central,Furniture,Furnishings,6.688,12,4
2017-11-19,Standard Class,Home Office,Niagara Falls,New York,East,Office Supplies,Art,17.28,11,4
2017-11-19,Standard Class,Home Office,Niagara Falls,New York,East,Office Supplies,Binders,17.712,11,4
2018-03-19,Standard Class,Home Office,New York City,New York,East,Office Supplies,Labels,28.91,3,1
2017-11-13,Standard Class,Consumer,Thomasville,North Carolina,South,Office Supplies,Supplies,52.136,11,4
2018-11-19,First Class,Consumer,Westminster,California,West,Technology,Phones,31.968,11,4
2017-12-02,Standard Class,Consumer,San Francisco,California,West,Office Supplies,Paper,25.92,12,4
2017-12-02,Standard Class,Consumer,San Francisco,California,West,Office Supplies,Paper,40.46,12,4
2017-12-02,Standard Class,Consumer,San Francisco,California,West,Office Supplies,Storage,33.87,12,4
2018-08-25,Second Class,Consumer,Jackson,Tennessee,South,Office Supplies,Art,9.728,8,3
2018-08-25,Second Class,Consumer,Jackson,Tennessee,South,Office Supplies,Paper,3.424,8,3
2017-10-14,Standard Class,Corporate,Seattle,Washington,West,Technology,Accessories,177.0,10,4
2015-11-27,Standard Class,Consumer,New York City,New York,East,Office Supplies,Fasteners,3.76,11,4
2016-11-03,Standard Class,Home Office,Los Angeles,California,West,Technology,Accessories,89.97,11,4
2016-11-03,Standard Class,Home Office,Los Angeles,California,West,Furniture,Furnishings,42.6,11,4
2015-11-29,Standard Class,Consumer,Philadelphia,Pennsylvania,East,Office Supplies,Labels,5.04,11,4
2018-04-30,Second Class,Corporate,New York City,New York,East,Office Supplies,Envelopes,62.96,4,2
2018-11-24,Standard Class,Corporate,New York City,New York,East,Office Supplies,Paper,5.88,11,4
2018-10-30,Standard Class,Corporate,Vancouver,Washington,West,Furniture,Furnishings,9.64,10,4
2015-12-17,Second Class,Consumer,Columbus,Georgia,South,Office Supplies,Art,40.05,12,4
2018-09-04,Standard Class,Consumer,Coppell,Texas,Central,Office Supplies,Art,10.192,9,3
2018-09-04,Standard Class,Consumer,Coppell,Texas,Central,Office Supplies,Storage,16.784,9,3
2018-09-04,Standard Class,Consumer,Coppell,Texas,Central,Office Supplies,Art,13.12,9,3
2017-10-17,First Class,Home Office,San Francisco,California,West,Office Supplies,Binders,18.16,10,4
2018-11-12,Standard Class,Consumer,Austin,Texas,Central,Office Supplies,Paper,16.056,11,4
2018-11-12,Standard Class,Consumer,Austin,Texas,Central,Office Supplies,Paper,223.056,11,4
2017-11-24,Standard Class,Home Office,Los Angeles,California,West,Technology,Phones,33.52,11,4
2017-11-24,Standard Class,Home Office,Los Angeles,California,West,Furniture,Furnishings,9.94,11,4
2016-08-01,Standard Class,Home Office,Los Angeles,California,West,Office Supplies,Art,6.72,8,3
2018-12-24,Standard Class,Consumer,New York City,New York,East,Office Supplies,Binders,17.88,12,4
2017-09-17,Standard Class,Consumer,Columbus,Georgia,South,Technology,Machines,396.0,9,3
2018-12-10,Same Day,Home Office,Omaha,Nebraska,Central,Office Supplies,Binders,34.5,12,4
2018-09-12,First Class,Consumer,Los Angeles,California,West,Furniture,Furnishings,8.36,9,3
2018-06-24,Standard Class,Corporate,Pomona,California,West,Office Supplies,Art,385.6,6,2
2018-06-24,Standard Class,Corporate,Pomona,California,West,Office Supplies,Art,35.82,6,2
2018-08-18,Standard Class,Consumer,Dallas,Texas,Central,Office Supplies,Storage,200.064,8,3
2018-08-18,Standard Class,Consumer,Dallas,Texas,Central,Office Supplies,Binders,21.38,8,3
2018-08-18,Standard Class,Consumer,Dallas,Texas,Central,Office Supplies,Binders,6.744,8,3
2018-12-11,Standard Class,Consumer,Philadelphia,Pennsylvania,East,Furniture,Chairs,63.686,12,4
2015-02-03,Second Class,Consumer,Seattle,Washington,West,Office Supplies,Binders,83.84,2,1
2015-02-03,Second Class,Consumer,Seattle,Washington,West,Office Supplies,Binders,13.272,2,1
2018-02-11,Second Class,Corporate,San Francisco,California,West,Office Supplies,Binders,21.336,2,1
2018-04-16,Standard Class,Home Office,Chicago,Illinois,Central,Office Supplies,Art,16.52,4,2
2016-12-06,Standard Class,Consumer,Tucson,Arizona,West,Furniture,Furnishings,206.112,12,4
2016-12-06,Standard Class,Consumer,Tucson,Arizona,West,Office Supplies,Paper,19.92,12,4
2016-12-06,Standard Class,Consumer,Tucson,Arizona,West,Office Supplies,Paper,198.272,12,4
2016-12-06,Standard Class,Consumer,Tucson,Arizona,West,Office Supplies,Storage,247.104,12,4
2016-12-06,Standard Class,Consumer,Tucson,Arizona,West,Office Supplies,Art,86.304,12,4
2017-07-22,Standard Class,Consumer,Allentown,Pennsylvania,East,Office Supplies,Art,4.16,7,3
2017-07-22,Standard Class,Consumer,Allentown,Pennsylvania,East,Furniture,Furnishings,11.648,7,3
2016-11-07,Second Class,Corporate,Newark,Delaware,East,Office Supplies,Fasteners,26.18,11,4
2016-11-07,Second Class,Corporate,Newark,Delaware,East,Office Supplies,Paper,7.3,11,4
2016-03-26,Standard Class,Corporate,Miami,Florida,South,Office Supplies,Paper,74.352,3,1
2018-08-31,Standard Class,Consumer,Tempe,Arizona,West,Office Supplies,Storage,10.744,8,3
2018-08-31,Standard Class,Consumer,Tempe,Arizona,West,Office Supplies,Fasteners,8.376,8,3
2017-12-04,Standard Class,Corporate,New York City,New York,East,Office Supplies,Storage,212.88,12,4
2018-02-10,Standard Class,Home Office,Laguna Niguel,California,West,Furniture,Bookcases,203.983,2,1
2017-10-29,Standard Class,Corporate,Bridgeton,New Jersey,East,Office Supplies,Storage,40.74,10,4
2017-10-29,Standard Class,Corporate,Bridgeton,New Jersey,East,Office Supplies,Appliances,11.67,10,4
2018-09-15,Second Class,Consumer,Everett,Massachusetts,East,Technology,Phones,39.99,9,3
2018-09-15,Second Class,Consumer,Everett,Massachusetts,East,Office Supplies,Art,16.28,9,3
2018-09-15,Second Class,Consumer,Everett,Massachusetts,East,Office Supplies,Binders,242.48,9,3
2015-03-11,Second Class,Consumer,Columbus,Ohio,East,Furniture,Furnishings,8.32,3,1
2015-03-11,Second Class,Consumer,Columbus,Ohio,East,Office Supplies,Fasteners,10.464,3,1
2015-02-04,Standard Class,Home Office,San Diego,California,West,Office Supplies,Binders,82.896,2,1
2015-02-04,Standard Class,Home Office,San Diego,California,West,Office Supplies,Paper,34.24,2,1
2016-11-23,Standard Class,Corporate,San Antonio,Texas,Central,Office Supplies,Paper,335.52,11,4
2016-11-23,Standard Class,Corporate,San Antonio,Texas,Central,Office Supplies,Binders,23.912,11,4
2016-11-23,Standard Class,Corporate,San Antonio,Texas,Central,Office Supplies,Storage,27.056,11,4
2018-11-13,Second Class,Home Office,Houston,Texas,Central,Office Supplies,Appliances,9.324,11,4
2017-06-17,Standard Class,Consumer,San Diego,California,West,Office Supplies,Paper,111.96,6,2
2015-05-03,First Class,Home Office,Appleton,Wisconsin,Central,Office Supplies,Labels,21.56,5,2
2018-10-16,Standard Class,Consumer,Richmond,Kentucky,South,Office Supplies,Binders,124.75,10,4
2016-02-06,Standard Class,Corporate,Bellevue,Washington,West,Office Supplies,Art,5.28,2,1
2018-09-04,Standard Class,Consumer,Long Beach,New York,East,Technology,Accessories,91.96,9,3
2017-05-09,Standard Class,Consumer,Philadelphia,Pennsylvania,East,Office Supplies,Envelopes,9.344,5,2
2017-05-09,Standard Class,Consumer,Philadelphia,Pennsylvania,East,Office Supplies,Art,79.36,5,2
2016-03-16,Second Class,Consumer,Seattle,Washington,West,Furniture,Tables,171.96,3,1
2017-04-09,Standard Class,Corporate,Seattle,Washington,West,Office Supplies,Binders,35.352,4,2
2015-04-04,Standard Class,Home Office,San Francisco,California,West,Office Supplies,Labels,18.9,4,2
2018-09-05,First Class,Home Office,Seattle,Washington,West,Office Supplies,Art,2.78,9,3
2016-11-09,Same Day,Consumer,Philadelphia,Pennsylvania,East,Office Supplies,Paper,11.352,11,4
2015-03-04,Same Day,Consumer,Columbia,South Carolina,South,Office Supplies,Storage,354.9,3,1
2016-03-19,Standard Class,Home Office,Seattle,Washington,West,Technology,Phones,453.576,3,1
2016-11-29,First Class,Consumer,Allen,Texas,Central,Technology,Accessories,21.48,11,4
2016-11-29,First Class,Consumer,Allen,Texas,Central,Office Supplies,Binders,8.784,11,4
2018-06-11,Same Day,Consumer,Los Angeles,California,West,Office Supplies,Paper,122.97,6,2
2018-11-26,Standard Class,Corporate,Atlanta,Georgia,South,Office Supplies,Art,12.84,11,4
2015-11-23,First Class,Consumer,Los Angeles,California,West,Office Supplies,Envelopes,21.84,11,4
2015-11-23,First Class,Consumer,Los Angeles,California,West,Technology,Accessories,29.99,11,4
2015-11-23,First Class,Consumer,Los Angeles,California,West,Furniture,Chairs,381.44,11,4
2015-12-15,First Class,Consumer,El Paso,Texas,Central,Technology,Phones,40.68,12,4
2017-04-22,Standard Class,Home Office,Aurora,Illinois,Central,Office Supplies,Storage,23.952,4,2
2017-05-23,Standard Class,Home Office,Florence,Alabama,South,Office Supplies,Paper,4.98,5,2
2017-02-27,First Class,Consumer,New York City,New York,East,Office Supplies,Appliances,170.88,2,1
2016-08-09,First Class,Consumer,New York City,New York,East,Technology,Phones,307.98,8,3
2016-08-09,First Class,Consumer,New York City,New York,East,Furniture,Tables,382.806,8,3
2016-08-09,First Class,Consumer,New York City,New York,East,Office Supplies,Storage,41.96,8,3
2016-08-09,First Class,Consumer,New York City,New York,East,Furniture,Furnishings,47.04,8,3
2016-08-09,First Class,Consumer,New York City,New York,East,Furniture,Furnishings,6.16,8,3
2016-08-09,First Class,Consumer,New York City,New York,East,Office Supplies,Paper,143.7,8,3
2016-08-09,First Class,Consumer,New York City,New York,East,Office Supplies,Fasteners,10.65,8,3
2016-08-09,First Class,Consumer,New York City,New York,East,Technology,Accessories,247.8,8,3
2017-05-12,Standard Class,Corporate,Virginia Beach,Virginia,South,Office Supplies,Art,10.96,5,2
2017-04-15,Standard Class,Corporate,Grapevine,Texas,Central,Office Supplies,Art,33.488,4,2
2017-04-15,Standard Class,Corporate,Grapevine,Texas,Central,Office Supplies,Fasteners,8.04,4,2
2016-06-23,Second Class,Consumer,Olympia,Washington,West,Technology,Phones,201.568,6,2
2015-10-19,Same Day,Consumer,Los Angeles,California,West,Office Supplies,Paper,13.44,10,4
2016-03-24,First Class,Home Office,Peoria,Illinois,Central,Furniture,Bookcases,359.058,3,1
2018-05-08,Standard Class,Consumer,Columbus,Ohio,East,Furniture,Chairs,47.992,5,2
2018-11-19,Second Class,Consumer,Carrollton,Texas,Central,Office Supplies,Paper,16.896,11,4
2018-11-19,Second Class,Consumer,Carrollton,Texas,Central,Office Supplies,Supplies,6.672,11,4
2018-11-19,Second Class,Consumer,Carrollton,Texas,Central,Office Supplies,Art,99.136,11,4
2018-11-19,Second Class,Consumer,Carrollton,Texas,Central,Furniture,Furnishings,15.992,11,4
2017-05-08,Second Class,Corporate,Dover,Delaware,East,Furniture,Furnishings,211.96,5,2
2017-12-11,Standard Class,Consumer,Smyrna,Tennessee,South,Office Supplies,Art,6.672,12,4
2018-11-30,Standard Class,Consumer,Newark,Delaware,East,Office Supplies,Art,155.94,11,4
2017-04-19,Second Class,Consumer,Los Angeles,California,West,Technology,Phones,39.96,4,2
2017-04-19,Second Class,Consumer,Los Angeles,California,West,Office Supplies,Art,5.46,4,2
2017-04-19,Second Class,Consumer,Los Angeles,California,West,Office Supplies,Art,73.2,4,2
2017-04-19,Second Class,Consumer,Los Angeles,California,West,Office Supplies,Binders,5.84,4,2
2017-04-19,Second Class,Consumer,Los Angeles,California,West,Office Supplies,Paper,22.72,4,2
2017-04-19,Second Class,Consumer,Los Angeles,California,West,Office Supplies,Binders,9.336,4,2
2015-05-26,Standard Class,Corporate,Los Angeles,California,West,Furniture,Bookcases,290.666,5,2
2015-05-26,Standard Class,Corporate,Los Angeles,California,West,Technology,Phones,201.584,5,2
2015-05-26,Standard Class,Corporate,Los Angeles,California,West,Technology,Phones,83.984,5,2
2017-03-15,Standard Class,Home Office,Philadelphia,Pennsylvania,East,Technology,Accessories,83.976,3,1
2016-08-10,Standard Class,Home Office,Eagan,Minnesota,Central,Office Supplies,Labels,3.75,8,3
2016-08-10,Standard Class,Home Office,Eagan,Minnesota,Central,Office Supplies,Labels,41.4,8,3
2016-08-10,Standard Class,Home Office,Eagan,Minnesota,Central,Office Supplies,Art,29.79,8,3
2017-09-10,Second Class,Home Office,New York City,New York,East,Office Supplies,Storage,59.48,9,3
2017-09-10,Second Class,Home Office,New York City,New York,East,Office Supplies,Paper,6.69,9,3
2018-07-08,Standard Class,Consumer,Kent,Washington,West,Furniture,Furnishings,198.46,7,3
2018-07-08,Standard Class,Consumer,Kent,Washington,West,Office Supplies,Binders,23.168,7,3
2018-07-08,Standard Class,Consumer,Kent,Washington,West,Technology,Accessories,50.0,7,3
2018-06-21,Second Class,Consumer,Cleveland,Ohio,East,Furniture,Furnishings,17.92,6,2
2018-06-21,Second Class,Consumer,Cleveland,Ohio,East,Office Supplies,Binders,41.256,6,2
2017-05-08,Same Day,Consumer,Cleveland,Ohio,East,Office Supplies,Paper,10.688,5,2
2017-05-08,Same Day,Consumer,Cleveland,Ohio,East,Office Supplies,Paper,10.368,5,2
2017-05-08,Same Day,Consumer,Cleveland,Ohio,East,Office Supplies,Storage,25.12,5,2
2017-05-08,Same Day,Consumer,Cleveland,Ohio,East,Technology,Accessories,58.112,5,2
2015-11-26,Standard Class,Consumer,Tigard,Oregon,West,Office Supplies,Paper,15.552,11,4
2015-11-26,Standard Class,Consumer,Tigard,Oregon,West,Technology,Phones,438.336,11,4
2017-05-26,Standard Class,Consumer,Washington,District of Columbia,East,Office Supplies,Paper,19.44,5,2
2017-05-26,Standard Class,Consumer,Washington,District of Columbia,East,Office Supplies,Binders,9.64,5,2
2017-05-26,Standard Class,Consumer,Washington,District of Columbia,East,Office Supplies,Paper,12.7,5,2
2017-05-26,Standard Class,Consumer,Washington,District of Columbia,East,Furniture,Furnishings,41.37,5,2
2015-11-29,Standard Class,Corporate,Skokie,Illinois,Central,Office Supplies,Fasteners,12.624,11,4
2016-03-19,First Class,Corporate,Seattle,Washington,West,Office Supplies,Paper,209.7,3,1
2016-11-01,First Class,Home Office,Philadelphia,Pennsylvania,East,Technology,Accessories,35.36,11,4
2016-11-01,First Class,Home Office,Philadelphia,Pennsylvania,East,Office Supplies,Fasteners,3.168,11,4
2016-09-26,Second Class,Consumer,Philadelphia,Pennsylvania,East,Office Supplies,Binders,121.104,9,3
2016-09-26,Second Class,Consumer,Philadelphia,Pennsylvania,East,Technology,Phones,45.894,9,3
2015-08-29,Same Day,Corporate,San Francisco,California,West,Office Supplies,Paper,109.92,8,3
2015-08-29,Same Day,Corporate,San Francisco,California,West,Office Supplies,Paper,13.36,8,3
2018-11-18,First Class,Consumer,Seattle,Washington,West,Office Supplies,Storage,169.68,11,4
2018-11-18,First Class,Consumer,Seattle,Washington,West,Technology,Accessories,132.52,11,4
2018-11-18,First Class,Consumer,Seattle,Washington,West,Office Supplies,Fasteners,2.96,11,4
2018-11-18,First Class,Consumer,Seattle,Washington,West,Office Supplies,Binders,8.448,11,4
2018-11-18,First Class,Consumer,Seattle,Washington,West,Office Supplies,Storage,95.94,11,4
2015-05-12,First Class,Consumer,Milwaukee,Wisconsin,Central,Furniture,Furnishings,34.79,5,2
2018-01-20,Standard Class,Consumer,Los Angeles,California,West,Technology,Phones,160.776,1,1
2018-10-30,Standard Class,Consumer,Seattle,Washington,West,Office Supplies,Binders,88.752,10,4
2018-10-30,Standard Class,Consumer,Seattle,Washington,West,Office Supplies,Binders,13.904,10,4
2018-04-30,Standard Class,Corporate,Philadelphia,Pennsylvania,East,Office Supplies,Binders,13.896,4,2
2017-11-24,Second Class,Consumer,Dallas,Texas,Central,Office Supplies,Storage,41.92,11,4
2017-11-24,Second Class,Consumer,Dallas,Texas,Central,Technology,Accessories,297.576,11,4
2017-11-24,Second Class,Consumer,Dallas,Texas,Central,Office Supplies,Fasteners,4.344,11,4
2017-11-24,Second Class,Consumer,Dallas,Texas,Central,Technology,Accessories,94.992,11,4
2017-11-24,Second Class,Consumer,Dallas,Texas,Central,Office Supplies,Paper,74.352,11,4
2017-11-24,Second Class,Consumer,Dallas,Texas,Central,Office Supplies,Art,14.04,11,4
2018-10-19,Standard Class,Consumer,Houston,Texas,Central,Technology,Phones,16.68,10,4
2017-03-22,First Class,Corporate,North Las Vegas,Nevada,West,Technology,Accessories,58.58,3,1
2018-07-03,Standard Class,Consumer,Plano,Texas,Central,Technology,Phones,167.968,7,3
2016-12-11,First Class,Consumer,Suffolk,Virginia,South,Office Supplies,Labels,196.62,12,4
2016-09-17,Standard Class,Corporate,Houston,Texas,Central,Furniture,Furnishings,21.936,9,3
2016-09-17,Standard Class,Corporate,Houston,Texas,Central,Office Supplies,Binders,6.588,9,3
2017-05-18,Standard Class,Consumer,San Francisco,California,West,Office Supplies,Storage,104.28,5,2
2017-05-18,Standard Class,Consumer,San Francisco,California,West,Office Supplies,Paper,17.94,5,2
2015-09-07,Standard Class,Corporate,Philadelphia,Pennsylvania,East,Office Supplies,Storage,64.784,9,3
2015-09-07,Standard Class,Corporate,Philadelphia,Pennsylvania,East,Technology,Phones,32.382,9,3
2015-09-07,Standard Class,Corporate,Philadelphia,Pennsylvania,East,Furniture,Furnishings,42.368,9,3
2015-09-07,Standard Class,Corporate,Philadelphia,Pennsylvania,East,Technology,Machines,399.54,9,3
2017-09-29,Second Class,Consumer,Los Angeles,California,West,Office Supplies,Paper,18.97,9,3
2017-11-07,Standard Class,Corporate,San Francisco,California,West,Furniture,Furnishings,14.82,11,4
2018-04-24,First Class,Corporate,Philadelphia,Pennsylvania,East,Office Supplies,Appliances,99.28,4,2
2018-04-24,First Class,Corporate,Philadelphia,Pennsylvania,East,Office Supplies,Binders,1.188,4,2
2018-04-24,First Class,Corporate,Philadelphia,Pennsylvania,East,Office Supplies,Binders,7.518,4,2
2018-12-10,First Class,Consumer,Philadelphia,Pennsylvania,East,Office Supplies,Paper,10.368,12,4
2018-12-10,First Class,Consumer,Philadelphia,Pennsylvania,East,Furniture,Furnishings,310.88,12,4
2018-12-09,Standard Class,Consumer,Indianapolis,Indiana,Central,Office Supplies,Paper,33.45,12,4
2018-12-09,Standard Class,Consumer,Indianapolis,Indiana,Central,Office Supplies,Binders,10.4,12,4
2017-03-14,Standard Class,Consumer,Columbus,Ohio,East,Furniture,Furnishings,21.88,3,1
2017-06-26,Second Class,Home Office,Plano,Texas,Central,Technology,Accessories,13.616,6,2
2016-09-25,Second Class,Home Office,Bayonne,New Jersey,East,Technology,Accessories,63.96,9,3
2016-09-25,Second Class,Home Office,Bayonne,New Jersey,East,Office Supplies,Binders,14.46,9,3
2016-09-25,Second Class,Home Office,Bayonne,New Jersey,East,Technology,Phones,104.98,9,3
2016-12-27,Standard Class,Consumer,Los Angeles,California,West,Office Supplies,Appliances,106.96,12,4
2016-12-27,Standard Class,Consumer,Los Angeles,California,West,Office Supplies,Labels,21.56,12,4
2016-07-13,Second Class,Consumer,New York City,New York,East,Office Supplies,Binders,11.808,7,3
2016-07-13,Second Class,Consumer,New York City,New York,East,Office Supplies,Paper,9.96,7,3
2015-02-02,Standard Class,Home Office,San Diego,California,West,Office Supplies,Fasteners,12.35,2,1
2017-03-08,Same Day,Consumer,Glendale,Arizona,West,Office Supplies,Binders,9.702,3,1
2016-11-22,Standard Class,Consumer,Philadelphia,Pennsylvania,East,Office Supplies,Binders,11.61,11,4
2018-10-30,Standard Class,Consumer,San Francisco,California,West,Office Supplies,Labels,43.86,10,4
2018-10-30,Standard Class,Consumer,San Francisco,California,West,Technology,Phones,148.48,10,4
2018-10-30,Standard Class,Consumer,San Francisco,California,West,Office Supplies,Paper,7.42,10,4
2018-10-30,Standard Class,Consumer,San Francisco,California,West,Furniture,Chairs,71.992,10,4
2018-10-30,Standard Class,Consumer,San Francisco,California,West,Office Supplies,Art,19.9,10,4
2016-01-30,Standard Class,Consumer,Houston,Texas,Central,Office Supplies,Paper,14.304,1,1
2018-10-07,Standard Class,Consumer,San Francisco,California,West,Furniture,Bookcases,307.666,10,4
2017-04-30,Standard Class,Consumer,New York City,New York,East,Office Supplies,Binders,7.712,4,2
2017-05-19,Standard Class,Consumer,New York City,New York,East,Office Supplies,Appliances,242.9,5,2
2017-05-19,Standard Class,Consumer,New York City,New York,East,Office Supplies,Storage,454.9,5,2
2017-05-19,Standard Class,Consumer,New York City,New York,East,Furniture,Furnishings,35.92,5,2
2017-05-19,Standard Class,Consumer,New York City,New York,East,Furniture,Furnishings,39.76,5,2
2017-05-19,Standard Class,Consumer,New York City,New York,East,Office Supplies,Binders,47.744,5,2
2016-12-20,Standard Class,Consumer,Chicago,Illinois,Central,Technology,Phones,159.984,12,4
2016-12-20,Standard Class,Consumer,Chicago,Illinois,Central,Technology,Accessories,255.968,12,4
2016-12-20,Standard Class,Consumer,Chicago,Illinois,Central,Furniture,Bookcases,359.058,12,4
2016-12-19,First Class,Consumer,Philadelphia,Pennsylvania,East,Office Supplies,Appliances,434.352,12,4
2016-12-19,First Class,Consumer,Philadelphia,Pennsylvania,East,Office Supplies,Appliances,3.552,12,4
2016-12-19,First Class,Consumer,Philadelphia,Pennsylvania,East,Office Supplies,Appliances,88.832,12,4
2017-02-07,Same Day,Consumer,Springfield,Virginia,South,Technology,Accessories,100.0,2,1
2017-02-07,Same Day,Consumer,Springfield,Virginia,South,Office Supplies,Labels,7.83,2,1
2015-09-28,Standard Class,Corporate,Fayetteville,North Carolina,South,Office Supplies,Paper,96.256,9,3
2015-09-28,Standard Class,Corporate,Fayetteville,North Carolina,South,Office Supplies,Paper,10.688,9,3
2017-07-10,Standard Class,Consumer,Dallas,Texas,Central,Office Supplies,Storage,338.04,7,3
2017-07-10,Standard Class,Consumer,Dallas,Texas,Central,Office Supplies,Art,154.24,7,3
2018-07-29,Second Class,Consumer,Jacksonville,North Carolina,South,Office Supplies,Appliances,34.848,7,3
2018-07-29,Second Class,Consumer,Jacksonville,North Carolina,South,Technology,Phones,22.0,7,3
2018-07-29,Second Class,Consumer,Jacksonville,North Carolina,South,Office Supplies,Art,4.368,7,3
2016-09-03,Standard Class,Corporate,San Francisco,California,West,Office Supplies,Storage,31.44,9,3
2016-09-03,Standard Class,Corporate,San Francisco,California,West,Technology,Accessories,17.9,9,3
2016-09-03,Standard Class,Corporate,San Francisco,California,West,Technology,Accessories,129.45,9,3
2015-08-09,Standard Class,Home Office,San Diego,California,West,Office Supplies,Labels,20.88,8,3
2018-10-30,Standard Class,Consumer,Philadelphia,Pennsylvania,East,Office Supplies,Paper,20.736,10,4
2018-10-30,Standard Class,Consumer,Philadelphia,Pennsylvania,East,Furniture,Furnishings,7.168,10,4
2018-10-30,Standard Class,Consumer,Philadelphia,Pennsylvania,East,Office Supplies,Storage,11.168,10,4
2018-10-30,Standard Class,Consumer,Philadelphia,Pennsylvania,East,Technology,Accessories,442.4,10,4
2015-06-06,First Class,Consumer,Rochester,New York,East,Office Supplies,Art,13.36,6,2
2017-08-13,Second Class,Consumer,Jacksonville,North Carolina,South,Office Supplies,Binders,11.232,8,3
2017-08-13,Second Class,Consumer,Jacksonville,North Carolina,South,Office Supplies,Paper,10.272,8,3
2015-04-25,Standard Class,Home Office,Houston,Texas,Central,Office Supplies,Paper,10.368,4,2
2015-04-25,Standard Class,Home Office,Houston,Texas,Central,Office Supplies,Art,6.24,4,2
2016-11-22,Standard Class,Home Office,San Antonio,Texas,Central,Furniture,Tables,206.962,11,4
2018-10-14,First Class,Consumer,Oakland,California,West,Furniture,Furnishings,9.46,10,4
2018-12-02,First Class,Corporate,San Francisco,California,West,Office Supplies,Paper,109.92,12,4
2018-12-02,First Class,Corporate,San Francisco,California,West,Office Supplies,Paper,8.56,12,4
2016-12-08,Second Class,Home Office,Fort Worth,Texas,Central,Office Supplies,Paper,360.712,12,4
2016-07-13,First Class,Home Office,Houston,Texas,Central,Office Supplies,Binders,41.568,7,3
2015-05-11,Standard Class,Consumer,Houston,Texas,Central,Technology,Accessories,46.864,5,2
2015-01-05,Standard Class,Consumer,Philadelphia,Pennsylvania,East,Office Supplies,Art,19.536,1,1
2016-09-05,Standard Class,Consumer,San Diego,California,West,Furniture,Bookcases,411.332,9,3
2016-09-05,Standard Class,Consumer,San Diego,California,West,Office Supplies,Binders,28.752,9,3
2016-09-05,Standard Class,Consumer,San Diego,California,West,Furniture,Bookcases,293.199,9,3
2017-08-04,Standard Class,Home Office,Suffolk,Virginia,South,Office Supplies,Supplies,35.06,8,3
2017-08-04,Standard Class,Home Office,Suffolk,Virginia,South,Office Supplies,Labels,4.13,8,3
2017-08-04,Standard Class,Home Office,Suffolk,Virginia,South,Furniture,Furnishings,109.8,8,3
2017-08-04,Standard Class,Home Office,Suffolk,Virginia,South,Office Supplies,Labels,9.82,8,3
2015-03-22,Standard Class,Consumer,Greensboro,North Carolina,South,Office Supplies,Binders,7.644,3,1
2015-03-22,Standard Class,Consumer,Greensboro,North Carolina,South,Office Supplies,Binders,51.465,3,1
2018-03-02,Standard Class,Corporate,Dallas,Texas,Central,Office Supplies,Supplies,6.976,3,1
2018-03-02,Standard Class,Corporate,Dallas,Texas,Central,Office Supplies,Binders,12.222,3,1
2017-11-27,Second Class,Corporate,Chicago,Illinois,Central,Office Supplies,Storage,97.984,11,4
2017-11-27,Second Class,Corporate,Chicago,Illinois,Central,Technology,Accessories,62.4,11,4
2015-04-28,Standard Class,Corporate,Baltimore,Maryland,East,Office Supplies,Binders,20.86,4,2
2015-04-28,Standard Class,Corporate,Baltimore,Maryland,East,Office Supplies,Storage,497.61,4,2
2015-04-28,Standard Class,Corporate,Baltimore,Maryland,East,Office Supplies,Art,5.34,4,2
2015-04-28,Standard Class,Corporate,Baltimore,Maryland,East,Office Supplies,Labels,3.15,4,2
2016-11-24,Standard Class,Consumer,Los Angeles,California,West,Office Supplies,Paper,368.91,11,4
2016-11-24,Standard Class,Consumer,Los Angeles,California,West,Office Supplies,Art,14.7,11,4
2017-11-11,Standard Class,Consumer,New York City,New York,East,Technology,Accessories,59.97,11,4
2017-11-11,Standard Class,Consumer,New York City,New York,East,Office Supplies,Storage,83.36,11,4
2016-07-09,Standard Class,Corporate,Franklin,Massachusetts,East,Office Supplies,Paper,6.58,7,3
2016-07-09,Standard Class,Corporate,Franklin,Massachusetts,East,Office Supplies,Binders,122.94,7,3
2018-09-22,Standard Class,Corporate,Milwaukee,Wisconsin,Central,Office Supplies,Paper,219.84,9,3
2018-09-22,Standard Class,Corporate,Milwaukee,Wisconsin,Central,Technology,Accessories,98.16,9,3
2018-09-22,Standard Class,Corporate,Milwaukee,Wisconsin,Central,Office Supplies,Binders,33.04,9,3
2018-09-22,Standard Class,Corporate,Milwaukee,Wisconsin,Central,Technology,Phones,86.97,9,3
2016-02-15,Standard Class,Corporate,Kenosha,Wisconsin,Central,Technology,Phones,134.97,2,1
2016-02-15,Standard Class,Corporate,Kenosha,Wisconsin,Central,Technology,Accessories,139.95,2,1
2015-09-30,Standard Class,Consumer,New York City,New York,East,Office Supplies,Paper,48.94,9,3
2015-12-01,First Class,Consumer,Madison,Wisconsin,Central,Office Supplies,Art,46.64,12,4
2015-12-08,Standard Class,Corporate,Houston,Texas,Central,Office Supplies,Storage,60.416,12,4
2017-09-05,Standard Class,Home Office,Olathe,Kansas,Central,Office Supplies,Art,107.94,9,3
2018-08-27,First Class,Home Office,New York City,New York,East,Office Supplies,Storage,63.84,8,3
2018-08-27,First Class,Home Office,New York City,New York,East,Technology,Phones,347.97,8,3
2018-08-27,First Class,Home Office,New York City,New York,East,Office Supplies,Binders,37.008,8,3
2017-07-07,Standard Class,Consumer,San Jose,California,West,Furniture,Furnishings,215.65,7,3
2017-08-08,Second Class,Consumer,Dallas,Texas,Central,Office Supplies,Fasteners,11.168,8,3
2017-08-08,Second Class,Consumer,Dallas,Texas,Central,Office Supplies,Paper,53.952,8,3
2017-11-13,Standard Class,Home Office,Auburn,Washington,West,Furniture,Furnishings,4.18,11,4
2018-09-22,Second Class,Consumer,Philadelphia,Pennsylvania,East,Office Supplies,Binders,5.607,9,3
2018-09-22,Second Class,Consumer,Philadelphia,Pennsylvania,East,Technology,Accessories,79.984,9,3
2017-12-25,First Class,Corporate,Los Angeles,California,West,Office Supplies,Paper,45.36,12,4
2017-12-25,First Class,Corporate,Los Angeles,California,West,Technology,Accessories,254.24,12,4
2017-02-11,First Class,Corporate,Tulsa,Oklahoma,Central,Technology,Phones,69.93,2,1
2017-10-23,Standard Class,Corporate,Chicago,Illinois,Central,Furniture,Furnishings,16.156,10,4
2017-10-23,Standard Class,Corporate,Chicago,Illinois,Central,Office Supplies,Paper,54.816,10,4
2018-11-20,Standard Class,Consumer,Newark,Ohio,East,Furniture,Furnishings,77.6,11,4
2018-11-20,Standard Class,Consumer,Newark,Ohio,East,Furniture,Furnishings,4.656,11,4
2016-09-14,Standard Class,Corporate,Los Angeles,California,West,Furniture,Tables,170.136,9,3
2016-06-04,Same Day,Consumer,Seattle,Washington,West,Office Supplies,Labels,7.38,6,2
2016-06-04,Same Day,Consumer,Seattle,Washington,West,Office Supplies,Art,9.26,6,2
2016-12-13,Second Class,Consumer,Los Angeles,California,West,Office Supplies,Labels,9.96,12,4
2015-05-25,Standard Class,Consumer,Chicago,Illinois,Central,Office Supplies,Appliances,75.6,5,2
2015-05-25,Standard Class,Consumer,Chicago,Illinois,Central,Furniture,Furnishings,29.32,5,2
2017-02-16,Standard Class,Corporate,Chicago,Illinois,Central,Office Supplies,Appliances,92.064,2,1
2017-02-16,Standard Class,Corporate,Chicago,Illinois,Central,Office Supplies,Fasteners,6.976,2,1
2017-02-16,Standard Class,Corporate,Chicago,Illinois,Central,Furniture,Chairs,62.958,2,1
2017-02-16,Standard Class,Corporate,Chicago,Illinois,Central,Office Supplies,Paper,5.184,2,1
2017-12-22,Standard Class,Consumer,Redmond,Oregon,West,Office Supplies,Binders,31.32,12,4
2017-12-22,Standard Class,Consumer,Redmond,Oregon,West,Furniture,Furnishings,11.84,12,4
2017-12-22,Standard Class,Consumer,Redmond,Oregon,West,Furniture,Furnishings,22.784,12,4
2016-07-13,Second Class,Corporate,Macon,Georgia,South,Office Supplies,Paper,38.88,7,3
2018-10-21,Same Day,Home Office,Muskogee,Oklahoma,Central,Furniture,Tables,262.11,10,4
2016-11-05,Standard Class,Corporate,Monroe,North Carolina,South,Furniture,Chairs,207.0,11,4
2018-08-01,Standard Class,Corporate,Austin,Texas,Central,Office Supplies,Paper,36.288,8,3
2015-06-21,First Class,Consumer,Meriden,Connecticut,East,Office Supplies,Art,21.4,6,2
2015-08-01,Standard Class,Corporate,Charlotte,North Carolina,South,Office Supplies,Labels,17.544,8,3
2015-08-01,Standard Class,Corporate,Charlotte,North Carolina,South,Furniture,Furnishings,44.128,8,3
2015-08-01,Standard Class,Corporate,Charlotte,North Carolina,South,Office Supplies,Appliances,62.92,8,3
2015-08-01,Standard Class,Corporate,Charlotte,North Carolina,South,Office Supplies,Paper,78.304,8,3
2017-07-18,Standard Class,Corporate,Bowling Green,Kentucky,South,Furniture,Chairs,140.81,7,3
2016-02-09,Second Class,Corporate,San Antonio,Texas,Central,Office Supplies,Labels,40.096,2,1
2016-02-09,Second Class,Corporate,San Antonio,Texas,Central,Furniture,Furnishings,40.784,2,1
2018-07-29,Standard Class,Consumer,Seattle,Washington,West,Technology,Accessories,90.57,7,3
2018-01-12,Second Class,Home Office,Washington,District of Columbia,East,Office Supplies,Paper,40.08,1,1
2018-01-12,Second Class,Home Office,Washington,District of Columbia,East,Furniture,Furnishings,37.68,1,1
2018-09-10,Same Day,Corporate,Los Angeles,California,West,Furniture,Chairs,362.352,9,3
2018-09-10,Same Day,Corporate,Los Angeles,California,West,Office Supplies,Binders,7.184,9,3
2016-07-20,Second Class,Consumer,South Bend,Indiana,Central,Office Supplies,Storage,34.76,7,3
2016-07-20,Second Class,Consumer,South Bend,Indiana,Central,Office Supplies,Paper,26.4,7,3
2016-07-20,Second Class,Consumer,South Bend,Indiana,Central,Office Supplies,Envelopes,106.75,7,3
2016-07-20,Second Class,Consumer,South Bend,Indiana,Central,Office Supplies,Paper,97.82,7,3
2016-07-20,Second Class,Consumer,South Bend,Indiana,Central,Office Supplies,Storage,141.4,7,3
2015-06-13,Standard Class,Corporate,Los Angeles,California,West,Office Supplies,Art,14.52,6,2
2018-05-12,Second Class,Corporate,Houston,Texas,Central,Office Supplies,Storage,127.92,5,2
2018-05-12,Second Class,Corporate,Houston,Texas,Central,Office Supplies,Binders,34.24,5,2
2016-09-03,First Class,Corporate,Bristol,Connecticut,East,Office Supplies,Appliances,137.62,9,3
2016-09-03,First Class,Corporate,Bristol,Connecticut,East,Technology,Phones,100.49,9,3
2018-03-26,First Class,Consumer,New York City,New York,East,Furniture,Bookcases,257.568,3,1
2018-03-26,First Class,Consumer,New York City,New York,East,Technology,Phones,119.96,3,1
2015-11-12,Same Day,Consumer,San Antonio,Texas,Central,Office Supplies,Storage,49.632,11,4
2017-10-13,Standard Class,Corporate,Aurora,Colorado,West,Furniture,Furnishings,24.96,10,4
2018-11-12,Same Day,Corporate,Newark,Ohio,East,Technology,Phones,370.782,11,4
2018-04-15,First Class,Corporate,Henderson,Nevada,West,Furniture,Furnishings,196.45,4,2
2016-06-25,Standard Class,Home Office,Philadelphia,Pennsylvania,East,Office Supplies,Paper,31.104,6,2
2016-06-25,Standard Class,Home Office,Philadelphia,Pennsylvania,East,Office Supplies,Storage,78.256,6,2
2017-08-26,Second Class,Consumer,Seattle,Washington,West,Office Supplies,Paper,6.48,8,3
2015-07-21,Standard Class,Corporate,San Francisco,California,West,Office Supplies,Art,99.2,7,3
2015-07-21,Standard Class,Corporate,San Francisco,California,West,Furniture,Tables,272.848,7,3
2018-11-21,Standard Class,Consumer,Spokane,Washington,West,Furniture,Tables,70.98,11,4
2015-06-04,Standard Class,Home Office,Columbus,Ohio,East,Office Supplies,Paper,16.224,6,2
2017-03-10,Standard Class,Consumer,Long Beach,New York,East,Furniture,Bookcases,176.784,3,1
2018-03-25,Standard Class,Consumer,San Antonio,Texas,Central,Technology,Phones,470.376,3,1
2018-12-29,Standard Class,Consumer,Los Angeles,California,West,Furniture,Chairs,393.568,12,4
2018-12-29,Standard Class,Consumer,Los Angeles,California,West,Technology,Phones,302.376,12,4
2018-03-28,Standard Class,Corporate,Jacksonville,Florida,South,Office Supplies,Binders,68.742,3,1
2016-03-05,Same Day,Consumer,New York City,New York,East,Office Supplies,Envelopes,29.34,3,1
2016-03-05,Same Day,Consumer,New York City,New York,East,Furniture,Chairs,383.607,3,1
2017-11-13,Standard Class,Home Office,Philadelphia,Pennsylvania,East,Office Supplies,Paper,217.056,11,4
2018-01-19,Second Class,Consumer,Keller,Texas,Central,Office Supplies,Labels,6.0,1,1
2017-04-22,Second Class,Consumer,San Francisco,California,West,Furniture,Furnishings,31.56,4,2
2015-05-13,First Class,Home Office,Hialeah,Florida,South,Office Supplies,Fasteners,7.104,5,2
2015-05-13,First Class,Home Office,Hialeah,Florida,South,Office Supplies,Binders,398.352,5,2
2015-10-21,First Class,Consumer,Fairfield,Ohio,East,Office Supplies,Appliances,121.792,10,4
2015-10-21,First Class,Consumer,Fairfield,Ohio,East,Furniture,Tables,409.59,10,4
2015-03-14,Standard Class,Corporate,Huntington Beach,California,West,Office Supplies,Paper,10.56,3,1
2015-03-14,Standard Class,Corporate,Huntington Beach,California,West,Office Supplies,Art,3.38,3,1
2018-12-22,Second Class,Consumer,Port Orange,Florida,South,Office Supplies,Envelopes,7.824,12,4
2017-11-24,Standard Class,Consumer,Medford,Oregon,West,Office Supplies,Paper,24.784,11,4
2018-12-02,First Class,Consumer,Charlottesville,Virginia,South,Office Supplies,Art,34.65,12,4
2016-12-31,Standard Class,Consumer,Missoula,Montana,West,Office Supplies,Binders,487.984,12,4
2015-08-29,Second Class,Consumer,Miami,Florida,South,Office Supplies,Envelopes,29.808,8,3
2015-08-29,Second Class,Consumer,Miami,Florida,South,Furniture,Tables,174.0585,8,3
2017-06-29,Second Class,Consumer,Florence,South Carolina,South,Office Supplies,Storage,191.88,6,2
2017-08-20,First Class,Home Office,Detroit,Michigan,Central,Technology,Phones,14.78,8,3
2018-10-21,First Class,Corporate,Springfield,Oregon,West,Office Supplies,Paper,5.184,10,4
2018-10-21,First Class,Corporate,Springfield,Oregon,West,Furniture,Chairs,478.48,10,4
2018-10-21,First Class,Corporate,Springfield,Oregon,West,Technology,Accessories,28.4,10,4
2017-05-17,Standard Class,Corporate,Apopka,Florida,South,Office Supplies,Binders,2.952,5,2
2017-05-17,Standard Class,Corporate,Apopka,Florida,South,Office Supplies,Binders,27.018,5,2
2016-02-03,First Class,Corporate,Los Angeles,California,West,Furniture,Furnishings,136.92,2,1
2018-12-18,Standard Class,Consumer,Oceanside,New York,East,Furniture,Furnishings,18.96,12,4
2017-11-15,Standard Class,Corporate,Los Angeles,California,West,Technology,Accessories,99.39,11,4
2018-07-03,Second Class,Corporate,Houston,Texas,Central,Office Supplies,Paper,273.896,7,3
2015-01-15,First Class,Consumer,Roswell,Georgia,South,Technology,Accessories,149.95,1,1
2018-04-30,Standard Class,Home Office,Boynton Beach,Florida,South,Office Supplies,Labels,4.608,4,2
2018-04-30,Standard Class,Home Office,Boynton Beach,Florida,South,Office Supplies,Art,15.528,4,2
2018-04-30,Standard Class,Home Office,Boynton Beach,Florida,South,Office Supplies,Labels,11.952,4,2
2016-11-08,Standard Class,Consumer,Franklin,Massachusetts,East,Office Supplies,Art,11.65,11,4
2016-10-30,Second Class,Home Office,Detroit,Michigan,Central,Technology,Phones,299.9,10,4
2018-08-17,First Class,Corporate,Watertown,New York,East,Furniture,Chairs,462.564,8,3
2016-10-03,Standard Class,Corporate,Reading,Pennsylvania,East,Office Supplies,Storage,15.008,10,4
2017-07-08,Second Class,Corporate,Arlington,Texas,Central,Office Supplies,Art,47.616,7,3
2018-12-05,Second Class,Consumer,San Diego,California,West,Office Supplies,Paper,92.94,12,4
2018-03-09,Standard Class,Corporate,San Francisco,California,West,Technology,Accessories,199.98,3,1
2017-06-09,Standard Class,Consumer,Los Angeles,California,West,Technology,Phones,177.48,6,2
2018-11-28,First Class,Consumer,Denver,Colorado,West,Office Supplies,Paper,88.768,11,4
2018-03-16,Second Class,Home Office,Seattle,Washington,West,Office Supplies,Paper,6.48,3,1
2018-03-16,Second Class,Home Office,Seattle,Washington,West,Office Supplies,Storage,46.51,3,1
2017-11-27,Second Class,Consumer,Scottsdale,Arizona,West,Technology,Phones,271.992,11,4
2018-08-06,Second Class,Consumer,Lafayette,Louisiana,South,Furniture,Bookcases,145.74,8,3
2018-08-06,Second Class,Consumer,Lafayette,Louisiana,South,Furniture,Furnishings,15.4,8,3
2018-11-27,Standard Class,Corporate,San Francisco,California,West,Office Supplies,Paper,244.55,11,4
2018-11-27,Standard Class,Corporate,San Francisco,California,West,Technology,Accessories,166.16,11,4
2016-05-25,Second Class,Home Office,San Francisco,California,West,Furniture,Furnishings,14.73,5,2
2017-07-08,Standard Class,Consumer,Broomfield,Colorado,West,Office Supplies,Binders,19.968,7,3
2017-07-08,Standard Class,Consumer,Broomfield,Colorado,West,Office Supplies,Storage,33.488,7,3
2017-07-08,Standard Class,Consumer,Broomfield,Colorado,West,Office Supplies,Binders,8.736,7,3
2018-08-29,First Class,Corporate,Quincy,Illinois,Central,Office Supplies,Labels,47.36,8,3
2018-08-29,First Class,Corporate,Quincy,Illinois,Central,Office Supplies,Storage,27.44,8,3
2018-08-29,First Class,Corporate,Quincy,Illinois,Central,Office Supplies,Binders,3.24,8,3
2017-06-20,Standard Class,Corporate,Carrollton,Texas,Central,Technology,Accessories,95.968,6,2
2017-06-20,Standard Class,Corporate,Carrollton,Texas,Central,Office Supplies,Paper,10.368,6,2
2018-09-02,Standard Class,Corporate,New York City,New York,East,Office Supplies,Art,23.1,9,3
2018-09-02,Standard Class,Corporate,New York City,New York,East,Furniture,Furnishings,11.54,9,3
2018-09-02,Standard Class,Corporate,New York City,New York,East,Furniture,Tables,254.526,9,3
2018-09-02,Standard Class,Corporate,New York City,New York,East,Office Supplies,Appliances,12.98,9,3
2018-09-02,Standard Class,Corporate,New York City,New York,East,Office Supplies,Binders,26.432,9,3
2018-09-02,Standard Class,Corporate,New York City,New York,East,Technology,Phones,197.97,9,3
2018-09-02,Standard Class,Corporate,New York City,New York,East,Office Supplies,Labels,18.9,9,3
2018-09-02,Standard Class,Corporate,New York City,New York,East,Office Supplies,Art,4.92,9,3
2018-09-02,Standard Class,Corporate,New York City,New York,East,Technology,Accessories,238.0,9,3
2018-09-02,Standard Class,Corporate,New York City,New York,East,Technology,Accessories,167.97,9,3
2018-09-02,Standard Class,Corporate,New York City,New York,East,Office Supplies,Paper,17.12,9,3
2018-09-10,Second Class,Consumer,Springfield,Missouri,Central,Office Supplies,Binders,16.2,9,3
2018-09-10,Second Class,Consumer,Springfield,Missouri,Central,Office Supplies,Appliances,33.99,9,3
2018-09-10,Second Class,Consumer,Springfield,Missouri,Central,Technology,Accessories,296.85,9,3
2018-09-10,Second Class,Consumer,Springfield,Missouri,Central,Technology,Accessories,112.8,9,3
2018-09-10,Second Class,Consumer,Springfield,Missouri,Central,Office Supplies,Binders,13.71,9,3
2018-09-10,Second Class,Consumer,Springfield,Missouri,Central,Office Supplies,Paper,24.9,9,3
2018-09-10,Second Class,Consumer,Springfield,Missouri,Central,Office Supplies,Storage,286.29,9,3
2018-09-10,Second Class,Consumer,Springfield,Missouri,Central,Office Supplies,Appliances,24.18,9,3
2018-12-21,Standard Class,Consumer,Paterson,New Jersey,East,Technology,Phones,281.97,12,4
2018-12-21,Standard Class,Consumer,Paterson,New Jersey,East,Office Supplies,Supplies,69.5,12,4
2018-12-21,Standard Class,Consumer,Paterson,New Jersey,East,Office Supplies,Paper,166.44,12,4
2018-09-23,Standard Class,Consumer,Tulsa,Oklahoma,Central,Technology,Accessories,291.96,9,3
2018-05-06,Standard Class,Home Office,Chicago,Illinois,Central,Office Supplies,Art,6.408,5,2
2018-05-06,Standard Class,Home Office,Chicago,Illinois,Central,Technology,Accessories,408.744,5,2
2015-12-14,Standard Class,Consumer,Chicago,Illinois,Central,Office Supplies,Binders,5.104,12,4
2015-12-14,Standard Class,Consumer,Chicago,Illinois,Central,Office Supplies,Fasteners,2.896,12,4
2015-12-14,Standard Class,Consumer,Chicago,Illinois,Central,Technology,Accessories,35.016,12,4
2015-10-18,Second Class,Corporate,Montgomery,Alabama,South,Office Supplies,Storage,275.97,10,4
2016-05-08,Standard Class,Consumer,Salem,Oregon,West,Office Supplies,Art,5.248,5,2
2017-04-14,Same Day,Consumer,Glendale,Arizona,West,Office Supplies,Storage,42.976,4,2
2016-12-14,Second Class,Corporate,Columbus,Georgia,South,Office Supplies,Binders,3.76,12,4
2015-12-03,Standard Class,Consumer,Oklahoma City,Oklahoma,Central,Technology,Phones,479.96,12,4
2015-11-25,Second Class,Corporate,Brentwood,California,West,Office Supplies,Appliances,320.88,11,4
2015-11-25,Second Class,Corporate,Brentwood,California,West,Furniture,Furnishings,23.88,11,4
2015-11-25,Second Class,Corporate,Brentwood,California,West,Office Supplies,Paper,26.76,11,4
2016-11-09,Standard Class,Consumer,Springfield,Missouri,Central,Office Supplies,Binders,17.22,11,4
2016-11-09,Standard Class,Consumer,Springfield,Missouri,Central,Office Supplies,Envelopes,26.22,11,4
2016-11-09,Standard Class,Consumer,Springfield,Missouri,Central,Office Supplies,Paper,17.34,11,4
2018-02-24,Standard Class,Consumer,Philadelphia,Pennsylvania,East,Office Supplies,Binders,4.956,2,1
2018-06-25,Standard Class,Home Office,Springfield,Oregon,West,Office Supplies,Labels,71.04,6,2
2018-06-25,Standard Class,Home Office,Springfield,Oregon,West,Office Supplies,Art,5.344,6,2
2018-06-25,Standard Class,Home Office,Springfield,Oregon,West,Office Supplies,Fasteners,11.304,6,2
2018-12-02,Second Class,Consumer,Houston,Texas,Central,Office Supplies,Appliances,294.62,12,4
2018-12-02,Second Class,Consumer,Houston,Texas,Central,Furniture,Furnishings,8.752,12,4
2015-02-06,First Class,Corporate,Chesapeake,Virginia,South,Office Supplies,Labels,15.0,2,1
2015-02-06,First Class,Corporate,Chesapeake,Virginia,South,Technology,Phones,161.61,2,1
2015-02-06,First Class,Corporate,Chesapeake,Virginia,South,Technology,Phones,144.95,2,1
2018-04-11,Standard Class,Consumer,Pasadena,California,West,Technology,Accessories,199.95,4,2
2018-04-11,Standard Class,Consumer,Pasadena,California,West,Office Supplies,Art,41.86,4,2
2018-12-25,Second Class,Consumer,Louisville,Kentucky,South,Office Supplies,Storage,95.94,12,4
2018-12-25,Second Class,Consumer,Louisville,Kentucky,South,Furniture,Chairs,304.45,12,4
2018-04-11,Standard Class,Home Office,Lubbock,Texas,Central,Office Supplies,Binders,11.364,4,2
2015-12-31,Standard Class,Corporate,Columbia,Missouri,Central,Office Supplies,Art,29.68,12,4
2015-12-31,Standard Class,Corporate,Columbia,Missouri,Central,Technology,Accessories,47.53,12,4
2018-08-03,First Class,Consumer,Chicago,Illinois,Central,Furniture,Bookcases,183.372,8,3
2015-11-15,Standard Class,Consumer,Johnson City,Tennessee,South,Office Supplies,Art,4.224,11,4
2015-11-15,Standard Class,Consumer,Johnson City,Tennessee,South,Office Supplies,Appliances,333.056,11,4
2015-11-15,Standard Class,Consumer,Johnson City,Tennessee,South,Office Supplies,Paper,24.896,11,4
2016-12-11,Same Day,Consumer,Houston,Texas,Central,Technology,Accessories,159.984,12,4
2016-12-11,Same Day,Consumer,Houston,Texas,Central,Office Supplies,Storage,46.344,12,4
2017-09-18,Standard Class,Consumer,Auburn,Alabama,South,Furniture,Chairs,350.98,9,3
2017-09-18,Standard Class,Consumer,Auburn,Alabama,South,Office Supplies,Paper,13.08,9,3
2016-03-19,Standard Class,Consumer,San Bernardino,California,West,Office Supplies,Binders,17.568,3,1
2016-03-19,Standard Class,Consumer,San Bernardino,California,West,Office Supplies,Labels,14.62,3,1
2016-03-19,Standard Class,Consumer,San Bernardino,California,West,Office Supplies,Supplies,33.36,3,1
2016-03-19,Standard Class,Consumer,San Bernardino,California,West,Office Supplies,Paper,40.14,3,1
2017-09-19,First Class,Home Office,Providence,Rhode Island,East,Office Supplies,Paper,17.04,9,3
2017-09-19,First Class,Home Office,Providence,Rhode Island,East,Office Supplies,Binders,49.53,9,3
2018-08-20,Second Class,Consumer,Fresno,California,West,Office Supplies,Binders,239.12,8,3
2016-03-13,First Class,Consumer,Seattle,Washington,West,Furniture,Bookcases,141.96,3,1
2017-09-08,Second Class,Home Office,Lancaster,California,West,Office Supplies,Binders,33.024,9,3
2017-09-08,Second Class,Home Office,Lancaster,California,West,Office Supplies,Binders,67.136,9,3
2016-11-26,Standard Class,Corporate,Leominster,Massachusetts,East,Office Supplies,Binders,14.73,11,4
2016-11-26,Standard Class,Corporate,Leominster,Massachusetts,East,Office Supplies,Storage,104.9,11,4
2016-11-26,Standard Class,Corporate,Leominster,Massachusetts,East,Office Supplies,Binders,61.04,11,4
2016-11-26,Standard Class,Corporate,Leominster,Massachusetts,East,Office Supplies,Paper,10.95,11,4
2017-12-09,Standard Class,Corporate,Fort Worth,Texas,Central,Office Supplies,Paper,9.392,12,4
2017-12-09,Standard Class,Corporate,Fort Worth,Texas,Central,Office Supplies,Art,9.328,12,4
2018-09-25,Standard Class,Consumer,Rochester,Minnesota,Central,Office Supplies,Binders,8.26,9,3
2018-09-25,Standard Class,Consumer,Rochester,Minnesota,Central,Furniture,Chairs,269.97,9,3
2016-01-23,Standard Class,Home Office,Bozeman,Montana,West,Office Supplies,Paper,29.04,1,1
2016-01-23,Standard Class,Home Office,Bozeman,Montana,West,Office Supplies,Labels,14.62,1,1
2016-06-18,Standard Class,Home Office,Peoria,Arizona,West,Office Supplies,Paper,11.952,6,2
2016-06-18,Standard Class,Home Office,Peoria,Arizona,West,Office Supplies,Binders,4.536,6,2
2016-06-18,Standard Class,Home Office,Peoria,Arizona,West,Office Supplies,Binders,9.156,6,2
2016-06-18,Standard Class,Home Office,Peoria,Arizona,West,Furniture,Furnishings,75.36,6,2
2016-10-02,Standard Class,Corporate,San Diego,California,West,Office Supplies,Binders,57.504,10,4
2018-11-18,Standard Class,Corporate,Lakewood,Ohio,East,Office Supplies,Art,38.864,11,4
2015-08-17,Standard Class,Corporate,Houston,Texas,Central,Office Supplies,Paper,15.552,8,3
2017-07-17,Standard Class,Corporate,Perth Amboy,New Jersey,East,Office Supplies,Appliances,162.64,7,3
2017-07-17,Standard Class,Corporate,Perth Amboy,New Jersey,East,Office Supplies,Paper,55.48,7,3
2016-07-11,First Class,Consumer,Philadelphia,Pennsylvania,East,Furniture,Furnishings,289.8,7,3
2016-07-11,First Class,Consumer,Philadelphia,Pennsylvania,East,Office Supplies,Binders,2.502,7,3
2016-07-11,First Class,Consumer,Philadelphia,Pennsylvania,East,Office Supplies,Binders,6.48,7,3
2016-07-11,First Class,Consumer,Philadelphia,Pennsylvania,East,Furniture,Chairs,341.488,7,3
2016-07-11,First Class,Consumer,Philadelphia,Pennsylvania,East,Office Supplies,Art,11.12,7,3
2016-07-11,First Class,Consumer,Philadelphia,Pennsylvania,East,Furniture,Furnishings,25.344,7,3
2017-12-01,Standard Class,Consumer,Richmond,Indiana,Central,Furniture,Furnishings,17.31,12,4
2018-12-22,First Class,Consumer,Detroit,Michigan,Central,Technology,Accessories,199.95,12,4
2018-12-22,First Class,Consumer,Detroit,Michigan,Central,Technology,Accessories,84.99,12,4
2018-12-22,First Class,Consumer,Detroit,Michigan,Central,Furniture,Tables,411.8,12,4
2015-10-31,Standard Class,Corporate,Los Angeles,California,West,Office Supplies,Fasteners,11.34,10,4
2015-10-31,Standard Class,Corporate,Los Angeles,California,West,Office Supplies,Storage,80.3,10,4
2015-10-31,Standard Class,Corporate,Los Angeles,California,West,Office Supplies,Binders,15.968,10,4
2015-10-31,Standard Class,Corporate,Los Angeles,California,West,Office Supplies,Paper,64.74,10,4
2015-10-31,Standard Class,Corporate,Los Angeles,California,West,Office Supplies,Binders,19.296,10,4
2015-10-31,Standard Class,Corporate,Los Angeles,California,West,Office Supplies,Storage,405.64,10,4
2015-10-31,Standard Class,Corporate,Los Angeles,California,West,Furniture,Chairs,146.352,10,4
2015-10-31,Standard Class,Corporate,Los Angeles,California,West,Technology,Accessories,251.91,10,4
2015-10-31,Standard Class,Corporate,Los Angeles,California,West,Office Supplies,Art,12.39,10,4
2016-04-13,Standard Class,Consumer,Pomona,California,West,Technology,Accessories,199.96,4,2
2017-07-21,Second Class,Corporate,Philadelphia,Pennsylvania,East,Office Supplies,Binders,1.941,7,3
2018-11-20,Standard Class,Consumer,Ontario,California,West,Furniture,Chairs,283.92,11,4
2017-11-26,Standard Class,Corporate,Seattle,Washington,West,Office Supplies,Binders,7.312,11,4
2018-11-07,Second Class,Home Office,Brentwood,California,West,Technology,Accessories,59.97,11,4
2015-12-01,Standard Class,Consumer,San Francisco,California,West,Furniture,Furnishings,58.2,12,4
2018-09-12,First Class,Consumer,Baltimore,Maryland,East,Office Supplies,Paper,39.9,9,3
2018-09-12,First Class,Consumer,Baltimore,Maryland,East,Office Supplies,Appliances,90.86,9,3
2018-09-12,First Class,Consumer,Baltimore,Maryland,East,Office Supplies,Paper,94.85,9,3
2016-12-24,Standard Class,Consumer,Phoenix,Arizona,West,Office Supplies,Paper,106.232,12,4
2016-12-24,Standard Class,Consumer,Phoenix,Arizona,West,Technology,Phones,111.984,12,4
2016-12-24,Standard Class,Consumer,Phoenix,Arizona,West,Furniture,Furnishings,7.712,12,4
2018-02-23,Standard Class,Consumer,Los Angeles,California,West,Office Supplies,Paper,37.44,2,1
2015-11-23,Standard Class,Home Office,Houston,Texas,Central,Office Supplies,Labels,23.68,11,4
2017-06-23,Standard Class,Consumer,New York City,New York,East,Office Supplies,Labels,122.12,6,2
2017-06-23,Standard Class,Consumer,New York City,New York,East,Office Supplies,Labels,18.45,6,2
2017-06-23,Standard Class,Consumer,New York City,New York,East,Office Supplies,Storage,324.9,6,2
2017-06-23,Standard Class,Consumer,New York City,New York,East,Office Supplies,Paper,146.73,6,2
2017-06-23,Standard Class,Consumer,New York City,New York,East,Office Supplies,Fasteners,3.96,6,2
2016-10-26,Standard Class,Corporate,Rancho Cucamonga,California,West,Office Supplies,Labels,5.76,10,4
2018-07-15,Standard Class,Consumer,Wilmington,Delaware,East,Office Supplies,Binders,26.55,7,3
2018-07-15,Standard Class,Consumer,Wilmington,Delaware,East,Furniture,Tables,310.443,7,3
2015-11-17,Standard Class,Home Office,Moorhead,Minnesota,Central,Furniture,Chairs,479.9,11,4
2016-04-13,Second Class,Consumer,Farmington,New Mexico,West,Office Supplies,Supplies,12.88,4,2
2016-11-25,Standard Class,Consumer,Wilmington,North Carolina,South,Office Supplies,Art,13.12,11,4
2017-05-15,Standard Class,Home Office,Jackson,Mississippi,South,Office Supplies,Art,91.96,5,2
2017-05-15,Standard Class,Home Office,Jackson,Mississippi,South,Office Supplies,Art,8.34,5,2
2018-09-07,Standard Class,Consumer,Portland,Oregon,West,Office Supplies,Storage,37.68,9,3
2018-09-07,Standard Class,Consumer,Portland,Oregon,West,Technology,Accessories,279.944,9,3
2015-03-10,Standard Class,Consumer,Denver,Colorado,West,Office Supplies,Art,83.168,3,1
2015-07-18,Same Day,Home Office,Tucson,Arizona,West,Furniture,Chairs,259.136,7,3
2018-03-24,Second Class,Corporate,New York City,New York,East,Office Supplies,Paper,221.92,3,1
2018-03-24,Second Class,Corporate,New York City,New York,East,Technology,Accessories,26.0,3,1
2015-09-30,Standard Class,Consumer,Boynton Beach,Florida,South,Office Supplies,Paper,15.552,9,3
2015-09-26,Same Day,Corporate,Mesquite,Texas,Central,Office Supplies,Binders,0.876,9,3
2016-10-31,Same Day,Consumer,Redlands,California,West,Office Supplies,Paper,19.98,10,4
2016-10-31,Same Day,Consumer,Redlands,California,West,Office Supplies,Binders,398.352,10,4
2016-10-31,Same Day,Consumer,Redlands,California,West,Office Supplies,Art,5.04,10,4
2016-10-31,Same Day,Consumer,Redlands,California,West,Office Supplies,Fasteners,17.45,10,4
2016-10-31,Same Day,Consumer,Redlands,California,West,Furniture,Chairs,323.136,10,4
2016-10-31,Same Day,Consumer,Redlands,California,West,Office Supplies,Supplies,29.7,10,4
2016-10-31,Same Day,Consumer,Redlands,California,West,Office Supplies,Storage,46.84,10,4
2016-10-31,Same Day,Consumer,Redlands,California,West,Furniture,Bookcases,425.833,10,4
2016-10-12,Second Class,Consumer,Rochester,New York,East,Furniture,Tables,209.67,10,4
2017-09-19,Standard Class,Consumer,Stockton,California,West,Office Supplies,Paper,159.88,9,3
2018-04-13,First Class,Corporate,Seattle,Washington,West,Office Supplies,Paper,5.28,4,2
2018-01-07,Standard Class,Consumer,Ormond Beach,Florida,South,Office Supplies,Binders,2.808,1,1
2018-11-09,First Class,Corporate,Sunnyvale,California,West,Furniture,Chairs,215.976,11,4
2018-09-22,Second Class,Home Office,Lansing,Michigan,Central,Furniture,Bookcases,241.96,9,3
2018-09-22,Second Class,Home Office,Lansing,Michigan,Central,Office Supplies,Labels,27.72,9,3
2018-12-01,Standard Class,Home Office,Philadelphia,Pennsylvania,East,Office Supplies,Envelopes,104.68,12,4
2018-12-01,Standard Class,Home Office,Philadelphia,Pennsylvania,East,Technology,Phones,62.958,12,4
2015-06-23,Standard Class,Consumer,Philadelphia,Pennsylvania,East,Technology,Accessories,86.376,6,2
2016-10-04,Standard Class,Home Office,Philadelphia,Pennsylvania,East,Furniture,Furnishings,64.944,10,4
2016-10-04,Standard Class,Home Office,Philadelphia,Pennsylvania,East,Office Supplies,Paper,20.736,10,4
2015-05-20,Second Class,Corporate,Dover,New Hampshire,East,Office Supplies,Appliances,33.28,5,2
2015-05-20,Second Class,Corporate,Dover,New Hampshire,East,Office Supplies,Art,38.52,5,2
2015-05-20,Second Class,Corporate,Dover,New Hampshire,East,Furniture,Furnishings,139.86,5,2
2016-11-20,Standard Class,Consumer,New York City,New York,East,Office Supplies,Paper,19.65,11,4
2016-11-30,Standard Class,Consumer,Philadelphia,Pennsylvania,East,Office Supplies,Binders,152.991,11,4
2016-11-30,Standard Class,Consumer,Philadelphia,Pennsylvania,East,Office Supplies,Fasteners,10.584,11,4
2016-11-30,Standard Class,Consumer,Philadelphia,Pennsylvania,East,Technology,Phones,94.92,11,4
2016-12-31,Standard Class,Consumer,Grand Prairie,Texas,Central,Furniture,Furnishings,14.76,12,4
2016-12-31,Standard Class,Consumer,Grand Prairie,Texas,Central,Office Supplies,Binders,3.656,12,4
2018-11-16,Same Day,Consumer,New York City,New York,East,Office Supplies,Paper,146.82,11,4
2015-06-06,Standard Class,Corporate,Long Beach,New York,East,Office Supplies,Binders,149.544,6,2
2015-06-06,Standard Class,Corporate,Long Beach,New York,East,Office Supplies,Supplies,17.14,6,2
2017-09-01,Standard Class,Corporate,Philadelphia,Pennsylvania,East,Office Supplies,Paper,30.48,9,3
2017-09-01,Standard Class,Corporate,Philadelphia,Pennsylvania,East,Technology,Phones,23.988,9,3
2017-09-01,Standard Class,Corporate,Philadelphia,Pennsylvania,East,Office Supplies,Fasteners,16.688,9,3
2017-06-25,Standard Class,Corporate,York,Pennsylvania,East,Furniture,Chairs,422.058,6,2
2017-06-25,Standard Class,Corporate,York,Pennsylvania,East,Office Supplies,Binders,38.088,6,2
2017-06-25,Standard Class,Corporate,York,Pennsylvania,East,Office Supplies,Storage,254.352,6,2
2015-12-12,Standard Class,Consumer,Concord,California,West,Furniture,Furnishings,43.31,12,4
2018-03-31,Standard Class,Consumer,New York City,New York,East,Technology,Phones,84.95,3,1
2018-11-19,Standard Class,Consumer,College Station,Texas,Central,Furniture,Chairs,233.058,11,4
2015-11-24,Second Class,Consumer,Saint Louis,Missouri,Central,Technology,Accessories,111.79,11,4
2016-11-22,Standard Class,Consumer,Quincy,Massachusetts,East,Office Supplies,Paper,14.94,11,4
2017-07-14,Standard Class,Corporate,New York City,New York,East,Office Supplies,Binders,14.16,7,3
2017-04-30,Standard Class,Home Office,Dallas,Texas,Central,Furniture,Furnishings,22.608,4,2
2017-07-25,Second Class,Consumer,Los Angeles,California,West,Office Supplies,Fasteners,21.48,7,3
2015-06-22,First Class,Consumer,Minneapolis,Minnesota,Central,Office Supplies,Storage,161.94,6,2
2018-10-21,Standard Class,Home Office,Deltona,Florida,South,Office Supplies,Art,17.856,10,4
2017-09-03,Standard Class,Consumer,Chicago,Illinois,Central,Office Supplies,Binders,8.808,9,3
2017-05-14,Same Day,Consumer,Cincinnati,Ohio,East,Furniture,Furnishings,79.384,5,2
2017-01-07,Standard Class,Home Office,Oakland,California,West,Office Supplies,Art,34.58,1,1
2018-03-13,Standard Class,Home Office,Manteca,California,West,Office Supplies,Paper,314.55,3,1
2017-10-13,Standard Class,Consumer,Laredo,Texas,Central,Technology,Accessories,191.976,10,4
2017-10-13,Standard Class,Consumer,Laredo,Texas,Central,Office Supplies,Paper,8.288,10,4
2017-10-13,Standard Class,Consumer,Laredo,Texas,Central,Furniture,Furnishings,139.92,10,4
2017-10-13,Standard Class,Consumer,Laredo,Texas,Central,Office Supplies,Art,15.872,10,4
2017-10-13,Standard Class,Consumer,Laredo,Texas,Central,Office Supplies,Binders,6.286,10,4
2018-01-27,Second Class,Consumer,Kent,Ohio,East,Office Supplies,Art,14.016,1,1
2018-01-27,Second Class,Consumer,Kent,Ohio,East,Technology,Accessories,71.976,1,1
2018-01-27,Second Class,Consumer,Kent,Ohio,East,Technology,Phones,107.982,1,1
2018-11-19,Standard Class,Corporate,San Angelo,Texas,Central,Furniture,Chairs,305.312,11,4
2015-08-01,First Class,Consumer,San Francisco,California,West,Office Supplies,Binders,19.752,8,3
2017-07-30,Standard Class,Home Office,Houston,Texas,Central,Office Supplies,Binders,9.264,7,3
2016-07-30,Second Class,Corporate,Houston,Texas,Central,Office Supplies,Storage,61.792,7,3
2017-10-15,Standard Class,Home Office,Salt Lake City,Utah,West,Office Supplies,Paper,45.68,10,4
2017-10-15,Standard Class,Home Office,Salt Lake City,Utah,West,Office Supplies,Paper,60.12,10,4
2017-10-15,Standard Class,Home Office,Salt Lake City,Utah,West,Office Supplies,Binders,41.72,10,4
2017-10-15,Standard Class,Home Office,Salt Lake City,Utah,West,Office Supplies,Paper,71.6,10,4
2017-05-07,Standard Class,Consumer,New York City,New York,East,Office Supplies,Binders,85.232,5,2
2017-05-07,Standard Class,Consumer,New York City,New York,East,Office Supplies,Labels,44.4,5,2
2017-05-07,Standard Class,Consumer,New York City,New York,East,Furniture,Chairs,442.764,5,2
2017-05-07,Standard Class,Consumer,New York City,New York,East,Technology,Accessories,199.95,5,2
2017-05-07,Standard Class,Consumer,New York City,New York,East,Furniture,Furnishings,63.68,5,2
2018-08-01,Second Class,Corporate,Salinas,California,West,Office Supplies,Binders,54.896,8,3
2017-07-14,Same Day,Consumer,Huntsville,Alabama,South,Technology,Accessories,29.0,7,3
2018-08-10,Standard Class,Consumer,Columbus,Indiana,Central,Office Supplies,Envelopes,70.08,8,3
2018-08-10,Standard Class,Consumer,Columbus,Indiana,Central,Furniture,Furnishings,121.3,8,3
2017-06-25,Standard Class,Consumer,Los Angeles,California,West,Office Supplies,Appliances,60.81,6,2
2017-12-10,Standard Class,Consumer,Seattle,Washington,West,Office Supplies,Binders,153.552,12,4
2017-12-10,Standard Class,Consumer,Seattle,Washington,West,Office Supplies,Appliances,65.34,12,4
2017-12-10,Standard Class,Consumer,Seattle,Washington,West,Office Supplies,Paper,123.92,12,4
2017-12-10,Standard Class,Consumer,Seattle,Washington,West,Office Supplies,Appliances,35.1,12,4
2017-12-10,Standard Class,Consumer,Seattle,Washington,West,Technology,Accessories,44.75,12,4
2017-12-01,Standard Class,Consumer,Knoxville,Tennessee,South,Office Supplies,Art,4.704,12,4
2015-11-28,Standard Class,Consumer,Montgomery,Alabama,South,Office Supplies,Art,14.67,11,4
2016-03-28,Standard Class,Consumer,Philadelphia,Pennsylvania,East,Office Supplies,Paper,15.552,3,1
2016-03-28,Standard Class,Consumer,Philadelphia,Pennsylvania,East,Office Supplies,Paper,5.232,3,1
2015-06-01,Standard Class,Consumer,Little Rock,Arkansas,South,Furniture,Furnishings,22.2,6,2
2016-09-06,Standard Class,Home Office,Seattle,Washington,West,Office Supplies,Binders,6.096,9,3
2016-09-06,Standard Class,Home Office,Seattle,Washington,West,Furniture,Furnishings,191.82,9,3
2016-06-29,Standard Class,Consumer,Lancaster,Pennsylvania,East,Furniture,Furnishings,20.104,6,2
2017-09-10,Second Class,Home Office,Bristol,Tennessee,South,Office Supplies,Art,67.56,9,3
2015-07-14,Standard Class,Home Office,Aurora,Illinois,Central,Office Supplies,Binders,29.932,7,3
2015-07-14,Standard Class,Home Office,Aurora,Illinois,Central,Technology,Phones,38.272,7,3
2016-08-22,Standard Class,Home Office,New York City,New York,East,Office Supplies,Art,16.52,8,3
2015-11-14,Second Class,Consumer,Fairfield,Connecticut,East,Office Supplies,Binders,43.8,11,4
2017-11-27,First Class,Corporate,Lincoln Park,Michigan,Central,Office Supplies,Appliances,167.292,11,4
2018-11-21,Standard Class,Consumer,New York City,New York,East,Furniture,Furnishings,27.42,11,4
2018-10-01,First Class,Consumer,San Jose,California,West,Office Supplies,Binders,1.44,10,4
2018-10-01,First Class,Consumer,San Jose,California,West,Office Supplies,Binders,61.776,10,4
2018-10-01,First Class,Consumer,San Jose,California,West,Office Supplies,Appliances,241.96,10,4
2018-10-01,First Class,Consumer,San Jose,California,West,Furniture,Chairs,108.608,10,4
2015-09-20,Standard Class,Corporate,Jacksonville,Florida,South,Office Supplies,Art,2.816,9,3
2018-07-28,Standard Class,Corporate,San Francisco,California,West,Office Supplies,Binders,9.984,7,3
2018-07-28,Standard Class,Corporate,San Francisco,California,West,Office Supplies,Storage,14.98,7,3
2016-12-06,Same Day,Consumer,Marion,Ohio,East,Technology,Phones,485.94,12,4
2016-12-06,Same Day,Consumer,Marion,Ohio,East,Office Supplies,Art,37.376,12,4
2016-12-06,Same Day,Consumer,Marion,Ohio,East,Furniture,Chairs,70.686,12,4
2018-07-31,Standard Class,Corporate,Philadelphia,Pennsylvania,East,Office Supplies,Paper,54.816,7,3
2017-03-19,Second Class,Consumer,Littleton,Colorado,West,Furniture,Bookcases,72.294,3,1
2018-07-29,Standard Class,Corporate,Austin,Texas,Central,Office Supplies,Fasteners,2.896,7,3
2018-07-29,Standard Class,Corporate,Austin,Texas,Central,Technology,Phones,124.792,7,3
2017-10-01,Standard Class,Consumer,New York City,New York,East,Furniture,Tables,330.588,10,4
2015-03-31,Standard Class,Consumer,San Francisco,California,West,Office Supplies,Appliances,52.98,3,1
2018-07-09,Standard Class,Consumer,Chicago,Illinois,Central,Office Supplies,Storage,228.92,7,3
2016-12-14,Second Class,Consumer,Portland,Oregon,West,Technology,Phones,319.968,12,4
2018-12-05,Standard Class,Corporate,Burlington,Vermont,East,Technology,Accessories,205.03,12,4
2016-09-15,Second Class,Consumer,Indianapolis,Indiana,Central,Office Supplies,Storage,190.86,9,3
2016-09-15,Second Class,Consumer,Indianapolis,Indiana,Central,Office Supplies,Art,24.32,9,3
2017-07-15,Standard Class,Home Office,Provo,Utah,West,Office Supplies,Supplies,44.4,7,3
2018-04-20,Standard Class,Home Office,Chicago,Illinois,Central,Furniture,Furnishings,44.4,4,2
2017-11-15,Second Class,Consumer,Los Angeles,California,West,Office Supplies,Binders,38.136,11,4
2017-11-26,Standard Class,Consumer,Philadelphia,Pennsylvania,East,Technology,Phones,494.982,11,4
2018-11-21,Standard Class,Home Office,Pasadena,California,West,Office Supplies,Storage,56.56,11,4
2018-11-21,Standard Class,Home Office,Pasadena,California,West,Office Supplies,Art,5.56,11,4
2018-11-21,Standard Class,Home Office,Pasadena,California,West,Office Supplies,Fasteners,9.02,11,4
2018-11-21,Standard Class,Home Office,Pasadena,California,West,Office Supplies,Appliances,8.62,11,4
2016-02-15,Second Class,Consumer,Los Angeles,California,West,Office Supplies,Paper,13.36,2,1
2016-02-15,Second Class,Consumer,Los Angeles,California,West,Office Supplies,Binders,41.72,2,1
2016-02-15,Second Class,Consumer,Los Angeles,California,West,Office Supplies,Binders,11.52,2,1
2016-02-15,Second Class,Consumer,Los Angeles,California,West,Office Supplies,Paper,19.44,2,1
2017-04-15,Second Class,Home Office,San Diego,California,West,Office Supplies,Paper,143.7,4,2
2016-09-28,First Class,Corporate,San Francisco,California,West,Office Supplies,Appliances,43.26,9,3
2016-09-28,First Class,Corporate,San Francisco,California,West,Office Supplies,Appliances,43.56,9,3
2017-09-17,Standard Class,Corporate,Bangor,Maine,East,Technology,Phones,437.85,9,3
2017-09-17,Standard Class,Corporate,Bangor,Maine,East,Furniture,Furnishings,109.48,9,3
2018-06-16,First Class,Consumer,San Francisco,California,West,Office Supplies,Paper,18.54,6,2
2016-11-08,Second Class,Home Office,San Diego,California,West,Office Supplies,Fasteners,5.0,11,4
2016-11-08,Second Class,Home Office,San Diego,California,West,Technology,Accessories,371.97,11,4
2016-12-18,Same Day,Consumer,New York City,New York,East,Technology,Accessories,166.24,12,4
2018-02-06,First Class,Consumer,Arlington,Virginia,South,Furniture,Bookcases,359.97,2,1
2017-11-14,Second Class,Consumer,Atlanta,Georgia,South,Technology,Accessories,499.98,11,4
2017-11-14,Second Class,Consumer,Atlanta,Georgia,South,Office Supplies,Paper,5.28,11,4
2017-11-14,Second Class,Consumer,Atlanta,Georgia,South,Office Supplies,Binders,8.26,11,4
2018-10-12,Same Day,Home Office,Monroe,North Carolina,South,Office Supplies,Paper,7.968,10,4
2018-09-17,Same Day,Consumer,Seattle,Washington,West,Office Supplies,Paper,12.96,9,3
2018-12-20,Standard Class,Corporate,Rochester,New York,East,Office Supplies,Paper,6.48,12,4
2018-12-20,Standard Class,Corporate,Rochester,New York,East,Office Supplies,Binders,6.984,12,4
2018-12-02,Standard Class,Corporate,Miami,Florida,South,Office Supplies,Art,47.96,12,4
2016-09-21,Standard Class,Consumer,Seattle,Washington,West,Office Supplies,Storage,199.74,9,3
2016-03-06,Standard Class,Consumer,San Francisco,California,West,Furniture,Furnishings,435.26,3,1
2015-10-03,Second Class,Corporate,Los Angeles,California,West,Furniture,Tables,143.432,10,4
2015-10-03,Second Class,Corporate,Los Angeles,California,West,Furniture,Chairs,122.352,10,4
2015-06-27,Standard Class,Consumer,Southaven,Mississippi,South,Office Supplies,Storage,306.2,6,2
2015-06-27,Standard Class,Consumer,Southaven,Mississippi,South,Furniture,Tables,85.98,6,2
2015-06-27,Standard Class,Consumer,Southaven,Mississippi,South,Technology,Accessories,223.96,6,2
2018-10-30,First Class,Consumer,Seattle,Washington,West,Furniture,Chairs,97.568,10,4
2018-10-30,First Class,Consumer,Seattle,Washington,West,Furniture,Bookcases,199.98,10,4
2017-09-03,First Class,Corporate,Middletown,Connecticut,East,Office Supplies,Paper,48.16,9,3
2016-03-05,Standard Class,Consumer,New Castle,Indiana,Central,Technology,Phones,23.92,3,1
2016-03-05,Standard Class,Consumer,New Castle,Indiana,Central,Office Supplies,Appliances,60.69,3,1
2017-05-05,First Class,Corporate,Murfreesboro,Tennessee,South,Office Supplies,Paper,14.352,5,2
2018-11-17,Standard Class,Consumer,Salem,Virginia,South,Office Supplies,Appliances,35.04,11,4
2018-06-01,Second Class,Corporate,Toledo,Ohio,East,Office Supplies,Appliances,17.48,6,2
2018-06-10,First Class,Consumer,Los Angeles,California,West,Office Supplies,Art,16.4,6,2
2016-04-20,Standard Class,Corporate,Columbus,Georgia,South,Technology,Phones,287.97,4,2
2016-04-20,Standard Class,Corporate,Columbus,Georgia,South,Office Supplies,Paper,12.96,4,2
2016-11-01,Standard Class,Corporate,New York City,New York,East,Technology,Phones,4.95,11,4
2018-12-23,Standard Class,Corporate,Middletown,Connecticut,East,Furniture,Furnishings,181.95,12,4
2016-11-01,Standard Class,Consumer,New York City,New York,East,Office Supplies,Paper,13.52,11,4
2016-11-01,Standard Class,Consumer,New York City,New York,East,Furniture,Furnishings,259.7,11,4
2016-11-01,Standard Class,Consumer,New York City,New York,East,Technology,Phones,42.95,11,4
2015-11-14,Standard Class,Consumer,Midland,Michigan,Central,Office Supplies,Binders,12.72,11,4
2015-11-14,Standard Class,Consumer,Midland,Michigan,Central,Office Supplies,Binders,11.52,11,4
2017-01-17,Standard Class,Corporate,Columbus,Georgia,South,Technology,Accessories,316.0,1,1
2018-09-17,Second Class,Home Office,Roswell,Georgia,South,Office Supplies,Paper,106.32,9,3
2017-12-23,First Class,Corporate,Chicago,Illinois,Central,Furniture,Bookcases,141.372,12,4
2016-08-06,First Class,Corporate,Houston,Texas,Central,Office Supplies,Paper,27.216,8,3
2018-11-05,Standard Class,Consumer,New York City,New York,East,Technology,Accessories,390.75,11,4
2018-06-11,First Class,Home Office,Peoria,Arizona,West,Furniture,Chairs,280.792,6,2
2018-06-11,First Class,Home Office,Peoria,Arizona,West,Office Supplies,Storage,68.448,6,2
2018-06-11,First Class,Home Office,Peoria,Arizona,West,Office Supplies,Art,88.04,6,2
2018-06-11,First Class,Home Office,Peoria,Arizona,West,Office Supplies,Art,15.872,6,2
2018-06-11,First Class,Home Office,Peoria,Arizona,West,Office Supplies,Storage,215.592,6,2
2018-07-20,Standard Class,Corporate,Sioux Falls,South Dakota,Central,Office Supplies,Labels,14.62,7,3
2018-07-20,Standard Class,Corporate,Sioux Falls,South Dakota,Central,Office Supplies,Appliances,416.32,7,3
2018-07-20,Standard Class,Corporate,Sioux Falls,South Dakota,Central,Office Supplies,Binders,43.0,7,3
2018-07-20,Standard Class,Corporate,Sioux Falls,South Dakota,Central,Furniture,Chairs,182.94,7,3
2018-07-20,Standard Class,Corporate,Sioux Falls,South Dakota,Central,Office Supplies,Binders,60.83,7,3
2018-07-20,Standard Class,Corporate,Sioux Falls,South Dakota,Central,Technology,Accessories,389.97,7,3
2016-12-23,First Class,Consumer,Richmond,Virginia,South,Office Supplies,Appliances,194.32,12,4
2018-03-20,Standard Class,Corporate,Seattle,Washington,West,Technology,Accessories,265.93,3,1
2016-12-31,Second Class,Corporate,Henderson,Kentucky,South,Office Supplies,Binders,94.74,12,4
2016-12-31,Second Class,Corporate,Henderson,Kentucky,South,Office Supplies,Binders,60.64,12,4
2016-12-31,Second Class,Corporate,Henderson,Kentucky,South,Office Supplies,Binders,76.3,12,4
2016-12-31,Second Class,Corporate,Henderson,Kentucky,South,Office Supplies,Binders,364.8,12,4
2016-09-15,Second Class,Corporate,New York City,New York,East,Office Supplies,Binders,79.872,9,3
2016-09-15,Second Class,Corporate,New York City,New York,East,Furniture,Bookcases,46.384,9,3
2016-09-15,Second Class,Corporate,New York City,New York,East,Office Supplies,Paper,12.96,9,3
2018-09-23,First Class,Home Office,Fort Collins,Colorado,West,Office Supplies,Envelopes,14.352,9,3
2017-09-24,Second Class,Corporate,Los Angeles,California,West,Office Supplies,Storage,41.96,9,3
2017-09-24,Second Class,Corporate,Los Angeles,California,West,Office Supplies,Paper,41.7,9,3
2018-03-21,Standard Class,Consumer,Lafayette,Indiana,Central,Office Supplies,Paper,277.4,3,1
2018-03-21,Standard Class,Consumer,Lafayette,Indiana,Central,Office Supplies,Paper,5.78,3,1
2015-09-30,Standard Class,Consumer,Clarksville,Tennessee,South,Office Supplies,Appliances,69.216,9,3
2018-12-10,Same Day,Consumer,Fairfield,Connecticut,East,Office Supplies,Envelopes,10.86,12,4
2018-12-10,Same Day,Consumer,Fairfield,Connecticut,East,Office Supplies,Appliances,426.79,12,4
2015-08-23,Same Day,Consumer,New York City,New York,East,Office Supplies,Paper,25.92,8,3
2015-08-23,Same Day,Consumer,New York City,New York,East,Office Supplies,Paper,45.92,8,3
2015-08-19,Standard Class,Consumer,Columbus,Ohio,East,Office Supplies,Art,10.72,8,3
2017-11-10,Standard Class,Consumer,Warner Robins,Georgia,South,Office Supplies,Art,41.86,11,4
2015-12-31,First Class,Home Office,Franklin,Massachusetts,East,Furniture,Furnishings,63.2,12,4
2015-12-31,First Class,Home Office,Franklin,Massachusetts,East,Technology,Accessories,113.97,12,4
2015-07-26,Second Class,Consumer,Chicago,Illinois,Central,Office Supplies,Storage,123.552,7,3
2017-02-22,Standard Class,Home Office,Milwaukee,Wisconsin,Central,Office Supplies,Appliances,490.32,2,1
2017-03-13,Standard Class,Consumer,San Antonio,Texas,Central,Office Supplies,Paper,70.08,3,1
2017-03-13,Standard Class,Consumer,San Antonio,Texas,Central,Office Supplies,Binders,1.272,3,1
2018-12-02,Same Day,Corporate,Los Angeles,California,West,Office Supplies,Binders,9.024,12,4
2018-12-02,Same Day,Corporate,Los Angeles,California,West,Office Supplies,Binders,69.456,12,4
2018-12-02,Same Day,Corporate,Los Angeles,California,West,Office Supplies,Paper,10.86,12,4
2018-12-02,Same Day,Corporate,Los Angeles,California,West,Office Supplies,Appliances,79.47,12,4
2018-12-02,Same Day,Corporate,Los Angeles,California,West,Office Supplies,Art,10.08,12,4
2016-08-31,First Class,Corporate,San Francisco,California,West,Office Supplies,Binders,137.24,8,3
2016-08-31,First Class,Corporate,San Francisco,California,West,Technology,Accessories,36.51,8,3
2016-08-31,First Class,Corporate,San Francisco,California,West,Technology,Machines,239.976,8,3
2015-03-17,Standard Class,Corporate,New York City,New York,East,Office Supplies,Paper,34.86,3,1
2015-03-17,Standard Class,Corporate,New York City,New York,East,Office Supplies,Paper,155.04,3,1
2018-04-16,Standard Class,Consumer,Columbus,Ohio,East,Office Supplies,Binders,13.71,4,2
2017-03-13,Standard Class,Home Office,Waynesboro,Virginia,South,Furniture,Furnishings,127.88,3,1
2017-03-13,Standard Class,Home Office,Waynesboro,Virginia,South,Office Supplies,Appliances,160.32,3,1
2017-03-13,Standard Class,Home Office,Waynesboro,Virginia,South,Office Supplies,Binders,46.0,3,1
2015-11-24,Second Class,Consumer,Sacramento,California,West,Furniture,Chairs,120.712,11,4
2018-02-10,First Class,Consumer,Clinton,Maryland,East,Office Supplies,Paper,23.12,2,1
2017-09-23,Standard Class,Corporate,Fairfield,Ohio,East,Office Supplies,Art,4.912,9,3
2018-07-07,Second Class,Corporate,Warwick,Rhode Island,East,Technology,Accessories,252.0,7,3
2017-07-07,Second Class,Corporate,Aurora,Illinois,Central,Furniture,Furnishings,60.288,7,3
2017-07-07,Second Class,Corporate,Aurora,Illinois,Central,Office Supplies,Fasteners,2.632,7,3
2017-07-07,Second Class,Corporate,Aurora,Illinois,Central,Office Supplies,Paper,23.688,7,3
2017-07-07,Second Class,Corporate,Aurora,Illinois,Central,Furniture,Chairs,253.372,7,3
2018-01-24,Standard Class,Consumer,Smyrna,Georgia,South,Office Supplies,Fasteners,5.67,1,1
2015-08-19,Second Class,Consumer,Columbus,Ohio,East,Office Supplies,Binders,76.776,8,3
2015-08-19,Second Class,Consumer,Columbus,Ohio,East,Office Supplies,Supplies,9.184,8,3
2016-12-06,Standard Class,Home Office,Thousand Oaks,California,West,Office Supplies,Paper,32.75,12,4
2017-05-06,Standard Class,Home Office,Lorain,Ohio,East,Office Supplies,Fasteners,7.216,5,2
2017-05-06,Standard Class,Home Office,Lorain,Ohio,East,Office Supplies,Paper,49.568,5,2
2017-05-06,Standard Class,Home Office,Lorain,Ohio,East,Furniture,Furnishings,54.712,5,2
2018-03-25,First Class,Consumer,Fresno,California,West,Office Supplies,Appliances,176.04,3,1
2018-03-25,First Class,Consumer,Fresno,California,West,Office Supplies,Art,16.02,3,1
2018-03-25,First Class,Consumer,Fresno,California,West,Office Supplies,Binders,185.92,3,1
2018-03-25,First Class,Consumer,Fresno,California,West,Technology,Phones,211.168,3,1
2018-03-25,First Class,Consumer,Fresno,California,West,Technology,Copiers,479.984,3,1
2016-12-12,First Class,Consumer,San Diego,California,West,Office Supplies,Fasteners,7.86,12,4
2016-12-12,First Class,Consumer,San Diego,California,West,Office Supplies,Binders,24.448,12,4
2016-12-06,Standard Class,Consumer,New York City,New York,East,Office Supplies,Paper,6.48,12,4
2016-12-06,Standard Class,Consumer,New York City,New York,East,Office Supplies,Paper,41.86,12,4
2016-12-06,Standard Class,Consumer,New York City,New York,East,Furniture,Furnishings,113.92,12,4
2017-03-17,Standard Class,Consumer,Malden,Massachusetts,East,Office Supplies,Art,39.68,3,1
2016-11-14,Standard Class,Corporate,New York City,New York,East,Technology,Accessories,37.6,11,4
2016-11-14,Standard Class,Corporate,New York City,New York,East,Technology,Accessories,59.9,11,4
2016-11-14,Standard Class,Corporate,New York City,New York,East,Office Supplies,Paper,37.0,11,4
2018-08-14,Second Class,Consumer,San Francisco,California,West,Office Supplies,Labels,5.76,8,3
2018-08-14,Second Class,Consumer,San Francisco,California,West,Office Supplies,Art,16.68,8,3
2018-09-09,Standard Class,Corporate,Florence,South Carolina,South,Office Supplies,Storage,56.45,9,3
2018-04-01,Second Class,Consumer,Springfield,Missouri,Central,Office Supplies,Storage,94.2,4,2
2018-04-01,Second Class,Consumer,Springfield,Missouri,Central,Office Supplies,Envelopes,28.4,4,2
2018-10-07,Standard Class,Consumer,Los Angeles,California,West,Technology,Phones,128.744,10,4
2018-10-07,Standard Class,Consumer,Los Angeles,California,West,Technology,Phones,79.92,10,4
2018-01-20,Standard Class,Consumer,San Francisco,California,West,Office Supplies,Art,24.2,1,1
2018-01-20,Standard Class,Consumer,San Francisco,California,West,Technology,Phones,359.976,1,1
2018-03-23,First Class,Home Office,San Francisco,California,West,Furniture,Furnishings,211.84,3,1
2015-08-01,Standard Class,Home Office,Philadelphia,Pennsylvania,East,Office Supplies,Fasteners,5.68,8,3
2016-06-07,Second Class,Corporate,Los Angeles,California,West,Office Supplies,Binders,7.52,6,2
2015-11-12,Standard Class,Consumer,Los Angeles,California,West,Office Supplies,Paper,11.96,11,4
2016-07-06,Standard Class,Home Office,Holyoke,Massachusetts,East,Furniture,Bookcases,301.96,7,3
2018-10-12,Standard Class,Corporate,Albuquerque,New Mexico,West,Office Supplies,Binders,79.872,10,4
2018-11-09,Standard Class,Corporate,Coachella,California,West,Office Supplies,Storage,63.56,11,4
2018-11-09,Standard Class,Corporate,Coachella,California,West,Technology,Accessories,99.99,11,4
2017-04-18,Standard Class,Home Office,Elmhurst,Illinois,Central,Office Supplies,Storage,230.376,4,2
2017-04-18,Standard Class,Home Office,Elmhurst,Illinois,Central,Office Supplies,Paper,9.664,4,2
2018-12-25,Standard Class,Consumer,Fairfield,Ohio,East,Technology,Accessories,158.928,12,4
2018-12-25,Standard Class,Consumer,Fairfield,Ohio,East,Office Supplies,Binders,13.023,12,4
2018-12-25,Standard Class,Consumer,Fairfield,Ohio,East,Furniture,Tables,273.06,12,4
2018-12-25,Standard Class,Consumer,Fairfield,Ohio,East,Office Supplies,Fasteners,39.312,12,4
2017-06-11,Standard Class,Corporate,Arlington,Texas,Central,Office Supplies,Binders,1.344,6,2
2017-06-11,Standard Class,Corporate,Arlington,Texas,Central,Office Supplies,Binders,8.272,6,2
2017-06-11,Standard Class,Corporate,Arlington,Texas,Central,Furniture,Furnishings,12.544,6,2
2018-05-13,Standard Class,Home Office,San Francisco,California,West,Office Supplies,Labels,58.48,5,2
2018-12-28,Standard Class,Corporate,Seattle,Washington,West,Furniture,Furnishings,7.4,12,4
2015-03-25,Standard Class,Consumer,New York City,New York,East,Furniture,Chairs,366.786,3,1
2018-05-28,Standard Class,Consumer,Houston,Texas,Central,Technology,Phones,54.368,5,2
2016-11-14,First Class,Corporate,Springfield,Virginia,South,Office Supplies,Envelopes,33.96,11,4
2015-11-18,Second Class,Consumer,Louisville,Colorado,West,Furniture,Tables,145.98,11,4
2015-11-18,Second Class,Consumer,Louisville,Colorado,West,Office Supplies,Paper,35.808,11,4
2018-07-17,Standard Class,Consumer,Tampa,Florida,South,Furniture,Furnishings,7.904,7,3
2017-05-22,Standard Class,Consumer,Passaic,New Jersey,East,Technology,Phones,345.0,5,2
2017-05-22,Standard Class,Consumer,Passaic,New Jersey,East,Furniture,Tables,174.286,5,2
2017-05-22,Standard Class,Consumer,Passaic,New Jersey,East,Technology,Accessories,95.1,5,2
2017-05-22,Standard Class,Consumer,Passaic,New Jersey,East,Office Supplies,Envelopes,26.88,5,2
2017-05-22,Standard Class,Consumer,Passaic,New Jersey,East,Technology,Phones,257.98,5,2
2016-09-25,Standard Class,Consumer,Los Angeles,California,West,Office Supplies,Envelopes,17.48,9,3
2017-10-31,Standard Class,Consumer,Philadelphia,Pennsylvania,East,Furniture,Chairs,492.835,10,4
2016-09-14,Second Class,Consumer,North Charleston,South Carolina,South,Office Supplies,Storage,269.49,9,3
2017-11-05,Standard Class,Home Office,San Jose,California,West,Office Supplies,Binders,29.12,11,4
2018-03-17,Second Class,Consumer,New York City,New York,East,Office Supplies,Labels,18.75,3,1
2018-03-17,Second Class,Consumer,New York City,New York,East,Technology,Phones,119.7,3,1
2018-03-17,Second Class,Consumer,New York City,New York,East,Office Supplies,Binders,9.144,3,1
2018-03-17,Second Class,Consumer,New York City,New York,East,Technology,Accessories,57.06,3,1
2018-03-17,Second Class,Consumer,New York City,New York,East,Technology,Accessories,71.6,3,1
2018-03-17,Second Class,Consumer,New York City,New York,East,Office Supplies,Storage,107.44,3,1
2018-03-17,Second Class,Consumer,New York City,New York,East,Office Supplies,Labels,7.31,3,1
2018-03-17,Second Class,Consumer,New York City,New York,East,Office Supplies,Art,59.1,3,1
2018-03-17,Second Class,Consumer,New York City,New York,East,Office Supplies,Storage,46.53,3,1
2018-08-15,Standard Class,Consumer,Plainfield,New Jersey,East,Office Supplies,Appliances,97.84,8,3
2016-07-11,Second Class,Consumer,Seattle,Washington,West,Office Supplies,Paper,29.97,7,3
2016-07-11,Second Class,Consumer,Seattle,Washington,West,Office Supplies,Binders,98.352,7,3
2018-12-03,Standard Class,Consumer,New York City,New York,East,Office Supplies,Binders,83.92,12,4
2018-12-03,Standard Class,Consumer,New York City,New York,East,Office Supplies,Binders,14.624,12,4
2018-12-03,Standard Class,Consumer,New York City,New York,East,Technology,Phones,136.99,12,4
2018-12-03,Standard Class,Consumer,New York City,New York,East,Office Supplies,Labels,3.15,12,4
2018-05-04,Standard Class,Consumer,Newport News,Virginia,South,Office Supplies,Paper,9.11,5,2
2018-05-04,Standard Class,Consumer,Newport News,Virginia,South,Office Supplies,Paper,32.4,5,2
2018-05-04,Standard Class,Consumer,Newport News,Virginia,South,Office Supplies,Storage,16.91,5,2
2017-01-22,Standard Class,Consumer,Fayetteville,North Carolina,South,Furniture,Furnishings,14.272,1,1
2017-01-22,Standard Class,Consumer,Fayetteville,North Carolina,South,Furniture,Bookcases,451.136,1,1
2017-01-22,Standard Class,Consumer,Fayetteville,North Carolina,South,Office Supplies,Appliances,64.864,1,1
2017-11-03,First Class,Consumer,Los Angeles,California,West,Furniture,Chairs,217.584,11,4
2017-11-03,First Class,Consumer,Los Angeles,California,West,Technology,Accessories,82.95,11,4
2017-11-03,First Class,Consumer,Los Angeles,California,West,Office Supplies,Labels,87.71,11,4
2015-09-13,Standard Class,Consumer,New York City,New York,East,Office Supplies,Art,5.46,9,3
2018-06-19,Standard Class,Consumer,Dallas,Texas,Central,Office Supplies,Supplies,11.184,6,2
2018-06-19,Standard Class,Consumer,Dallas,Texas,Central,Office Supplies,Storage,153.584,6,2
2018-08-28,Standard Class,Home Office,Seattle,Washington,West,Technology,Phones,35.168,8,3
2018-08-28,Standard Class,Home Office,Seattle,Washington,West,Office Supplies,Binders,99.68,8,3
2018-08-28,Standard Class,Home Office,Seattle,Washington,West,Office Supplies,Art,5.56,8,3
2016-01-02,Second Class,Corporate,Newark,Delaware,East,Office Supplies,Storage,85.52,1,1
2016-01-02,Second Class,Corporate,Newark,Delaware,East,Office Supplies,Art,9.84,1,1
2016-01-02,Second Class,Corporate,Newark,Delaware,East,Office Supplies,Paper,20.04,1,1
2016-10-09,Second Class,Consumer,New York City,New York,East,Office Supplies,Paper,23.92,10,4
2015-12-13,Second Class,Consumer,Los Angeles,California,West,Office Supplies,Paper,90.24,12,4
2017-09-10,Second Class,Consumer,Houston,Texas,Central,Furniture,Tables,300.93,9,3
2016-09-26,Standard Class,Home Office,San Diego,California,West,Office Supplies,Storage,64.17,9,3
2016-09-26,Standard Class,Home Office,San Diego,California,West,Office Supplies,Envelopes,124.46,9,3
2017-05-19,Standard Class,Corporate,San Francisco,California,West,Office Supplies,Binders,9.584,5,2
2018-06-22,First Class,Consumer,Miami,Florida,South,Office Supplies,Envelopes,37.608,6,2
2018-06-17,First Class,Corporate,Skokie,Illinois,Central,Office Supplies,Paper,12.224,6,2
2018-06-17,First Class,Corporate,Skokie,Illinois,Central,Office Supplies,Binders,2.304,6,2
2018-06-17,First Class,Corporate,Skokie,Illinois,Central,Office Supplies,Binders,9.36,6,2
2017-11-14,Standard Class,Consumer,San Francisco,California,West,Office Supplies,Labels,7.38,11,4
2015-07-25,Second Class,Consumer,San Francisco,California,West,Office Supplies,Storage,53.72,7,3
2015-07-25,Second Class,Consumer,San Francisco,California,West,Furniture,Furnishings,77.92,7,3
2016-07-02,Same Day,Consumer,Houston,Texas,Central,Office Supplies,Appliances,32.784,7,3
2018-03-02,Standard Class,Corporate,Los Angeles,California,West,Technology,Phones,196.776,3,1
2018-03-02,Standard Class,Corporate,Los Angeles,California,West,Technology,Accessories,479.94,3,1
2016-04-18,First Class,Consumer,Monroe,Louisiana,South,Technology,Accessories,106.5,4,2
2018-12-02,Standard Class,Home Office,Tampa,Florida,South,Office Supplies,Binders,45.66,12,4
2017-11-11,Standard Class,Corporate,Chicago,Illinois,Central,Technology,Accessories,95.968,11,4
2017-11-11,Standard Class,Corporate,Chicago,Illinois,Central,Furniture,Chairs,47.992,11,4
2015-09-05,Standard Class,Consumer,Bowling Green,Ohio,East,Office Supplies,Storage,264.32,9,3
2018-05-02,Standard Class,Corporate,Westfield,New Jersey,East,Furniture,Furnishings,129.93,5,2
2017-10-15,Standard Class,Home Office,Oklahoma City,Oklahoma,Central,Office Supplies,Labels,20.16,10,4
2017-10-15,Standard Class,Home Office,Oklahoma City,Oklahoma,Central,Office Supplies,Labels,29.46,10,4
2017-10-15,Standard Class,Home Office,Oklahoma City,Oklahoma,Central,Office Supplies,Paper,12.96,10,4
2017-10-15,Standard Class,Home Office,Oklahoma City,Oklahoma,Central,Technology,Phones,5.5,10,4
2017-10-15,Standard Class,Home Office,Oklahoma City,Oklahoma,Central,Office Supplies,Binders,121.6,10,4
2016-04-06,Standard Class,Consumer,Houston,Texas,Central,Office Supplies,Art,42.048,4,2
2016-04-06,Standard Class,Consumer,Houston,Texas,Central,Technology,Accessories,25.488,4,2
2016-04-06,Standard Class,Consumer,Houston,Texas,Central,Office Supplies,Binders,6.9,4,2
2016-04-06,Standard Class,Consumer,Houston,Texas,Central,Office Supplies,Binders,9.648,4,2
2016-04-06,Standard Class,Consumer,Houston,Texas,Central,Office Supplies,Paper,7.968,4,2
2015-10-24,Standard Class,Home Office,Fort Lauderdale,Florida,South,Office Supplies,Paper,10.368,10,4
2015-08-17,Standard Class,Corporate,Little Rock,Arkansas,South,Office Supplies,Paper,114.2,8,3
2015-08-17,Standard Class,Corporate,Little Rock,Arkansas,South,Office Supplies,Binders,17.96,8,3
2015-08-17,Standard Class,Corporate,Little Rock,Arkansas,South,Office Supplies,Fasteners,12.67,8,3
2015-08-17,Standard Class,Corporate,Little Rock,Arkansas,South,Technology,Accessories,339.96,8,3
2016-09-06,First Class,Corporate,La Quinta,California,West,Technology,Accessories,46.32,9,3
2016-01-27,Second Class,Consumer,Cleveland,Ohio,East,Furniture,Chairs,181.986,1,1
2016-01-27,Second Class,Consumer,Cleveland,Ohio,East,Technology,Phones,431.976,1,1
2016-01-27,Second Class,Consumer,Cleveland,Ohio,East,Technology,Phones,155.37,1,1
2017-04-30,Standard Class,Corporate,Scottsdale,Arizona,West,Furniture,Furnishings,111.888,4,2
2015-09-26,Second Class,Corporate,Philadelphia,Pennsylvania,East,Office Supplies,Appliances,143.952,9,3
2017-09-08,Standard Class,Home Office,Malden,Massachusetts,East,Furniture,Bookcases,173.94,9,3
2017-09-08,Standard Class,Home Office,Malden,Massachusetts,East,Office Supplies,Labels,14.76,9,3
2018-04-16,Standard Class,Consumer,San Jose,California,West,Office Supplies,Storage,205.92,4,2
2018-04-16,Standard Class,Consumer,San Jose,California,West,Furniture,Bookcases,102.833,4,2
2016-08-16,Standard Class,Consumer,Phoenix,Arizona,West,Office Supplies,Art,2.304,8,3
2016-08-16,Standard Class,Consumer,Phoenix,Arizona,West,Office Supplies,Paper,313.024,8,3
2016-08-16,Standard Class,Consumer,Phoenix,Arizona,West,Office Supplies,Labels,5.04,8,3
2018-11-19,Standard Class,Consumer,Henderson,Kentucky,South,Office Supplies,Binders,21.96,11,4
2017-09-14,Standard Class,Home Office,Columbia,South Carolina,South,Office Supplies,Paper,25.92,9,3
2016-09-26,Standard Class,Consumer,New York City,New York,East,Technology,Accessories,50.0,9,3
2017-10-08,Standard Class,Corporate,Houston,Texas,Central,Furniture,Furnishings,51.712,10,4
2016-03-24,Standard Class,Corporate,Coral Springs,Florida,South,Office Supplies,Appliances,6.992,3,1
2016-05-31,Standard Class,Consumer,Orem,Utah,West,Office Supplies,Labels,15.75,5,2
2016-05-31,Standard Class,Consumer,Orem,Utah,West,Office Supplies,Storage,323.1,5,2
2016-12-25,Standard Class,Consumer,Nashville,Tennessee,South,Office Supplies,Labels,9.216,12,4
2016-12-25,Standard Class,Consumer,Nashville,Tennessee,South,Office Supplies,Paper,10.368,12,4
2016-03-17,Second Class,Corporate,New York City,New York,East,Technology,Accessories,15.02,3,1
2016-03-17,Second Class,Corporate,New York City,New York,East,Office Supplies,Storage,33.82,3,1
2018-12-21,First Class,Consumer,Bowling Green,Kentucky,South,Technology,Accessories,71.0,12,4
2018-11-01,Second Class,Consumer,Bellingham,Washington,West,Office Supplies,Binders,25.12,11,4
2018-09-07,Standard Class,Corporate,New York City,New York,East,Office Supplies,Storage,478.08,9,3
2018-12-27,Same Day,Corporate,Newark,Ohio,East,Technology,Phones,164.388,12,4
2018-12-27,Same Day,Corporate,Newark,Ohio,East,Office Supplies,Art,13.248,12,4
2018-07-16,Standard Class,Home Office,Woodstock,Illinois,Central,Office Supplies,Art,2.912,7,3
2015-11-22,Standard Class,Corporate,Columbus,Georgia,South,Office Supplies,Envelopes,16.23,11,4
2015-11-22,Standard Class,Corporate,Columbus,Georgia,South,Office Supplies,Binders,319.9,11,4
2015-11-22,Standard Class,Corporate,Columbus,Georgia,South,Office Supplies,Envelopes,11.36,11,4
2015-01-26,Standard Class,Home Office,Alexandria,Virginia,South,Furniture,Furnishings,62.82,1,1
2015-01-26,Standard Class,Home Office,Alexandria,Virginia,South,Office Supplies,Storage,489.92,1,1
2015-01-26,Standard Class,Home Office,Alexandria,Virginia,South,Office Supplies,Paper,19.44,1,1
2015-01-26,Standard Class,Home Office,Alexandria,Virginia,South,Office Supplies,Paper,16.68,1,1
2015-01-26,Standard Class,Home Office,Alexandria,Virginia,South,Technology,Phones,155.35,1,1
2015-01-26,Standard Class,Home Office,Alexandria,Virginia,South,Furniture,Furnishings,12.42,1,1
2015-01-26,Standard Class,Home Office,Alexandria,Virginia,South,Technology,Phones,187.98,1,1
2016-11-03,Standard Class,Corporate,Haltom City,Texas,Central,Office Supplies,Envelopes,6.608,11,4
2018-06-30,Standard Class,Consumer,New York City,New York,East,Office Supplies,Storage,248.57,6,2
2018-06-30,Standard Class,Consumer,New York City,New York,East,Furniture,Furnishings,22.23,6,2
2017-05-05,Standard Class,Home Office,Los Angeles,California,West,Office Supplies,Storage,5.98,5,2
2017-05-05,Standard Class,Home Office,Los Angeles,California,West,Technology,Phones,246.168,5,2
2017-09-08,Standard Class,Consumer,Wheeling,Illinois,Central,Furniture,Furnishings,14.136,9,3
2018-11-24,Second Class,Corporate,Summerville,South Carolina,South,Technology,Phones,79.1,11,4
2018-11-24,Second Class,Corporate,Summerville,South Carolina,South,Office Supplies,Binders,327.84,11,4
2018-05-13,Standard Class,Corporate,Columbus,Indiana,Central,Office Supplies,Envelopes,180.96,5,2
2018-05-13,Standard Class,Corporate,Columbus,Indiana,Central,Office Supplies,Paper,14.94,5,2
2018-04-23,Standard Class,Consumer,New York City,New York,East,Office Supplies,Appliances,121.94,4,2
2018-04-23,Standard Class,Consumer,New York City,New York,East,Office Supplies,Supplies,122.71,4,2
2017-06-04,Same Day,Consumer,New York City,New York,East,Office Supplies,Paper,14.94,6,2
2017-06-04,Same Day,Consumer,New York City,New York,East,Furniture,Bookcases,136.784,6,2
2017-06-04,Same Day,Consumer,New York City,New York,East,Furniture,Furnishings,61.12,6,2
2015-12-16,Standard Class,Corporate,Jacksonville,Florida,South,Office Supplies,Binders,1.167,12,4
2017-03-04,Standard Class,Home Office,San Diego,California,West,Office Supplies,Art,16.99,3,1
2015-11-25,Standard Class,Corporate,Arlington,Texas,Central,Technology,Accessories,24.672,11,4
2015-11-25,Standard Class,Corporate,Arlington,Texas,Central,Office Supplies,Labels,2.52,11,4
2015-11-25,Standard Class,Corporate,Arlington,Texas,Central,Office Supplies,Labels,5.904,11,4
2015-11-25,Standard Class,Corporate,Arlington,Texas,Central,Office Supplies,Paper,15.696,11,4
2015-11-25,Standard Class,Corporate,Arlington,Texas,Central,Furniture,Furnishings,6.096,11,4
2017-04-28,Standard Class,Corporate,Los Angeles,California,West,Furniture,Chairs,41.568,4,2
2015-04-26,Standard Class,Corporate,Los Angeles,California,West,Furniture,Chairs,230.28,4,2
2015-04-26,Standard Class,Corporate,Los Angeles,California,West,Office Supplies,Binders,18.288,4,2
2018-04-01,Standard Class,Consumer,San Francisco,California,West,Office Supplies,Labels,5.78,4,2
2018-04-01,Standard Class,Consumer,San Francisco,California,West,Office Supplies,Binders,121.68,4,2
2018-12-22,Standard Class,Corporate,Carlsbad,New Mexico,West,Office Supplies,Art,4.17,12,4
2018-12-22,Standard Class,Corporate,Carlsbad,New Mexico,West,Technology,Phones,67.04,12,4
2018-12-22,Standard Class,Corporate,Carlsbad,New Mexico,West,Office Supplies,Storage,37.32,12,4
2018-12-22,Standard Class,Corporate,Carlsbad,New Mexico,West,Office Supplies,Labels,18.45,12,4
2015-12-03,Second Class,Corporate,Saint Louis,Missouri,Central,Office Supplies,Paper,25.92,12,4
2018-10-22,First Class,Home Office,New York City,New York,East,Office Supplies,Envelopes,63.9,10,4
2018-10-22,First Class,Home Office,New York City,New York,East,Technology,Phones,52.99,10,4
2018-11-13,First Class,Corporate,Springfield,Ohio,East,Technology,Accessories,60.864,11,4
2018-11-13,First Class,Corporate,Springfield,Ohio,East,Office Supplies,Binders,11.22,11,4
2016-09-10,Standard Class,Consumer,Tulsa,Oklahoma,Central,Office Supplies,Paper,14.94,9,3
2018-05-15,Standard Class,Consumer,Seattle,Washington,West,Furniture,Furnishings,39.96,5,2
2018-05-15,Standard Class,Consumer,Seattle,Washington,West,Furniture,Chairs,42.624,5,2
2018-05-15,Standard Class,Consumer,Seattle,Washington,West,Furniture,Chairs,220.96,5,2
2016-07-05,Second Class,Corporate,Fayetteville,North Carolina,South,Furniture,Furnishings,4.928,7,3
2016-07-05,Second Class,Corporate,Fayetteville,North Carolina,South,Office Supplies,Binders,7.23,7,3
2016-08-15,Standard Class,Corporate,Los Angeles,California,West,Office Supplies,Storage,323.1,8,3
2018-06-12,Standard Class,Consumer,New York City,New York,East,Office Supplies,Paper,19.04,6,2
2018-06-12,Standard Class,Consumer,New York City,New York,East,Office Supplies,Binders,13.128,6,2
2018-06-12,Standard Class,Consumer,New York City,New York,East,Office Supplies,Art,64.14,6,2
2016-02-20,Standard Class,Consumer,Hot Springs,Arkansas,South,Technology,Accessories,29.99,2,1
2017-12-29,First Class,Consumer,Aurora,Illinois,Central,Office Supplies,Paper,186.048,12,4
2017-04-17,Second Class,Home Office,Raleigh,North Carolina,South,Technology,Phones,36.792,4,2
2017-04-17,Second Class,Home Office,Raleigh,North Carolina,South,Furniture,Furnishings,18.624,4,2
2015-09-07,Second Class,Consumer,Tulsa,Oklahoma,Central,Furniture,Furnishings,57.69,9,3
2015-09-07,Second Class,Consumer,Tulsa,Oklahoma,Central,Office Supplies,Binders,42.81,9,3
2015-09-07,Second Class,Consumer,Tulsa,Oklahoma,Central,Office Supplies,Paper,12.96,9,3
2015-09-07,Second Class,Consumer,Tulsa,Oklahoma,Central,Technology,Phones,104.85,9,3
2017-09-26,Standard Class,Corporate,Hesperia,California,West,Furniture,Bookcases,424.9575,9,3
2018-09-17,Second Class,Corporate,Provo,Utah,West,Office Supplies,Binders,10.776,9,3
2018-09-17,Second Class,Corporate,Provo,Utah,West,Office Supplies,Binders,11.784,9,3
2018-09-17,Second Class,Corporate,Provo,Utah,West,Office Supplies,Paper,164.88,9,3
2018-09-17,Second Class,Corporate,Provo,Utah,West,Office Supplies,Binders,25.584,9,3
2018-09-17,Second Class,Corporate,Provo,Utah,West,Office Supplies,Storage,261.74,9,3
2018-09-17,Second Class,Corporate,Provo,Utah,West,Office Supplies,Labels,14.4,9,3
2017-08-16,Standard Class,Consumer,San Francisco,California,West,Office Supplies,Envelopes,10.86,8,3
2018-11-28,Standard Class,Corporate,New York City,New York,East,Office Supplies,Envelopes,79.96,11,4
2018-04-14,First Class,Home Office,Springfield,Missouri,Central,Office Supplies,Binders,8.76,4,2
2017-05-01,First Class,Consumer,Memphis,Tennessee,South,Office Supplies,Labels,3.984,5,2
2017-05-01,First Class,Consumer,Memphis,Tennessee,South,Furniture,Tables,370.62,5,2
2017-05-01,First Class,Consumer,Memphis,Tennessee,South,Office Supplies,Binders,2.742,5,2
2017-10-01,Same Day,Consumer,Amarillo,Texas,Central,Technology,Accessories,79.512,10,4
2017-10-01,Same Day,Consumer,Amarillo,Texas,Central,Office Supplies,Paper,28.352,10,4
2016-08-25,Standard Class,Home Office,Los Angeles,California,West,Furniture,Chairs,40.784,8,3
2016-08-25,Standard Class,Home Office,Los Angeles,California,West,Office Supplies,Appliances,105.96,8,3
2015-09-09,Second Class,Corporate,Lowell,Massachusetts,East,Office Supplies,Paper,166.44,9,3
2015-09-09,Second Class,Corporate,Lowell,Massachusetts,East,Office Supplies,Paper,26.2,9,3
2018-12-03,Same Day,Consumer,San Diego,California,West,Office Supplies,Paper,166.44,12,4
2018-11-27,Standard Class,Consumer,Asheville,North Carolina,South,Office Supplies,Art,8.76,11,4
2018-11-27,Standard Class,Consumer,Asheville,North Carolina,South,Office Supplies,Appliances,43.584,11,4
2015-06-21,Same Day,Consumer,Pueblo,Colorado,West,Office Supplies,Binders,11.088,6,2
2015-06-21,Same Day,Consumer,Pueblo,Colorado,West,Office Supplies,Binders,25.164,6,2
2018-01-21,Standard Class,Home Office,Jackson,Michigan,Central,Office Supplies,Binders,14.4,1,1
2018-01-21,Standard Class,Home Office,Jackson,Michigan,Central,Office Supplies,Binders,89.52,1,1
2018-01-21,Standard Class,Home Office,Jackson,Michigan,Central,Technology,Machines,350.973,1,1
2018-01-21,Standard Class,Home Office,Jackson,Michigan,Central,Technology,Phones,164.99,1,1
2018-06-29,Standard Class,Consumer,Los Angeles,California,West,Office Supplies,Binders,312.552,6,2
2017-09-06,Standard Class,Consumer,Thomasville,North Carolina,South,Office Supplies,Envelopes,95.952,9,3
2017-09-06,Standard Class,Consumer,Thomasville,North Carolina,South,Office Supplies,Binders,3.204,9,3
2017-08-04,First Class,Consumer,Peoria,Illinois,Central,Office Supplies,Binders,3.98,8,3
2016-11-12,First Class,Corporate,Los Angeles,California,West,Office Supplies,Paper,15.7,11,4
2015-06-30,First Class,Consumer,Chicago,Illinois,Central,Office Supplies,Art,5.248,6,2
2018-12-04,Standard Class,Consumer,Philadelphia,Pennsylvania,East,Office Supplies,Binders,5.346,12,4
2017-08-28,Standard Class,Consumer,Englewood,Colorado,West,Office Supplies,Paper,15.48,8,3
2017-08-28,Standard Class,Consumer,Englewood,Colorado,West,Technology,Phones,108.576,8,3
2017-01-22,Standard Class,Corporate,Seattle,Washington,West,Furniture,Furnishings,109.9,1,1
2015-10-15,Standard Class,Consumer,Hialeah,Florida,South,Furniture,Furnishings,15.384,10,4
2017-02-07,First Class,Consumer,Lancaster,Ohio,East,Office Supplies,Paper,30.352,2,1
2015-03-18,Standard Class,Home Office,Jacksonville,Florida,South,Office Supplies,Paper,21.376,3,1
2015-03-18,Standard Class,Home Office,Jacksonville,Florida,South,Office Supplies,Art,8.016,3,1
2015-03-18,Standard Class,Home Office,Jacksonville,Florida,South,Furniture,Furnishings,30.768,3,1
2015-03-18,Standard Class,Home Office,Jacksonville,Florida,South,Office Supplies,Fasteners,18.936,3,1
2015-03-18,Standard Class,Home Office,Jacksonville,Florida,South,Furniture,Furnishings,122.352,3,1
2015-05-24,Standard Class,Consumer,Baltimore,Maryland,East,Office Supplies,Paper,116.28,5,2
2018-07-11,Second Class,Consumer,New York City,New York,East,Technology,Accessories,132.6,7,3
2018-06-16,Standard Class,Home Office,Carlsbad,New Mexico,West,Office Supplies,Supplies,16.68,6,2
2018-06-16,Standard Class,Home Office,Carlsbad,New Mexico,West,Office Supplies,Paper,19.44,6,2
2018-06-16,Standard Class,Home Office,Carlsbad,New Mexico,West,Office Supplies,Paper,192.16,6,2
2016-01-30,Standard Class,Consumer,Los Angeles,California,West,Furniture,Furnishings,227.36,1,1
2016-12-11,Standard Class,Consumer,Jacksonville,Florida,South,Office Supplies,Binders,12.828,12,4
2018-10-09,First Class,Corporate,Lakewood,Ohio,East,Furniture,Furnishings,45.888,10,4
2018-07-29,Second Class,Consumer,Troy,New York,East,Office Supplies,Art,60.12,7,3
2015-04-25,Standard Class,Consumer,Wilmington,North Carolina,South,Technology,Phones,302.376,4,2
2016-12-01,Standard Class,Home Office,Seattle,Washington,West,Office Supplies,Art,13.9,12,4
2015-12-04,Standard Class,Corporate,New York City,New York,East,Technology,Phones,129.98,12,4
2018-08-26,Standard Class,Home Office,Columbus,Georgia,South,Technology,Accessories,71.98,8,3
2015-09-07,Standard Class,Consumer,New York City,New York,East,Technology,Phones,377.97,9,3
2018-12-21,Standard Class,Consumer,Costa Mesa,California,West,Office Supplies,Storage,124.36,12,4
2015-12-06,Second Class,Consumer,Houston,Texas,Central,Furniture,Furnishings,23.976,12,4
2015-11-04,Second Class,Corporate,Cary,North Carolina,South,Office Supplies,Fasteners,8.376,11,4
2015-11-04,Second Class,Corporate,Cary,North Carolina,South,Office Supplies,Appliances,58.24,11,4
2017-04-14,Second Class,Consumer,Alexandria,Virginia,South,Office Supplies,Storage,81.2,4,2
2015-10-04,Standard Class,Consumer,Vallejo,California,West,Office Supplies,Labels,14.45,10,4
2015-10-04,Standard Class,Consumer,Vallejo,California,West,Office Supplies,Binders,95.648,10,4
2018-11-07,Standard Class,Consumer,Philadelphia,Pennsylvania,East,Technology,Phones,359.97,11,4
2018-11-07,Standard Class,Consumer,Philadelphia,Pennsylvania,East,Furniture,Tables,350.352,11,4
2018-12-22,First Class,Consumer,Toledo,Ohio,East,Office Supplies,Binders,1.641,12,4
2018-02-13,Standard Class,Consumer,Seattle,Washington,West,Office Supplies,Art,6.63,2,1
2018-02-13,Standard Class,Consumer,Seattle,Washington,West,Furniture,Furnishings,107.53,2,1
2015-07-02,Standard Class,Consumer,Plainfield,New Jersey,East,Technology,Phones,73.98,7,3
2015-07-02,Standard Class,Consumer,Plainfield,New Jersey,East,Office Supplies,Art,5.58,7,3
2016-02-21,Second Class,Consumer,Las Cruces,New Mexico,West,Office Supplies,Paper,49.12,2,1
2016-11-13,Standard Class,Consumer,Newark,Delaware,East,Technology,Phones,377.97,11,4
2016-11-13,Standard Class,Consumer,Newark,Delaware,East,Office Supplies,Paper,42.28,11,4
2016-11-13,Standard Class,Consumer,Newark,Delaware,East,Furniture,Bookcases,299.97,11,4
2016-11-13,Standard Class,Consumer,Newark,Delaware,East,Technology,Phones,89.98,11,4
2018-04-16,First Class,Corporate,Hoover,Alabama,South,Office Supplies,Supplies,477.24,4,2
2018-04-16,First Class,Corporate,Hoover,Alabama,South,Technology,Accessories,25.98,4,2
2017-02-25,Second Class,Consumer,Newark,Ohio,East,Office Supplies,Envelopes,46.72,2,1
2015-11-04,Standard Class,Consumer,San Diego,California,West,Furniture,Furnishings,35.34,11,4
2016-06-20,Second Class,Corporate,San Francisco,California,West,Furniture,Furnishings,257.64,6,2
2016-06-20,Second Class,Corporate,San Francisco,California,West,Technology,Phones,125.976,6,2
2018-08-07,Second Class,Consumer,Jacksonville,North Carolina,South,Technology,Accessories,79.992,8,3
2016-11-22,Standard Class,Home Office,Frisco,Texas,Central,Technology,Accessories,27.168,11,4
2016-12-04,Standard Class,Consumer,Tallahassee,Florida,South,Office Supplies,Binders,8.226,12,4
2015-08-08,Second Class,Consumer,Vacaville,California,West,Office Supplies,Storage,423.28,8,3
2015-05-26,Standard Class,Consumer,Los Angeles,California,West,Furniture,Chairs,225.296,5,2
2016-04-17,Standard Class,Consumer,San Francisco,California,West,Office Supplies,Art,5.56,4,2
2016-04-17,Standard Class,Consumer,San Francisco,California,West,Technology,Accessories,323.37,4,2
2016-04-17,Standard Class,Consumer,San Francisco,California,West,Office Supplies,Paper,11.96,4,2
2017-06-11,Second Class,Consumer,New York City,New York,East,Technology,Accessories,239.97,6,2
2017-03-11,Standard Class,Home Office,Columbus,Georgia,South,Furniture,Furnishings,76.92,3,1
2017-03-11,Standard Class,Home Office,Columbus,Georgia,South,Office Supplies,Storage,481.32,3,1
2015-05-26,First Class,Home Office,Murray,Utah,West,Office Supplies,Paper,48.4,5,2
2018-10-12,First Class,Home Office,San Francisco,California,West,Technology,Accessories,0.99,10,4
2018-10-12,First Class,Home Office,San Francisco,California,West,Office Supplies,Binders,101.84,10,4
2018-06-22,Standard Class,Home Office,Philadelphia,Pennsylvania,East,Office Supplies,Binders,10.332,6,2
2018-06-22,Standard Class,Home Office,Philadelphia,Pennsylvania,East,Office Supplies,Binders,31.155,6,2
2018-06-22,Standard Class,Home Office,Philadelphia,Pennsylvania,East,Office Supplies,Storage,8.928,6,2
2018-01-15,First Class,Consumer,Philadelphia,Pennsylvania,East,Office Supplies,Appliances,34.384,1,1
2016-04-02,Standard Class,Consumer,Dallas,Texas,Central,Office Supplies,Appliances,32.192,4,2
2016-04-02,Standard Class,Consumer,Dallas,Texas,Central,Technology,Accessories,50.12,4,2
2016-04-02,Standard Class,Consumer,Dallas,Texas,Central,Technology,Accessories,47.976,4,2
2017-09-03,Standard Class,Consumer,Waukesha,Wisconsin,Central,Office Supplies,Storage,54.5,9,3
2018-12-10,First Class,Consumer,Fort Lauderdale,Florida,South,Furniture,Furnishings,19.104,12,4
2017-11-22,Standard Class,Consumer,Detroit,Michigan,Central,Office Supplies,Binders,49.44,11,4
2018-11-11,Standard Class,Home Office,Springfield,Ohio,East,Office Supplies,Paper,10.368,11,4
2017-10-21,Standard Class,Consumer,San Diego,California,West,Office Supplies,Storage,154.44,10,4
2016-12-21,Standard Class,Corporate,Colorado Springs,Colorado,West,Office Supplies,Appliances,60.984,12,4
2016-07-17,Second Class,Consumer,Bakersfield,California,West,Furniture,Bookcases,195.466,7,3
2018-04-30,Standard Class,Corporate,Pompano Beach,Florida,South,Furniture,Furnishings,23.68,4,2
2018-04-30,Standard Class,Corporate,Pompano Beach,Florida,South,Technology,Accessories,2.376,4,2
2018-05-06,First Class,Consumer,New York City,New York,East,Office Supplies,Labels,59.2,5,2
2018-11-20,Standard Class,Consumer,Lakeville,Minnesota,Central,Office Supplies,Art,22.0,11,4
2017-11-11,Standard Class,Consumer,Detroit,Michigan,Central,Technology,Phones,257.98,11,4
2017-11-05,Standard Class,Corporate,Philadelphia,Pennsylvania,East,Technology,Phones,23.988,11,4
2017-10-09,Standard Class,Corporate,Troy,Ohio,East,Technology,Phones,23.976,10,4
2016-09-21,First Class,Home Office,Los Angeles,California,West,Office Supplies,Fasteners,7.9,9,3
2015-12-02,Standard Class,Corporate,Corpus Christi,Texas,Central,Furniture,Furnishings,58.36,12,4
2015-12-02,Standard Class,Corporate,Corpus Christi,Texas,Central,Office Supplies,Art,16.464,12,4
2015-12-02,Standard Class,Corporate,Corpus Christi,Texas,Central,Furniture,Furnishings,39.96,12,4
2015-09-21,First Class,Corporate,Omaha,Nebraska,Central,Office Supplies,Appliances,25.96,9,3
2015-09-21,First Class,Corporate,Omaha,Nebraska,Central,Office Supplies,Appliances,36.27,9,3
2015-09-21,First Class,Corporate,Omaha,Nebraska,Central,Office Supplies,Paper,6.48,9,3
2015-04-12,Standard Class,Corporate,Redondo Beach,California,West,Technology,Phones,438.368,4,2
2015-04-12,Standard Class,Corporate,Redondo Beach,California,West,Office Supplies,Binders,18.088,4,2
2015-04-12,Standard Class,Corporate,Redondo Beach,California,West,Furniture,Bookcases,308.499,4,2
2018-10-20,Standard Class,Consumer,Little Rock,Arkansas,South,Office Supplies,Art,13.36,10,4
2018-10-20,Standard Class,Consumer,Little Rock,Arkansas,South,Office Supplies,Paper,39.96,10,4
2018-10-20,Standard Class,Consumer,Little Rock,Arkansas,South,Office Supplies,Binders,145.85,10,4
2016-11-01,First Class,Consumer,Salem,Oregon,West,Office Supplies,Art,7.88,11,4
2018-11-03,Standard Class,Consumer,Las Cruces,New Mexico,West,Furniture,Furnishings,41.37,11,4
2016-05-12,Standard Class,Consumer,San Francisco,California,West,Office Supplies,Paper,12.84,5,2
2016-05-12,Standard Class,Consumer,San Francisco,California,West,Office Supplies,Paper,25.68,5,2
2016-09-07,Standard Class,Consumer,El Paso,Texas,Central,Furniture,Chairs,47.516,9,3
2016-07-25,Second Class,Consumer,Seattle,Washington,West,Office Supplies,Fasteners,9.42,7,3
2016-07-25,Second Class,Consumer,Seattle,Washington,West,Office Supplies,Paper,12.96,7,3
2016-11-16,Second Class,Home Office,Milwaukee,Wisconsin,Central,Office Supplies,Paper,179.82,11,4
2016-11-16,Second Class,Home Office,Milwaukee,Wisconsin,Central,Furniture,Furnishings,185.58,11,4
2016-11-16,Second Class,Home Office,Milwaukee,Wisconsin,Central,Furniture,Tables,214.11,11,4
2016-09-01,Standard Class,Home Office,Franklin,Massachusetts,East,Office Supplies,Binders,114.6,9,3
2016-09-01,Standard Class,Home Office,Franklin,Massachusetts,East,Furniture,Chairs,60.74,9,3
2016-09-01,Standard Class,Home Office,Franklin,Massachusetts,East,Furniture,Furnishings,124.36,9,3
2017-05-05,First Class,Consumer,Encinitas,California,West,Office Supplies,Binders,6.72,5,2
2017-05-05,First Class,Consumer,Encinitas,California,West,Furniture,Tables,298.776,5,2
2017-12-31,Standard Class,Consumer,Anaheim,California,West,Technology,Phones,302.376,12,4
2018-09-18,First Class,Consumer,Arlington,Texas,Central,Office Supplies,Art,8.928,9,3
2018-09-18,First Class,Consumer,Arlington,Texas,Central,Office Supplies,Storage,47.584,9,3
2015-09-25,Standard Class,Home Office,Houston,Texas,Central,Office Supplies,Paper,33.792,9,3
2015-09-25,Standard Class,Home Office,Houston,Texas,Central,Furniture,Bookcases,300.5328,9,3
2015-09-25,Standard Class,Home Office,Houston,Texas,Central,Office Supplies,Binders,2.724,9,3
2015-09-25,Standard Class,Home Office,Houston,Texas,Central,Office Supplies,Envelopes,3.264,9,3
2017-04-23,First Class,Consumer,Lancaster,Ohio,East,Office Supplies,Paper,108.336,4,2
2017-04-23,First Class,Consumer,Lancaster,Ohio,East,Office Supplies,Storage,55.92,4,2
2017-04-23,First Class,Consumer,Lancaster,Ohio,East,Office Supplies,Paper,78.304,4,2
2015-11-01,Standard Class,Consumer,Portland,Oregon,West,Office Supplies,Storage,443.92,11,4
2015-11-01,Standard Class,Consumer,Portland,Oregon,West,Technology,Phones,155.976,11,4
2018-01-26,Second Class,Corporate,Hoover,Alabama,South,Office Supplies,Art,15.47,1,1
2018-01-26,Second Class,Corporate,Hoover,Alabama,South,Office Supplies,Binders,7.16,1,1
2018-11-11,Standard Class,Consumer,Los Angeles,California,West,Office Supplies,Appliances,10.89,11,4
2018-11-11,Standard Class,Consumer,Los Angeles,California,West,Office Supplies,Paper,19.44,11,4
2018-11-11,Standard Class,Consumer,Los Angeles,California,West,Office Supplies,Binders,121.6,11,4
2016-09-03,Second Class,Corporate,New York City,New York,East,Office Supplies,Storage,120.33,9,3
2018-08-31,Second Class,Consumer,Fayetteville,North Carolina,South,Office Supplies,Paper,229.544,8,3
2018-03-23,Standard Class,Consumer,Huntsville,Texas,Central,Office Supplies,Storage,143.728,3,1
2018-05-18,Standard Class,Consumer,Philadelphia,Pennsylvania,East,Technology,Accessories,36.048,5,2
2018-11-17,First Class,Consumer,Everett,Massachusetts,East,Office Supplies,Art,50.94,11,4
2018-04-08,Standard Class,Corporate,Roswell,Georgia,South,Furniture,Furnishings,56.28,4,2
2017-11-28,Standard Class,Corporate,Palm Coast,Florida,South,Office Supplies,Binders,7.434,11,4
2017-06-02,First Class,Corporate,Philadelphia,Pennsylvania,East,Office Supplies,Storage,64.784,6,2
2018-12-17,Standard Class,Home Office,Columbus,Indiana,Central,Office Supplies,Paper,28.16,12,4
2017-03-19,Second Class,Consumer,Oceanside,New York,East,Furniture,Furnishings,14.98,3,1
2017-03-19,Second Class,Consumer,Oceanside,New York,East,Furniture,Furnishings,20.32,3,1
2018-08-20,Same Day,Corporate,Franklin,Massachusetts,East,Office Supplies,Storage,40.29,8,3
2018-07-25,Standard Class,Consumer,Sioux Falls,South Dakota,Central,Office Supplies,Labels,20.23,7,3
2017-08-15,Second Class,Consumer,Fayetteville,North Carolina,South,Furniture,Chairs,225.296,8,3
2018-05-19,Standard Class,Consumer,Atlanta,Georgia,South,Technology,Accessories,67.8,5,2
2018-05-19,Standard Class,Consumer,Atlanta,Georgia,South,Technology,Phones,377.97,5,2
2018-05-19,Standard Class,Consumer,Atlanta,Georgia,South,Office Supplies,Paper,286.93,5,2
2018-08-12,Standard Class,Consumer,Orlando,Florida,South,Office Supplies,Paper,20.736,8,3
2018-08-13,Same Day,Consumer,San Francisco,California,West,Office Supplies,Storage,31.44,8,3
2018-08-13,Same Day,Consumer,San Francisco,California,West,Office Supplies,Appliances,83.79,8,3
2018-08-13,Same Day,Consumer,San Francisco,California,West,Office Supplies,Art,59.52,8,3
2018-08-13,Same Day,Consumer,San Francisco,California,West,Office Supplies,Supplies,31.92,8,3
2017-11-10,Second Class,Consumer,Toledo,Ohio,East,Office Supplies,Supplies,14.72,11,4
2017-11-10,Second Class,Consumer,Toledo,Ohio,East,Office Supplies,Storage,38.976,11,4
2018-06-12,Standard Class,Consumer,Saint Petersburg,Florida,South,Furniture,Furnishings,17.088,6,2
2015-03-22,Standard Class,Corporate,Tucson,Arizona,West,Office Supplies,Paper,74.352,3,1
2015-03-22,Standard Class,Corporate,Tucson,Arizona,West,Furniture,Chairs,314.352,3,1
2018-06-15,Standard Class,Consumer,Los Angeles,California,West,Office Supplies,Art,4.26,6,2
2018-12-29,First Class,Consumer,New York City,New York,East,Office Supplies,Fasteners,6.03,12,4
2017-01-21,Second Class,Consumer,San Diego,California,West,Furniture,Chairs,153.568,1,1
2017-01-15,Standard Class,Home Office,Westfield,New Jersey,East,Office Supplies,Envelopes,52.34,1,1
2017-01-15,Standard Class,Home Office,Westfield,New Jersey,East,Office Supplies,Art,4.66,1,1
2017-01-15,Standard Class,Home Office,Westfield,New Jersey,East,Technology,Accessories,254.97,1,1
2017-09-19,Second Class,Home Office,Orange,New Jersey,East,Office Supplies,Binders,25.44,9,3
2017-09-19,Second Class,Home Office,Orange,New Jersey,East,Office Supplies,Supplies,27.93,9,3
2015-02-21,Standard Class,Consumer,Woodstock,Illinois,Central,Office Supplies,Binders,8.85,2,1
2017-11-11,Second Class,Consumer,San Francisco,California,West,Furniture,Furnishings,6.96,11,4
2017-01-30,Standard Class,Consumer,San Francisco,California,West,Office Supplies,Binders,17.456,1,1
2017-10-18,Standard Class,Consumer,Tempe,Arizona,West,Furniture,Chairs,307.92,10,4
2018-12-18,First Class,Consumer,Los Angeles,California,West,Office Supplies,Art,6.63,12,4
2018-12-18,First Class,Consumer,Los Angeles,California,West,Office Supplies,Paper,12.96,12,4
2018-12-18,First Class,Consumer,Los Angeles,California,West,Office Supplies,Paper,32.4,12,4
2018-11-02,Standard Class,Corporate,Seattle,Washington,West,Office Supplies,Paper,23.85,11,4
2015-04-29,Second Class,Consumer,Lake Charles,Louisiana,South,Furniture,Chairs,51.96,4,2
2015-04-29,Second Class,Consumer,Lake Charles,Louisiana,South,Office Supplies,Binders,17.94,4,2
2018-10-23,Standard Class,Corporate,Rochester,New York,East,Office Supplies,Paper,11.56,10,4
2018-10-23,Standard Class,Corporate,Rochester,New York,East,Office Supplies,Paper,26.4,10,4
2018-10-23,Standard Class,Corporate,Rochester,New York,East,Furniture,Furnishings,69.08,10,4
2018-10-23,Standard Class,Corporate,Rochester,New York,East,Technology,Phones,35.88,10,4
2015-03-30,Standard Class,Consumer,Long Beach,New York,East,Office Supplies,Art,49.65,3,1
2016-04-26,Standard Class,Consumer,Houston,Texas,Central,Furniture,Chairs,408.422,4,2
2016-09-12,Standard Class,Consumer,New York City,New York,East,Technology,Copiers,479.984,9,3
2016-09-12,Standard Class,Consumer,New York City,New York,East,Office Supplies,Labels,12.6,9,3
2018-09-11,Standard Class,Home Office,Columbus,Georgia,South,Office Supplies,Paper,184.66,9,3
2017-06-12,Standard Class,Consumer,Chicago,Illinois,Central,Office Supplies,Paper,23.12,6,2
2017-06-27,Standard Class,Corporate,Highland Park,Illinois,Central,Office Supplies,Paper,37.464,6,2
2015-09-26,Standard Class,Home Office,Seattle,Washington,West,Office Supplies,Storage,310.12,9,3
2018-11-03,Standard Class,Consumer,Eagan,Minnesota,Central,Office Supplies,Paper,8.56,11,4
2018-11-03,Standard Class,Consumer,Eagan,Minnesota,Central,Office Supplies,Storage,52.4,11,4
2018-11-03,Standard Class,Consumer,Eagan,Minnesota,Central,Office Supplies,Labels,14.94,11,4
2018-02-19,Standard Class,Consumer,Seattle,Washington,West,Office Supplies,Fasteners,11.22,2,1
2016-11-05,Standard Class,Consumer,Coral Springs,Florida,South,Office Supplies,Appliances,387.136,11,4
2015-06-16,Standard Class,Consumer,Hempstead,New York,East,Office Supplies,Envelopes,41.4,6,2
2015-06-16,Standard Class,Consumer,Hempstead,New York,East,Office Supplies,Art,35.0,6,2
2015-06-16,Standard Class,Consumer,Hempstead,New York,East,Office Supplies,Binders,39.552,6,2
2016-10-12,Second Class,Consumer,Noblesville,Indiana,Central,Technology,Phones,135.72,10,4
2016-10-12,Second Class,Consumer,Noblesville,Indiana,Central,Office Supplies,Binders,12.56,10,4
2016-10-12,Second Class,Consumer,Noblesville,Indiana,Central,Technology,Phones,263.96,10,4
2018-08-27,First Class,Consumer,Dallas,Texas,Central,Office Supplies,Art,5.952,8,3
2017-11-23,Same Day,Corporate,Philadelphia,Pennsylvania,East,Office Supplies,Fasteners,15.8,11,4
2017-11-23,Same Day,Corporate,Philadelphia,Pennsylvania,East,Furniture,Furnishings,14.368,11,4
2017-11-23,Same Day,Corporate,Philadelphia,Pennsylvania,East,Furniture,Furnishings,70.448,11,4
2018-01-30,Same Day,Consumer,San Francisco,California,West,Office Supplies,Storage,129.3,1,1
2016-11-30,Second Class,Home Office,Austin,Texas,Central,Office Supplies,Binders,3.882,11,4
2015-06-28,Standard Class,Corporate,Detroit,Michigan,Central,Office Supplies,Fasteners,6.08,6,2
2015-09-02,First Class,Consumer,Watertown,New York,East,Office Supplies,Appliances,19.9,9,3
2015-09-02,First Class,Consumer,Watertown,New York,East,Furniture,Furnishings,70.71,9,3
2018-07-10,Second Class,Consumer,Columbus,Georgia,South,Furniture,Furnishings,18.84,7,3
2018-06-04,Standard Class,Consumer,Apple Valley,Minnesota,Central,Office Supplies,Art,8.64,6,2
2018-11-18,Standard Class,Home Office,Saginaw,Michigan,Central,Furniture,Furnishings,19.76,11,4
2016-08-08,Same Day,Consumer,San Francisco,California,West,Office Supplies,Binders,6.608,8,3
2016-08-08,Same Day,Consumer,San Francisco,California,West,Office Supplies,Binders,7.28,8,3
2016-08-08,Same Day,Consumer,San Francisco,California,West,Furniture,Chairs,144.784,8,3
2017-12-06,Standard Class,Consumer,Seattle,Washington,West,Technology,Phones,156.792,12,4
2017-12-06,Standard Class,Consumer,Seattle,Washington,West,Technology,Phones,431.976,12,4
2017-12-06,Standard Class,Consumer,Seattle,Washington,West,Office Supplies,Envelopes,35.89,12,4
2017-12-06,Standard Class,Consumer,Seattle,Washington,West,Office Supplies,Binders,47.208,12,4
2017-12-06,Standard Class,Consumer,Seattle,Washington,West,Office Supplies,Paper,248.08,12,4
2017-12-06,Standard Class,Consumer,Seattle,Washington,West,Office Supplies,Paper,189.7,12,4
2017-12-06,Standard Class,Consumer,Seattle,Washington,West,Office Supplies,Binders,59.808,12,4
2018-03-25,Standard Class,Corporate,Milwaukee,Wisconsin,Central,Furniture,Chairs,90.99,3,1
2018-03-25,Standard Class,Corporate,Milwaukee,Wisconsin,Central,Furniture,Chairs,368.97,3,1
2018-11-19,Standard Class,Consumer,Los Angeles,California,West,Office Supplies,Storage,305.01,11,4
2018-11-19,Standard Class,Consumer,Los Angeles,California,West,Furniture,Furnishings,18.7,11,4
2017-11-04,First Class,Consumer,San Francisco,California,West,Furniture,Furnishings,38.29,11,4
2018-12-14,Standard Class,Home Office,San Diego,California,West,Furniture,Furnishings,26.25,12,4
2018-12-14,Standard Class,Home Office,San Diego,California,West,Office Supplies,Binders,64.96,12,4
2018-12-14,Standard Class,Home Office,San Diego,California,West,Office Supplies,Envelopes,43.7,12,4
2018-11-12,Same Day,Home Office,Glendale,Arizona,West,Technology,Accessories,41.6,11,4
2018-11-12,Same Day,Home Office,Glendale,Arizona,West,Office Supplies,Paper,23.12,11,4
2018-11-12,Same Day,Home Office,Glendale,Arizona,West,Furniture,Chairs,113.888,11,4
2018-11-12,Same Day,Home Office,Glendale,Arizona,West,Furniture,Furnishings,113.568,11,4
2018-11-12,Same Day,Home Office,Glendale,Arizona,West,Technology,Phones,7.92,11,4
2017-08-18,Standard Class,Corporate,New York City,New York,East,Technology,Phones,39.99,8,3
2018-06-27,Standard Class,Home Office,Watertown,New York,East,Furniture,Chairs,191.646,6,2
2018-05-04,Standard Class,Consumer,Springfield,Ohio,East,Office Supplies,Binders,2.313,5,2
2016-12-24,Standard Class,Consumer,Los Angeles,California,West,Office Supplies,Binders,19.936,12,4
2016-12-24,Standard Class,Consumer,Los Angeles,California,West,Office Supplies,Fasteners,45.92,12,4
2018-04-26,Standard Class,Home Office,Seattle,Washington,West,Office Supplies,Paper,20.34,4,2
2018-04-26,Standard Class,Home Office,Seattle,Washington,West,Office Supplies,Labels,39.28,4,2
2018-12-16,Second Class,Corporate,Oceanside,California,West,Furniture,Chairs,81.568,12,4
2018-12-16,Second Class,Corporate,Oceanside,California,West,Furniture,Chairs,97.184,12,4
2018-12-16,Second Class,Corporate,Oceanside,California,West,Office Supplies,Binders,24.32,12,4
2018-12-16,Second Class,Corporate,Oceanside,California,West,Furniture,Furnishings,18.96,12,4
2015-12-27,Standard Class,Consumer,Skokie,Illinois,Central,Furniture,Furnishings,32.952,12,4
2015-12-27,Standard Class,Consumer,Skokie,Illinois,Central,Office Supplies,Storage,30.016,12,4
2018-11-06,Second Class,Consumer,Fayetteville,North Carolina,South,Office Supplies,Appliances,499.584,11,4
2018-11-06,Second Class,Consumer,Fayetteville,North Carolina,South,Office Supplies,Paper,31.104,11,4
2018-11-06,Second Class,Consumer,Fayetteville,North Carolina,South,Office Supplies,Binders,13.272,11,4
2018-11-06,Second Class,Consumer,Fayetteville,North Carolina,South,Furniture,Furnishings,28.272,11,4
2018-11-06,Second Class,Consumer,Fayetteville,North Carolina,South,Office Supplies,Storage,259.136,11,4
2018-12-16,Standard Class,Consumer,Tulsa,Oklahoma,Central,Office Supplies,Binders,10.8,12,4
2016-05-07,Standard Class,Consumer,Allen,Texas,Central,Furniture,Tables,244.006,5,2
2016-05-07,Standard Class,Consumer,Allen,Texas,Central,Office Supplies,Paper,15.936,5,2
2018-12-04,Same Day,Corporate,Philadelphia,Pennsylvania,East,Furniture,Chairs,188.552,12,4
2018-10-03,Second Class,Consumer,Rochester,New York,East,Office Supplies,Storage,22.58,10,4
2016-06-12,Standard Class,Consumer,Philadelphia,Pennsylvania,East,Office Supplies,Paper,20.736,6,2
2016-06-12,Standard Class,Consumer,Philadelphia,Pennsylvania,East,Furniture,Furnishings,43.296,6,2
2015-07-12,Standard Class,Consumer,Seattle,Washington,West,Furniture,Chairs,123.136,7,3
2015-07-12,Standard Class,Consumer,Seattle,Washington,West,Office Supplies,Binders,11.264,7,3
2015-12-06,Second Class,Consumer,Springfield,Oregon,West,Office Supplies,Storage,53.424,12,4
2015-12-06,Second Class,Consumer,Springfield,Oregon,West,Furniture,Tables,275.49,12,4
2017-05-25,Standard Class,Home Office,Columbus,Georgia,South,Furniture,Furnishings,24.96,5,2
2017-05-25,Standard Class,Home Office,Columbus,Georgia,South,Office Supplies,Paper,19.36,5,2
2017-02-21,Second Class,Corporate,Los Angeles,California,West,Technology,Accessories,12.99,2,1
2017-02-21,Second Class,Corporate,Los Angeles,California,West,Office Supplies,Binders,18.56,2,1
2017-02-21,Second Class,Corporate,Los Angeles,California,West,Office Supplies,Storage,449.15,2,1
2017-02-21,Second Class,Corporate,Los Angeles,California,West,Office Supplies,Binders,31.248,2,1
2017-10-02,Standard Class,Corporate,New York City,New York,East,Office Supplies,Appliances,61.44,10,4
2017-09-09,Second Class,Consumer,Stockton,California,West,Office Supplies,Binders,55.36,9,3
2015-07-14,Standard Class,Consumer,Phoenix,Arizona,West,Office Supplies,Storage,55.92,7,3
2015-06-21,Standard Class,Consumer,Philadelphia,Pennsylvania,East,Office Supplies,Envelopes,24.896,6,2
2015-06-21,Standard Class,Consumer,Philadelphia,Pennsylvania,East,Furniture,Furnishings,3.984,6,2
2015-06-21,Standard Class,Consumer,Philadelphia,Pennsylvania,East,Technology,Accessories,95.968,6,2
2015-06-21,Standard Class,Consumer,Philadelphia,Pennsylvania,East,Technology,Machines,206.991,6,2
2015-06-21,Standard Class,Consumer,Philadelphia,Pennsylvania,East,Office Supplies,Appliances,44.416,6,2
2015-06-21,Standard Class,Consumer,Philadelphia,Pennsylvania,East,Office Supplies,Binders,9.006,6,2
2016-07-05,Standard Class,Home Office,Sterling Heights,Michigan,Central,Office Supplies,Binders,19.0,7,3
2018-12-16,Standard Class,Home Office,Rochester,New York,East,Office Supplies,Binders,33.376,12,4
2017-09-08,First Class,Home Office,New York City,New York,East,Office Supplies,Appliances,207.48,9,3
2015-05-17,Standard Class,Home Office,Eau Claire,Wisconsin,Central,Office Supplies,Binders,91.68,5,2
2015-10-24,Standard Class,Consumer,Rancho Cucamonga,California,West,Office Supplies,Binders,34.272,10,4
2017-12-05,First Class,Consumer,Murray,Kentucky,South,Furniture,Furnishings,191.82,12,4
2017-07-25,Standard Class,Corporate,Toledo,Ohio,East,Office Supplies,Appliances,243.88,7,3
2018-04-17,Standard Class,Home Office,Louisville,Colorado,West,Office Supplies,Binders,12.03,4,2
2018-04-17,Standard Class,Home Office,Louisville,Colorado,West,Office Supplies,Binders,21.594,4,2
2018-04-17,Standard Class,Home Office,Louisville,Colorado,West,Office Supplies,Binders,8.964,4,2
2018-04-17,Standard Class,Home Office,Louisville,Colorado,West,Office Supplies,Paper,20.736,4,2
2016-09-17,Standard Class,Home Office,New York City,New York,East,Furniture,Tables,344.22,9,3
2017-08-23,Standard Class,Home Office,Pharr,Texas,Central,Furniture,Furnishings,22.608,8,3
2016-11-08,Standard Class,Consumer,West Jordan,Utah,West,Office Supplies,Fasteners,5.04,11,4
2016-11-08,Standard Class,Consumer,West Jordan,Utah,West,Office Supplies,Paper,92.94,11,4
2016-11-08,Standard Class,Consumer,West Jordan,Utah,West,Furniture,Furnishings,66.69,11,4
2016-11-08,Standard Class,Consumer,West Jordan,Utah,West,Office Supplies,Binders,91.68,11,4
2018-11-17,Standard Class,Consumer,Brownsville,Texas,Central,Furniture,Bookcases,327.7328,11,4
2016-11-08,Standard Class,Consumer,New York City,New York,East,Office Supplies,Binders,52.272,11,4
2016-11-08,Standard Class,Consumer,New York City,New York,East,Office Supplies,Paper,17.94,11,4
2018-04-22,Standard Class,Home Office,Philadelphia,Pennsylvania,East,Furniture,Furnishings,254.352,4,2
2015-08-24,Same Day,Corporate,Billings,Montana,West,Office Supplies,Binders,8.288,8,3
2017-03-24,Standard Class,Corporate,Gresham,Oregon,West,Technology,Phones,403.168,3,1
2016-09-21,Standard Class,Corporate,Lincoln Park,Michigan,Central,Furniture,Bookcases,194.32,9,3
2016-09-21,Standard Class,Corporate,Lincoln Park,Michigan,Central,Office Supplies,Art,25.99,9,3
2017-11-21,Standard Class,Consumer,Gresham,Oregon,West,Furniture,Chairs,195.136,11,4
2018-09-16,Standard Class,Home Office,Philadelphia,Pennsylvania,East,Office Supplies,Paper,20.736,9,3
2016-06-11,Standard Class,Consumer,Monroe,Louisiana,South,Technology,Accessories,53.7,6,2
2016-06-11,Standard Class,Consumer,Monroe,Louisiana,South,Office Supplies,Binders,36.26,6,2
2016-06-11,Standard Class,Consumer,Monroe,Louisiana,South,Office Supplies,Art,56.3,6,2
2016-06-11,Standard Class,Consumer,Monroe,Louisiana,South,Office Supplies,Paper,32.4,6,2
2016-06-11,Standard Class,Consumer,Monroe,Louisiana,South,Furniture,Furnishings,29.16,6,2
2018-10-03,Standard Class,Corporate,Pasadena,California,West,Furniture,Tables,171.288,10,4
2017-05-05,Standard Class,Consumer,Chattanooga,Tennessee,South,Furniture,Furnishings,16.72,5,2
2018-09-11,Same Day,Home Office,Long Beach,California,West,Office Supplies,Paper,12.96,9,3
2018-09-11,Same Day,Home Office,Long Beach,California,West,Office Supplies,Envelopes,22.18,9,3
2018-11-06,Second Class,Home Office,Minneapolis,Minnesota,Central,Office Supplies,Art,13.9,11,4
2018-11-06,Second Class,Home Office,Minneapolis,Minnesota,Central,Office Supplies,Paper,26.38,11,4
2015-09-30,Standard Class,Consumer,Seattle,Washington,West,Office Supplies,Binders,43.176,9,3
2018-04-02,First Class,Home Office,Columbus,Georgia,South,Furniture,Tables,411.8,4,2
2018-04-02,First Class,Home Office,Columbus,Georgia,South,Technology,Accessories,360.0,4,2
2018-10-06,Standard Class,Home Office,Meridian,Idaho,West,Furniture,Furnishings,41.96,10,4
2018-10-06,Standard Class,Home Office,Meridian,Idaho,West,Office Supplies,Appliances,227.84,10,4
2018-10-06,Standard Class,Home Office,Meridian,Idaho,West,Office Supplies,Paper,37.94,10,4
2017-04-09,Second Class,Home Office,Detroit,Michigan,Central,Office Supplies,Binders,5.28,4,2
2018-10-19,Second Class,Corporate,San Francisco,California,West,Office Supplies,Envelopes,8.96,10,4
2018-10-19,Second Class,Corporate,San Francisco,California,West,Office Supplies,Labels,31.5,10,4
2018-10-19,Second Class,Corporate,San Francisco,California,West,Furniture,Furnishings,30.56,10,4
2018-10-19,Second Class,Corporate,San Francisco,California,West,Furniture,Tables,24.368,10,4
2017-11-07,Standard Class,Corporate,Newark,Ohio,East,Technology,Accessories,119.976,11,4
2018-03-03,Standard Class,Consumer,Dallas,Texas,Central,Office Supplies,Paper,26.88,3,1
2016-11-27,First Class,Corporate,Newark,Delaware,East,Technology,Phones,83.97,11,4
2016-11-27,First Class,Corporate,Newark,Delaware,East,Technology,Accessories,104.97,11,4
2018-03-13,Second Class,Home Office,Albuquerque,New Mexico,West,Office Supplies,Storage,90.8,3,1
2018-03-13,Second Class,Home Office,Albuquerque,New Mexico,West,Technology,Phones,140.736,3,1
2018-03-13,Second Class,Home Office,Albuquerque,New Mexico,West,Technology,Accessories,214.95,3,1
2018-03-13,Second Class,Home Office,Albuquerque,New Mexico,West,Office Supplies,Paper,45.36,3,1
2018-03-13,Second Class,Home Office,Albuquerque,New Mexico,West,Office Supplies,Paper,288.24,3,1
2015-11-17,Standard Class,Corporate,Newark,Delaware,East,Furniture,Furnishings,124.41,11,4
2015-11-17,Standard Class,Corporate,Newark,Delaware,East,Office Supplies,Art,57.75,11,4
2017-01-03,First Class,Consumer,Los Angeles,California,West,Office Supplies,Storage,114.46,1,1
2016-10-03,Standard Class,Consumer,Los Angeles,California,West,Furniture,Bookcases,120.666,10,4
2015-07-20,Standard Class,Home Office,Dallas,Texas,Central,Office Supplies,Storage,342.864,7,3
2015-07-20,Standard Class,Home Office,Dallas,Texas,Central,Furniture,Furnishings,16.74,7,3
2015-05-21,Standard Class,Home Office,San Diego,California,West,Office Supplies,Art,31.84,5,2
2018-09-04,First Class,Home Office,Apple Valley,California,West,Office Supplies,Paper,12.96,9,3
2018-09-04,First Class,Home Office,Apple Valley,California,West,Technology,Phones,43.176,9,3
2018-05-27,Standard Class,Home Office,Louisville,Kentucky,South,Office Supplies,Binders,58.34,5,2
2015-01-28,Standard Class,Consumer,New York City,New York,East,Office Supplies,Binders,3.928,1,1
2018-02-09,Standard Class,Consumer,Houston,Texas,Central,Office Supplies,Binders,252.784,2,1
2018-02-09,Standard Class,Consumer,Houston,Texas,Central,Technology,Accessories,127.984,2,1
2018-02-09,Standard Class,Consumer,Houston,Texas,Central,Furniture,Furnishings,3.984,2,1
2018-02-09,Standard Class,Consumer,Houston,Texas,Central,Office Supplies,Appliances,12.992,2,1
2018-03-31,Second Class,Home Office,Henderson,Kentucky,South,Furniture,Furnishings,61.0,3,1
2017-03-03,Standard Class,Consumer,Newark,Delaware,East,Office Supplies,Binders,447.86,3,1
2017-03-03,Standard Class,Consumer,Newark,Delaware,East,Technology,Phones,479.95,3,1
2017-03-03,Standard Class,Consumer,Newark,Delaware,East,Office Supplies,Paper,166.44,3,1
2016-08-23,Same Day,Consumer,Bolingbrook,Illinois,Central,Office Supplies,Supplies,31.68,8,3
2016-08-23,Same Day,Consumer,Bolingbrook,Illinois,Central,Office Supplies,Paper,10.368,8,3
2016-08-23,Same Day,Consumer,Bolingbrook,Illinois,Central,Office Supplies,Fasteners,12.032,8,3
2016-08-23,Same Day,Consumer,Bolingbrook,Illinois,Central,Office Supplies,Appliances,5.768,8,3
2018-04-27,Standard Class,Corporate,Fort Worth,Texas,Central,Office Supplies,Labels,33.12,4,2
2018-04-27,Standard Class,Corporate,Fort Worth,Texas,Central,Furniture,Bookcases,220.2656,4,2
2018-04-14,Standard Class,Consumer,New York City,New York,East,Office Supplies,Binders,10.776,4,2
2018-04-14,Standard Class,Consumer,New York City,New York,East,Furniture,Bookcases,242.352,4,2
2018-12-22,Second Class,Corporate,Providence,Rhode Island,East,Furniture,Bookcases,220.98,12,4
2017-12-08,Standard Class,Home Office,Columbus,Ohio,East,Office Supplies,Binders,12.957,12,4
2018-03-23,Standard Class,Consumer,New York City,New York,East,Office Supplies,Paper,25.68,3,1
2017-07-25,Standard Class,Corporate,Houston,Texas,Central,Office Supplies,Labels,15.712,7,3
2018-07-10,Standard Class,Home Office,Aurora,Illinois,Central,Office Supplies,Storage,298.464,7,3
2017-07-17,Standard Class,Consumer,Springfield,Missouri,Central,Office Supplies,Paper,21.93,7,3
2017-07-17,Standard Class,Consumer,Springfield,Missouri,Central,Office Supplies,Storage,242.94,7,3
2017-07-17,Standard Class,Consumer,Springfield,Missouri,Central,Office Supplies,Paper,7.64,7,3
2017-07-17,Standard Class,Consumer,Springfield,Missouri,Central,Office Supplies,Paper,51.84,7,3
2017-07-17,Standard Class,Consumer,Springfield,Missouri,Central,Office Supplies,Storage,265.17,7,3
2017-08-23,Standard Class,Consumer,Seattle,Washington,West,Office Supplies,Envelopes,135.9,8,3
2017-08-23,Standard Class,Consumer,Seattle,Washington,West,Office Supplies,Paper,34.68,8,3
2017-08-23,Standard Class,Consumer,Seattle,Washington,West,Office Supplies,Appliances,43.1,8,3
2017-08-23,Standard Class,Consumer,Seattle,Washington,West,Office Supplies,Supplies,15.88,8,3
2016-06-11,First Class,Corporate,Lakeland,Florida,South,Technology,Phones,249.584,6,2
2016-06-11,First Class,Corporate,Lakeland,Florida,South,Furniture,Furnishings,48.672,6,2
2016-06-11,First Class,Corporate,Lakeland,Florida,South,Office Supplies,Art,60.768,6,2
2016-06-11,First Class,Corporate,Lakeland,Florida,South,Office Supplies,Binders,78.6,6,2
2016-06-11,First Class,Corporate,Lakeland,Florida,South,Office Supplies,Binders,3.768,6,2
2018-09-08,Standard Class,Consumer,Philadelphia,Pennsylvania,East,Technology,Phones,258.528,9,3
2018-10-02,Standard Class,Consumer,New York City,New York,East,Office Supplies,Paper,49.12,10,4
2015-12-16,First Class,Home Office,Los Angeles,California,West,Furniture,Furnishings,44.46,12,4
2015-12-16,First Class,Home Office,Los Angeles,California,West,Furniture,Chairs,241.568,12,4
2015-12-16,First Class,Home Office,Los Angeles,California,West,Technology,Accessories,395.0,12,4
2015-08-24,First Class,Corporate,Oceanside,New York,East,Furniture,Furnishings,13.28,8,3
2015-08-24,First Class,Corporate,Oceanside,New York,East,Office Supplies,Binders,12.672,8,3
2018-11-12,Standard Class,Home Office,Dallas,Texas,Central,Office Supplies,Binders,30.56,11,4
2018-11-12,Standard Class,Home Office,Dallas,Texas,Central,Office Supplies,Storage,77.952,11,4
2018-11-12,Standard Class,Home Office,Dallas,Texas,Central,Technology,Phones,67.992,11,4
2018-11-12,Standard Class,Home Office,Dallas,Texas,Central,Office Supplies,Envelopes,12.224,11,4
2018-11-12,Standard Class,Home Office,Dallas,Texas,Central,Technology,Accessories,44.784,11,4
2018-11-12,Standard Class,Home Office,Dallas,Texas,Central,Furniture,Furnishings,22.848,11,4
2016-04-25,First Class,Consumer,New York City,New York,East,Office Supplies,Appliances,206.43,4,2
2015-12-12,Same Day,Corporate,San Antonio,Texas,Central,Office Supplies,Binders,210.392,12,4
2018-09-25,Second Class,Consumer,Cincinnati,Ohio,East,Technology,Accessories,119.96,9,3
2018-09-25,Second Class,Consumer,Cincinnati,Ohio,East,Office Supplies,Art,10.608,9,3
2017-09-05,Standard Class,Corporate,Austin,Texas,Central,Furniture,Chairs,347.802,9,3
2018-02-11,Second Class,Corporate,Seattle,Washington,West,Technology,Phones,88.776,2,1
2015-06-30,Second Class,Corporate,Los Angeles,California,West,Office Supplies,Art,32.4,6,2
2017-06-07,First Class,Home Office,New York City,New York,East,Office Supplies,Paper,32.4,6,2
2015-12-20,Standard Class,Consumer,Seattle,Washington,West,Office Supplies,Labels,31.05,12,4
2016-12-15,First Class,Consumer,Newark,Ohio,East,Technology,Phones,101.988,12,4
2016-12-15,First Class,Consumer,Newark,Ohio,East,Furniture,Furnishings,262.864,12,4
2015-08-03,Second Class,Home Office,Glendale,Arizona,West,Office Supplies,Paper,93.024,8,3
2016-08-24,Standard Class,Corporate,New York City,New York,East,Furniture,Tables,284.364,8,3
2016-08-24,Standard Class,Corporate,New York City,New York,East,Technology,Accessories,26.0,8,3
2017-03-26,First Class,Consumer,Jacksonville,North Carolina,South,Office Supplies,Storage,67.64,3,1
2017-03-26,First Class,Consumer,Jacksonville,North Carolina,South,Technology,Accessories,119.976,3,1
2015-09-12,Second Class,Consumer,Houston,Texas,Central,Office Supplies,Binders,5.18,9,3
2015-09-21,Standard Class,Consumer,San Francisco,California,West,Office Supplies,Envelopes,15.56,9,3
2015-09-21,Standard Class,Consumer,San Francisco,California,West,Office Supplies,Envelopes,78.35,9,3
2015-09-21,Standard Class,Consumer,San Francisco,California,West,Office Supplies,Art,59.52,9,3
2015-09-21,Standard Class,Consumer,San Francisco,California,West,Office Supplies,Paper,38.52,9,3
2015-09-21,Standard Class,Consumer,San Francisco,California,West,Technology,Phones,239.984,9,3
2015-09-21,Standard Class,Consumer,San Francisco,California,West,Office Supplies,Paper,19.35,9,3
2017-10-29,First Class,Consumer,Lansing,Michigan,Central,Furniture,Furnishings,67.0,10,4
2017-05-28,Standard Class,Corporate,Tallahassee,Florida,South,Furniture,Chairs,390.272,5,2
2017-05-28,Standard Class,Corporate,Tallahassee,Florida,South,Office Supplies,Paper,62.192,5,2
2018-12-21,Second Class,Consumer,Columbia,South Carolina,South,Office Supplies,Binders,23.88,12,4
2017-03-21,Standard Class,Consumer,Chicago,Illinois,Central,Office Supplies,Binders,3.168,3,1
2017-03-21,Standard Class,Consumer,Chicago,Illinois,Central,Office Supplies,Art,13.392,3,1
2018-11-11,Standard Class,Consumer,Detroit,Michigan,Central,Office Supplies,Art,181.86,11,4
2018-09-23,Standard Class,Consumer,Fort Collins,Colorado,West,Furniture,Bookcases,180.588,9,3
2018-09-23,Standard Class,Consumer,Fort Collins,Colorado,West,Technology,Accessories,47.984,9,3
2018-09-10,Same Day,Consumer,New York City,New York,East,Office Supplies,Paper,18.76,9,3
2018-12-05,Standard Class,Corporate,New York City,New York,East,Furniture,Furnishings,20.94,12,4
2018-12-05,Standard Class,Corporate,New York City,New York,East,Furniture,Furnishings,58.68,12,4
2018-12-05,Standard Class,Corporate,New York City,New York,East,Office Supplies,Appliances,254.9,12,4
2018-11-09,Second Class,Corporate,Columbia,Maryland,East,Office Supplies,Binders,9.64,11,4
2015-11-07,First Class,Corporate,Houston,Texas,Central,Office Supplies,Binders,26.046,11,4
2015-11-07,First Class,Corporate,Houston,Texas,Central,Office Supplies,Envelopes,74.352,11,4
2018-03-12,Standard Class,Corporate,Lowell,Massachusetts,East,Technology,Phones,69.93,3,1
2018-10-20,Second Class,Corporate,Woodland,California,West,Office Supplies,Labels,3.75,10,4
2018-10-20,Second Class,Corporate,Woodland,California,West,Office Supplies,Binders,20.928,10,4
2016-12-27,Standard Class,Home Office,Chicago,Illinois,Central,Office Supplies,Storage,12.672,12,4
2018-10-02,Standard Class,Corporate,New York City,New York,East,Technology,Phones,65.99,10,4
2018-06-04,Standard Class,Corporate,Missouri City,Texas,Central,Office Supplies,Binders,6.37,6,2
2015-09-01,First Class,Consumer,Houston,Texas,Central,Office Supplies,Binders,3.648,9,3
2015-09-01,First Class,Consumer,Houston,Texas,Central,Office Supplies,Paper,31.104,9,3
2017-08-08,Standard Class,Home Office,Jackson,Mississippi,South,Office Supplies,Fasteners,23.34,8,3
2018-07-22,Standard Class,Corporate,New York City,New York,East,Technology,Phones,29.97,7,3
2016-07-10,Same Day,Consumer,Tempe,Arizona,West,Office Supplies,Binders,3.366,7,3
2015-12-01,Standard Class,Consumer,Jacksonville,North Carolina,South,Technology,Phones,95.968,12,4
2018-12-18,Standard Class,Corporate,Philadelphia,Pennsylvania,East,Office Supplies,Art,18.704,12,4
2015-05-18,Second Class,Consumer,Akron,Ohio,East,Furniture,Furnishings,149.232,5,2
2015-05-18,Second Class,Consumer,Akron,Ohio,East,Office Supplies,Paper,15.936,5,2
2015-11-10,Standard Class,Consumer,San Diego,California,West,Technology,Accessories,10.99,11,4
2015-11-10,Standard Class,Consumer,San Diego,California,West,Furniture,Furnishings,39.88,11,4
2015-11-10,Standard Class,Consumer,San Diego,California,West,Office Supplies,Paper,62.24,11,4
2015-11-10,Standard Class,Consumer,San Diego,California,West,Furniture,Furnishings,53.2,11,4
2015-11-10,Standard Class,Consumer,San Diego,California,West,Office Supplies,Labels,39.84,11,4
2017-01-09,Standard Class,Corporate,Fresno,California,West,Technology,Accessories,349.95,1,1
2017-01-09,Standard Class,Corporate,Fresno,California,West,Technology,Phones,377.928,1,1
2018-09-22,Standard Class,Corporate,Pearland,Texas,Central,Office Supplies,Envelopes,13.392,9,3
2018-09-22,Standard Class,Corporate,Pearland,Texas,Central,Office Supplies,Binders,11.228,9,3
2015-12-23,Standard Class,Consumer,Richmond,Indiana,Central,Office Supplies,Appliances,207.24,12,4
2017-05-26,Standard Class,Corporate,Philadelphia,Pennsylvania,East,Office Supplies,Art,1.504,5,2
2017-05-26,Standard Class,Corporate,Philadelphia,Pennsylvania,East,Office Supplies,Appliances,34.848,5,2
2018-07-08,First Class,Consumer,San Mateo,California,West,Office Supplies,Labels,75.18,7,3
2015-05-13,Standard Class,Consumer,Oakland,California,West,Technology,Accessories,149.97,5,2
2018-11-10,Standard Class,Corporate,New York City,New York,East,Technology,Phones,430.88,11,4
2016-10-02,Standard Class,Corporate,Lakewood,New Jersey,East,Office Supplies,Paper,94.85,10,4
2016-10-02,Standard Class,Corporate,Lakewood,New Jersey,East,Office Supplies,Envelopes,51.12,10,4
2016-10-02,Standard Class,Corporate,Lakewood,New Jersey,East,Technology,Accessories,90.0,10,4
2015-10-02,First Class,Corporate,Tempe,Arizona,West,Office Supplies,Paper,9.408,10,4
2015-10-02,First Class,Corporate,Tempe,Arizona,West,Office Supplies,Fasteners,4.672,10,4
2015-10-02,First Class,Corporate,Tempe,Arizona,West,Technology,Phones,318.4,10,4
2015-10-02,First Class,Corporate,Tempe,Arizona,West,Office Supplies,Envelopes,12.768,10,4
2015-10-02,First Class,Corporate,Tempe,Arizona,West,Office Supplies,Supplies,15.36,10,4
2015-10-02,First Class,Corporate,Tempe,Arizona,West,Technology,Phones,230.376,10,4
2015-10-02,First Class,Corporate,Tempe,Arizona,West,Technology,Accessories,7.16,10,4
2015-08-11,Standard Class,Consumer,New York City,New York,East,Office Supplies,Storage,375.34,8,3
2018-09-01,Second Class,Consumer,New York City,New York,East,Furniture,Furnishings,114.9,9,3
2018-04-16,Standard Class,Consumer,Houston,Texas,Central,Office Supplies,Binders,26.046,4,2
2018-04-16,Standard Class,Consumer,Houston,Texas,Central,Office Supplies,Binders,2.896,4,2
2018-04-16,Standard Class,Consumer,Houston,Texas,Central,Office Supplies,Storage,32.544,4,2
2017-04-24,First Class,Consumer,Riverside,California,West,Office Supplies,Binders,3.984,4,2
2017-01-15,Same Day,Consumer,Fairfield,Connecticut,East,Furniture,Tables,181.797,1,1
2017-05-02,Same Day,Consumer,New York City,New York,East,Office Supplies,Storage,44.94,5,2
2017-05-02,Same Day,Consumer,New York City,New York,East,Office Supplies,Binders,45.576,5,2
2017-11-20,Standard Class,Corporate,Houston,Texas,Central,Furniture,Chairs,318.43,11,4
2017-11-20,Standard Class,Corporate,Houston,Texas,Central,Technology,Phones,122.92,11,4
2017-11-20,Standard Class,Corporate,Houston,Texas,Central,Furniture,Furnishings,7.068,11,4
2017-02-01,First Class,Corporate,Arlington,Virginia,South,Office Supplies,Storage,56.45,2,1
2018-03-31,Second Class,Consumer,Chicago,Illinois,Central,Office Supplies,Binders,13.468,3,1
2018-12-01,Standard Class,Consumer,Grand Prairie,Texas,Central,Technology,Phones,219.8,12,4
2018-12-01,Standard Class,Consumer,Grand Prairie,Texas,Central,Furniture,Chairs,317.058,12,4
2018-12-10,Second Class,Corporate,Seattle,Washington,West,Technology,Accessories,49.08,12,4
2018-12-10,Second Class,Corporate,Seattle,Washington,West,Office Supplies,Storage,324.9,12,4
2018-12-10,Second Class,Corporate,Seattle,Washington,West,Office Supplies,Art,18.24,12,4
2017-09-17,Standard Class,Home Office,Seattle,Washington,West,Furniture,Chairs,113.888,9,3
2017-09-17,Standard Class,Home Office,Seattle,Washington,West,Technology,Phones,105.584,9,3
2017-12-23,Standard Class,Corporate,Grand Rapids,Michigan,Central,Office Supplies,Fasteners,24.85,12,4
2018-04-17,First Class,Consumer,Philadelphia,Pennsylvania,East,Furniture,Furnishings,60.312,4,2
2018-10-27,Second Class,Home Office,Chicago,Illinois,Central,Office Supplies,Art,7.056,10,4
2018-10-27,Second Class,Home Office,Chicago,Illinois,Central,Technology,Phones,27.184,10,4
2017-07-08,Standard Class,Consumer,Seattle,Washington,West,Technology,Phones,107.984,7,3
2017-07-08,Standard Class,Consumer,Seattle,Washington,West,Office Supplies,Binders,19.296,7,3
2016-08-09,Standard Class,Corporate,Jacksonville,Florida,South,Office Supplies,Labels,4.608,8,3
2017-12-09,Second Class,Corporate,Franklin,Tennessee,South,Furniture,Tables,79.974,12,4
2017-12-09,Second Class,Corporate,Franklin,Tennessee,South,Office Supplies,Binders,2.946,12,4
2017-11-13,Standard Class,Home Office,Highland Park,Illinois,Central,Office Supplies,Binders,3.136,11,4
2015-11-14,First Class,Corporate,Pasadena,Texas,Central,Office Supplies,Paper,20.736,11,4
2015-11-17,First Class,Corporate,San Francisco,California,West,Technology,Accessories,99.98,11,4
2015-11-17,First Class,Corporate,San Francisco,California,West,Office Supplies,Appliances,241.44,11,4
2017-03-04,Second Class,Corporate,Miami,Florida,South,Office Supplies,Labels,10.08,3,1
2015-10-11,Standard Class,Consumer,Philadelphia,Pennsylvania,East,Office Supplies,Storage,281.904,10,4
2015-10-11,Standard Class,Consumer,Philadelphia,Pennsylvania,East,Office Supplies,Envelopes,201.432,10,4
2015-05-22,Standard Class,Consumer,Decatur,Alabama,South,Technology,Phones,135.98,5,2
2015-05-22,Standard Class,Consumer,Decatur,Alabama,South,Technology,Phones,44.95,5,2
2015-07-15,Standard Class,Corporate,Sioux Falls,South Dakota,Central,Technology,Accessories,2.97,7,3
2015-07-15,Standard Class,Corporate,Sioux Falls,South Dakota,Central,Office Supplies,Fasteners,6.54,7,3
2016-12-27,Second Class,Corporate,Visalia,California,West,Technology,Accessories,7.92,12,4
2016-02-09,Standard Class,Consumer,Los Angeles,California,West,Furniture,Chairs,203.92,2,1
2018-11-02,Standard Class,Corporate,Overland Park,Kansas,Central,Office Supplies,Fasteners,18.24,11,4
2018-11-02,Standard Class,Corporate,Overland Park,Kansas,Central,Office Supplies,Art,27.78,11,4
2015-04-05,Second Class,Corporate,Alexandria,Virginia,South,Office Supplies,Art,22.96,4,2
2015-04-05,Second Class,Corporate,Alexandria,Virginia,South,Technology,Phones,28.99,4,2
2015-04-05,Second Class,Corporate,Alexandria,Virginia,South,Office Supplies,Paper,12.96,4,2
2015-04-05,Second Class,Corporate,Alexandria,Virginia,South,Office Supplies,Art,22.96,4,2
2015-09-17,Standard Class,Consumer,Raleigh,North Carolina,South,Technology,Accessories,47.984,9,3
2015-09-17,Standard Class,Consumer,Raleigh,North Carolina,South,Office Supplies,Paper,4.624,9,3
2015-09-30,Standard Class,Corporate,New York City,New York,East,Furniture,Furnishings,15.24,9,3
2015-09-12,Standard Class,Consumer,Fairfield,Ohio,East,Office Supplies,Binders,63.924,9,3
2018-02-20,Standard Class,Home Office,Muskogee,Oklahoma,Central,Office Supplies,Art,6.56,2,1
2018-02-20,Standard Class,Home Office,Muskogee,Oklahoma,Central,Office Supplies,Appliances,13.11,2,1
2016-12-13,First Class,Consumer,Temecula,California,West,Technology,Phones,494.376,12,4
2016-12-13,First Class,Consumer,Temecula,California,West,Office Supplies,Binders,29.2,12,4
2016-12-13,First Class,Consumer,Temecula,California,West,Technology,Accessories,248.85,12,4
2016-12-13,First Class,Consumer,Temecula,California,West,Technology,Accessories,36.24,12,4
2017-10-30,Standard Class,Consumer,Sterling Heights,Michigan,Central,Office Supplies,Art,11.68,10,4
2015-12-26,Standard Class,Consumer,San Diego,California,West,Office Supplies,Supplies,11.91,12,4
2015-12-26,Standard Class,Consumer,San Diego,California,West,Furniture,Furnishings,3.48,12,4
2015-08-15,First Class,Consumer,Dallas,Texas,Central,Office Supplies,Binders,30.96,8,3
2016-05-23,Standard Class,Consumer,Phoenix,Arizona,West,Office Supplies,Binders,19.194,5,2
2016-05-23,Standard Class,Consumer,Phoenix,Arizona,West,Office Supplies,Appliances,121.792,5,2
2015-11-18,Standard Class,Consumer,Philadelphia,Pennsylvania,East,Office Supplies,Binders,50.997,11,4
2015-11-18,Standard Class,Consumer,Philadelphia,Pennsylvania,East,Office Supplies,Storage,76.792,11,4
2015-11-18,Standard Class,Consumer,Philadelphia,Pennsylvania,East,Furniture,Furnishings,60.312,11,4
2015-11-18,Standard Class,Consumer,Philadelphia,Pennsylvania,East,Office Supplies,Binders,1.944,11,4
2015-12-30,Second Class,Corporate,Laredo,Texas,Central,Office Supplies,Envelopes,12.984,12,4
2015-12-30,Second Class,Corporate,Laredo,Texas,Central,Technology,Phones,217.584,12,4
2015-12-30,Second Class,Corporate,Laredo,Texas,Central,Technology,Phones,328.776,12,4
2015-12-30,Second Class,Corporate,Laredo,Texas,Central,Office Supplies,Binders,2.286,12,4
2015-12-30,Second Class,Corporate,Laredo,Texas,Central,Technology,Accessories,47.984,12,4
2016-11-05,Standard Class,Corporate,New York City,New York,East,Office Supplies,Binders,25.344,11,4
2017-09-17,Standard Class,Consumer,New York City,New York,East,Office Supplies,Binders,232.4,9,3
2017-03-20,Second Class,Corporate,Gulfport,Mississippi,South,Furniture,Furnishings,86.45,3,1
2015-09-27,Standard Class,Consumer,San Diego,California,West,Office Supplies,Paper,81.98,9,3
2018-12-24,Standard Class,Consumer,Oceanside,New York,East,Furniture,Chairs,271.764,12,4
2018-12-24,Standard Class,Consumer,Oceanside,New York,East,Office Supplies,Binders,14.376,12,4
2018-11-10,Second Class,Corporate,Round Rock,Texas,Central,Furniture,Furnishings,341.96,11,4
2016-09-11,Standard Class,Consumer,Redlands,California,West,Office Supplies,Art,181.35,9,3
2016-09-11,Standard Class,Consumer,Redlands,California,West,Office Supplies,Labels,8.64,9,3
2015-12-20,Standard Class,Consumer,Columbia,Tennessee,South,Office Supplies,Appliances,43.512,12,4
2015-12-20,Standard Class,Consumer,Columbia,Tennessee,South,Office Supplies,Paper,25.92,12,4
2016-07-23,Standard Class,Home Office,New York City,New York,East,Office Supplies,Appliances,68.94,7,3
2016-07-23,Standard Class,Home Office,New York City,New York,East,Furniture,Furnishings,128.82,7,3
2015-11-11,Standard Class,Consumer,Houston,Texas,Central,Office Supplies,Binders,1.234,11,4
2015-11-11,Standard Class,Consumer,Houston,Texas,Central,Office Supplies,Art,67.56,11,4
2015-11-11,Standard Class,Consumer,Houston,Texas,Central,Office Supplies,Paper,21.72,11,4
2015-11-11,Standard Class,Consumer,Houston,Texas,Central,Office Supplies,Paper,262.336,11,4
2015-11-11,Standard Class,Consumer,Houston,Texas,Central,Technology,Phones,148.48,11,4
2015-11-11,Standard Class,Consumer,Houston,Texas,Central,Technology,Phones,241.176,11,4
2018-12-14,Standard Class,Home Office,Chicago,Illinois,Central,Technology,Accessories,227.976,12,4
2018-12-14,Standard Class,Home Office,Chicago,Illinois,Central,Technology,Phones,52.68,12,4
2018-12-14,Standard Class,Home Office,Chicago,Illinois,Central,Furniture,Furnishings,2.032,12,4
2018-08-21,First Class,Consumer,Oakland,California,West,Office Supplies,Art,17.12,8,3
2018-08-21,First Class,Consumer,Oakland,California,West,Technology,Phones,431.968,8,3
2018-08-21,First Class,Consumer,Oakland,California,West,Furniture,Furnishings,129.92,8,3
2018-08-21,First Class,Consumer,Oakland,California,West,Office Supplies,Binders,117.144,8,3
2018-08-21,First Class,Consumer,Oakland,California,West,Office Supplies,Appliances,203.52,8,3
2018-08-21,First Class,Consumer,Oakland,California,West,Office Supplies,Labels,51.75,8,3
2017-08-27,Second Class,Consumer,Quincy,Massachusetts,East,Office Supplies,Paper,122.97,8,3
2017-08-27,Second Class,Consumer,Quincy,Massachusetts,East,Furniture,Tables,244.615,8,3
2017-08-27,Second Class,Consumer,Quincy,Massachusetts,East,Technology,Phones,59.97,8,3
2017-08-27,Second Class,Consumer,Quincy,Massachusetts,East,Office Supplies,Paper,81.54,8,3
2017-08-27,Second Class,Consumer,Quincy,Massachusetts,East,Office Supplies,Fasteners,11.68,8,3
2017-08-27,Second Class,Consumer,Quincy,Massachusetts,East,Office Supplies,Binders,29.0,8,3
2016-08-13,Standard Class,Corporate,Yucaipa,California,West,Office Supplies,Art,50.8,8,3
2018-11-05,First Class,Corporate,Chicago,Illinois,Central,Office Supplies,Binders,16.03,11,4
2017-08-17,Standard Class,Consumer,Seattle,Washington,West,Office Supplies,Binders,15.712,8,3
2017-12-26,Standard Class,Consumer,New York City,New York,East,Technology,Accessories,89.97,12,4
2015-09-23,Standard Class,Corporate,San Diego,California,West,Furniture,Bookcases,435.999,9,3
2015-09-23,Standard Class,Corporate,San Diego,California,West,Technology,Phones,83.984,9,3
2015-07-19,Standard Class,Corporate,Bristol,Connecticut,East,Technology,Phones,359.98,7,3
2015-07-19,Standard Class,Corporate,Bristol,Connecticut,East,Furniture,Tables,70.56,7,3
2015-07-19,Standard Class,Corporate,Bristol,Connecticut,East,Office Supplies,Binders,20.88,7,3
2015-07-19,Standard Class,Corporate,Bristol,Connecticut,East,Office Supplies,Binders,3.81,7,3
2018-09-07,Standard Class,Home Office,Chicago,Illinois,Central,Office Supplies,Paper,73.008,9,3
2017-05-06,Standard Class,Consumer,Chicago,Illinois,Central,Office Supplies,Binders,3.208,5,2
2017-05-06,Standard Class,Consumer,Chicago,Illinois,Central,Technology,Accessories,26.176,5,2
2016-06-04,Second Class,Home Office,New York City,New York,East,Office Supplies,Paper,30.44,6,2
2016-06-04,Second Class,Home Office,New York City,New York,East,Furniture,Furnishings,35.28,6,2
2016-12-13,Standard Class,Home Office,Revere,Massachusetts,East,Office Supplies,Paper,19.44,12,4
2016-12-13,Standard Class,Home Office,Revere,Massachusetts,East,Office Supplies,Binders,37.88,12,4
2017-07-16,Second Class,Corporate,Houston,Texas,Central,Furniture,Furnishings,9.552,7,3
2015-01-31,First Class,Consumer,Mission Viejo,California,West,Furniture,Bookcases,290.666,1,1
2015-07-09,Standard Class,Corporate,Dallas,Texas,Central,Office Supplies,Paper,10.368,7,3
2015-07-09,Standard Class,Corporate,Dallas,Texas,Central,Office Supplies,Paper,14.352,7,3
2016-11-21,Standard Class,Consumer,Las Vegas,Nevada,West,Furniture,Bookcases,141.96,11,4
2016-11-21,Standard Class,Consumer,Las Vegas,Nevada,West,Office Supplies,Binders,66.048,11,4
2018-09-23,Standard Class,Consumer,San Francisco,California,West,Office Supplies,Binders,25.824,9,3
2018-09-23,Standard Class,Consumer,San Francisco,California,West,Office Supplies,Appliances,160.96,9,3
2016-12-04,Standard Class,Consumer,Hempstead,New York,East,Furniture,Furnishings,28.44,12,4
2016-12-04,Standard Class,Consumer,Hempstead,New York,East,Furniture,Chairs,364.41,12,4
2016-12-04,Standard Class,Consumer,Hempstead,New York,East,Technology,Phones,39.96,12,4
2016-12-04,Standard Class,Consumer,Hempstead,New York,East,Furniture,Chairs,361.764,12,4
2017-11-01,First Class,Corporate,Conroe,Texas,Central,Office Supplies,Storage,111.672,11,4
2018-03-17,Standard Class,Home Office,Houston,Texas,Central,Office Supplies,Binders,13.776,3,1
2018-03-17,Standard Class,Home Office,Houston,Texas,Central,Office Supplies,Paper,10.272,3,1
2018-11-23,First Class,Consumer,Philadelphia,Pennsylvania,East,Furniture,Furnishings,24.048,11,4
2018-08-27,First Class,Corporate,Tampa,Florida,South,Office Supplies,Envelopes,2.896,8,3
2016-12-04,Second Class,Consumer,New York City,New York,East,Office Supplies,Envelopes,17.94,12,4
2016-12-04,Second Class,Consumer,New York City,New York,East,Furniture,Chairs,384.174,12,4
2018-10-07,Standard Class,Home Office,Charlotte,North Carolina,South,Office Supplies,Fasteners,18.936,10,4
2018-10-07,Standard Class,Home Office,Charlotte,North Carolina,South,Technology,Phones,222.384,10,4
2018-10-07,Standard Class,Home Office,Charlotte,North Carolina,South,Office Supplies,Binders,50.454,10,4
2018-10-07,Standard Class,Home Office,Charlotte,North Carolina,South,Furniture,Tables,154.764,10,4
2018-03-25,Second Class,Consumer,Dallas,Texas,Central,Office Supplies,Paper,6.848,3,1
2015-08-09,Standard Class,Home Office,Seattle,Washington,West,Technology,Phones,219.168,8,3
2015-11-22,First Class,Consumer,Pasadena,Texas,Central,Office Supplies,Binders,6.928,11,4
2018-06-10,Same Day,Consumer,Philadelphia,Pennsylvania,East,Office Supplies,Paper,40.032,6,2
2018-07-01,Standard Class,Home Office,Indianapolis,Indiana,Central,Office Supplies,Storage,443.92,7,3
2018-07-01,Standard Class,Home Office,Indianapolis,Indiana,Central,Office Supplies,Binders,169.99,7,3
2018-07-01,Standard Class,Home Office,Indianapolis,Indiana,Central,Office Supplies,Paper,25.92,7,3
2015-11-21,Standard Class,Corporate,Richmond,Kentucky,South,Technology,Phones,36.99,11,4
2015-11-21,Standard Class,Corporate,Richmond,Kentucky,South,Office Supplies,Storage,193.95,11,4
2015-11-21,Standard Class,Corporate,Richmond,Kentucky,South,Office Supplies,Art,5.46,11,4
2016-05-04,First Class,Corporate,Tinley Park,Illinois,Central,Furniture,Furnishings,22.288,5,2
2018-05-29,Standard Class,Consumer,Houston,Texas,Central,Furniture,Furnishings,65.424,5,2
2016-10-17,Same Day,Consumer,Los Angeles,California,West,Office Supplies,Storage,77.88,10,4
2015-04-23,Standard Class,Home Office,Columbus,Ohio,East,Furniture,Chairs,281.372,4,2
2015-04-23,Standard Class,Home Office,Columbus,Ohio,East,Furniture,Chairs,281.372,4,2
2015-04-23,Standard Class,Home Office,Columbus,Ohio,East,Office Supplies,Binders,7.488,4,2
2015-04-23,Standard Class,Home Office,Columbus,Ohio,East,Furniture,Furnishings,22.336,4,2
2018-04-30,Standard Class,Consumer,Columbus,Ohio,East,Office Supplies,Paper,10.368,4,2
2017-09-20,Standard Class,Corporate,San Francisco,California,West,Office Supplies,Paper,65.79,9,3
2017-09-20,Standard Class,Corporate,San Francisco,California,West,Office Supplies,Binders,271.984,9,3
2017-09-20,Standard Class,Corporate,San Francisco,California,West,Office Supplies,Art,11.76,9,3
2017-09-20,Standard Class,Corporate,San Francisco,California,West,Office Supplies,Paper,77.52,9,3
2017-09-20,Standard Class,Corporate,San Francisco,California,West,Office Supplies,Binders,48.64,9,3
2017-09-02,Same Day,Consumer,Madison,Wisconsin,Central,Office Supplies,Fasteners,1.81,9,3
2017-09-02,Same Day,Consumer,Madison,Wisconsin,Central,Office Supplies,Binders,8.26,9,3
2016-04-27,Standard Class,Home Office,Aurora,Colorado,West,Office Supplies,Appliances,43.56,4,2
2016-04-27,Standard Class,Home Office,Aurora,Colorado,West,Office Supplies,Supplies,5.84,4,2
2016-09-06,Standard Class,Home Office,New York City,New York,East,Furniture,Chairs,271.764,9,3
2017-05-28,Standard Class,Consumer,Los Angeles,California,West,Office Supplies,Appliances,262.24,5,2
2017-05-28,Standard Class,Consumer,Los Angeles,California,West,Office Supplies,Paper,182.72,5,2
2017-05-28,Standard Class,Consumer,Los Angeles,California,West,Technology,Accessories,131.6,5,2
2017-05-28,Standard Class,Consumer,Los Angeles,California,West,Office Supplies,Binders,22.72,5,2
2016-09-24,Standard Class,Home Office,Dubuque,Iowa,Central,Office Supplies,Binders,15.24,9,3
2018-07-03,Second Class,Home Office,Lancaster,Ohio,East,Office Supplies,Paper,32.896,7,3
2018-07-03,Second Class,Home Office,Lancaster,Ohio,East,Furniture,Tables,215.148,7,3
2018-07-03,Second Class,Home Office,Lancaster,Ohio,East,Office Supplies,Paper,30.96,7,3
2018-12-08,First Class,Consumer,Inglewood,California,West,Office Supplies,Storage,29.79,12,4
2018-12-08,First Class,Consumer,Inglewood,California,West,Furniture,Furnishings,128.9,12,4
2018-12-08,First Class,Consumer,Inglewood,California,West,Office Supplies,Paper,60.12,12,4
2018-12-05,Standard Class,Consumer,Bellevue,Washington,West,Office Supplies,Binders,24.816,12,4
2018-12-05,Standard Class,Consumer,Bellevue,Washington,West,Office Supplies,Binders,14.976,12,4
2016-09-27,First Class,Consumer,Chicago,Illinois,Central,Office Supplies,Binders,15.08,9,3
2016-09-27,First Class,Consumer,Chicago,Illinois,Central,Furniture,Furnishings,24.288,9,3
2018-10-30,Same Day,Consumer,Dallas,Texas,Central,Furniture,Furnishings,16.192,10,4
2018-10-30,Same Day,Consumer,Dallas,Texas,Central,Furniture,Tables,251.006,10,4
2018-10-30,Same Day,Consumer,Dallas,Texas,Central,Office Supplies,Storage,54.192,10,4
2016-11-29,Same Day,Home Office,San Francisco,California,West,Office Supplies,Binders,4.304,11,4
2015-03-11,Second Class,Consumer,New York City,New York,East,Office Supplies,Paper,108.92,3,1
2018-11-19,Standard Class,Corporate,New York City,New York,East,Office Supplies,Envelopes,16.74,11,4
2017-07-29,Standard Class,Corporate,Philadelphia,Pennsylvania,East,Office Supplies,Storage,84.784,7,3
2016-06-12,Standard Class,Consumer,Newark,Delaware,East,Office Supplies,Storage,29.9,6,2
2017-08-06,First Class,Corporate,New York City,New York,East,Office Supplies,Paper,70.88,8,3
2018-06-11,Standard Class,Home Office,Auburn,Alabama,South,Office Supplies,Art,3.76,6,2
2017-10-07,Standard Class,Consumer,Los Angeles,California,West,Office Supplies,Binders,27.264,10,4
2015-09-08,Standard Class,Home Office,San Francisco,California,West,Office Supplies,Appliances,56.65,9,3
2015-09-08,Standard Class,Home Office,San Francisco,California,West,Office Supplies,Storage,14.97,9,3
2015-09-08,Standard Class,Home Office,San Francisco,California,West,Office Supplies,Fasteners,4.02,9,3
2015-03-16,Second Class,Home Office,Raleigh,North Carolina,South,Technology,Phones,471.92,3,1
2016-03-01,Second Class,Consumer,Macon,Georgia,South,Office Supplies,Binders,58.72,3,1
2016-07-09,Standard Class,Consumer,Nashville,Tennessee,South,Office Supplies,Art,5.16,7,3
2017-02-20,Standard Class,Consumer,Nashville,Tennessee,South,Office Supplies,Paper,16.496,2,1
2018-09-16,First Class,Consumer,Philadelphia,Pennsylvania,East,Technology,Accessories,71.976,9,3
2018-09-16,First Class,Consumer,Philadelphia,Pennsylvania,East,Furniture,Furnishings,22.512,9,3
2018-09-16,First Class,Consumer,Philadelphia,Pennsylvania,East,Office Supplies,Binders,3.444,9,3
2018-09-16,First Class,Consumer,Philadelphia,Pennsylvania,East,Technology,Accessories,47.984,9,3
2018-11-05,Second Class,Corporate,Dallas,Texas,Central,Technology,Phones,492.768,11,4
2016-02-20,Second Class,Consumer,Perth Amboy,New Jersey,East,Office Supplies,Art,286.79,2,1
2017-11-25,Standard Class,Home Office,Jacksonville,Florida,South,Office Supplies,Paper,5.08,11,4
2018-12-03,Second Class,Consumer,Jacksonville,Florida,South,Technology,Accessories,47.992,12,4
2016-09-10,Standard Class,Corporate,Revere,Massachusetts,East,Office Supplies,Appliances,61.96,9,3
2016-09-10,Standard Class,Corporate,Revere,Massachusetts,East,Furniture,Bookcases,361.96,9,3
2016-09-10,Standard Class,Corporate,Revere,Massachusetts,East,Office Supplies,Paper,278.82,9,3
2017-12-14,Standard Class,Consumer,Jackson,Mississippi,South,Furniture,Furnishings,133.38,12,4
2016-04-06,Standard Class,Consumer,Jacksonville,North Carolina,South,Office Supplies,Paper,47.952,4,2
2017-12-01,Standard Class,Consumer,San Francisco,California,West,Furniture,Furnishings,16.74,12,4
2018-11-12,Standard Class,Corporate,Columbus,Ohio,East,Office Supplies,Paper,10.848,11,4
2018-11-12,Standard Class,Corporate,Columbus,Ohio,East,Technology,Accessories,18.544,11,4
2018-03-03,Standard Class,Consumer,Dearborn Heights,Michigan,Central,Furniture,Chairs,180.98,3,1
2018-03-03,Standard Class,Consumer,Dearborn Heights,Michigan,Central,Technology,Accessories,99.98,3,1
2017-11-27,First Class,Corporate,Overland Park,Kansas,Central,Technology,Accessories,34.95,11,4
2017-11-27,First Class,Corporate,Overland Park,Kansas,Central,Office Supplies,Binders,152.0,11,4
2015-08-31,Standard Class,Consumer,Santa Fe,New Mexico,West,Technology,Accessories,92.52,8,3
2017-12-08,Standard Class,Corporate,San Francisco,California,West,Office Supplies,Art,8.56,12,4
2017-12-08,Standard Class,Corporate,San Francisco,California,West,Office Supplies,Paper,45.36,12,4
2015-04-07,First Class,Consumer,Mobile,Alabama,South,Furniture,Furnishings,8.96,4,2
2015-08-27,First Class,Corporate,Springfield,Virginia,South,Furniture,Furnishings,29.12,8,3
2017-10-21,Standard Class,Corporate,Newark,Delaware,East,Office Supplies,Binders,7.92,10,4
2017-11-30,Same Day,Consumer,Hickory,North Carolina,South,Technology,Phones,36.192,11,4
2018-09-05,Standard Class,Home Office,Fort Lauderdale,Florida,South,Office Supplies,Storage,147.184,9,3
2016-07-02,Standard Class,Consumer,Carol Stream,Illinois,Central,Furniture,Chairs,408.422,7,3
2016-07-02,Standard Class,Consumer,Carol Stream,Illinois,Central,Furniture,Chairs,382.116,7,3
2016-07-02,Standard Class,Consumer,Carol Stream,Illinois,Central,Office Supplies,Storage,68.6,7,3
2016-07-02,Standard Class,Consumer,Carol Stream,Illinois,Central,Office Supplies,Storage,435.504,7,3
2016-07-02,Standard Class,Consumer,Carol Stream,Illinois,Central,Office Supplies,Paper,11.168,7,3
2018-09-24,Standard Class,Corporate,Saint Cloud,Minnesota,Central,Technology,Accessories,72.0,9,3
2017-08-08,Standard Class,Home Office,Los Angeles,California,West,Office Supplies,Appliances,487.92,8,3
2017-08-08,Standard Class,Home Office,Los Angeles,California,West,Office Supplies,Binders,15.24,8,3
2017-09-29,Standard Class,Consumer,Mobile,Alabama,South,Technology,Accessories,209.97,9,3
2017-09-29,Standard Class,Consumer,Mobile,Alabama,South,Office Supplies,Binders,62.94,9,3
2017-09-29,Standard Class,Consumer,Mobile,Alabama,South,Office Supplies,Art,25.92,9,3
2018-04-10,Same Day,Consumer,Austin,Texas,Central,Office Supplies,Paper,10.368,4,2
2018-04-10,Same Day,Consumer,Austin,Texas,Central,Technology,Accessories,95.736,4,2
2015-06-20,Standard Class,Consumer,Plano,Texas,Central,Technology,Phones,201.584,6,2
2015-06-20,Standard Class,Consumer,Plano,Texas,Central,Office Supplies,Binders,3.392,6,2
2015-06-20,Standard Class,Consumer,Plano,Texas,Central,Furniture,Bookcases,193.0656,6,2
2015-06-20,Standard Class,Consumer,Plano,Texas,Central,Office Supplies,Paper,15.552,6,2
2015-06-20,Standard Class,Consumer,Plano,Texas,Central,Office Supplies,Paper,11.648,6,2
2015-06-20,Standard Class,Consumer,Plano,Texas,Central,Technology,Machines,418.8,6,2
2018-09-04,First Class,Corporate,Chicago,Illinois,Central,Office Supplies,Paper,17.76,9,3
2018-09-04,First Class,Corporate,Chicago,Illinois,Central,Office Supplies,Art,6.912,9,3
2017-12-20,Standard Class,Consumer,Jackson,Mississippi,South,Technology,Accessories,66.3,12,4
2017-08-09,First Class,Consumer,Fayetteville,North Carolina,South,Office Supplies,Paper,30.816,8,3
2017-08-09,First Class,Consumer,Fayetteville,North Carolina,South,Technology,Phones,44.784,8,3
2016-04-10,Standard Class,Corporate,Sacramento,California,West,Office Supplies,Binders,12.832,4,2
2017-11-21,Second Class,Corporate,Des Moines,Iowa,Central,Office Supplies,Paper,40.46,11,4
2017-11-21,Second Class,Corporate,Des Moines,Iowa,Central,Technology,Phones,404.94,11,4
2017-09-05,Standard Class,Corporate,San Diego,California,West,Technology,Accessories,116.0,9,3
2018-12-10,Second Class,Home Office,Jackson,Mississippi,South,Technology,Phones,38.97,12,4
2018-12-10,Second Class,Home Office,Jackson,Mississippi,South,Office Supplies,Binders,45.84,12,4
2017-06-24,Standard Class,Consumer,San Diego,California,West,Technology,Phones,38.24,6,2
2016-09-17,Standard Class,Consumer,Orlando,Florida,South,Technology,Accessories,87.168,9,3
2017-05-19,Standard Class,Corporate,Lafayette,Indiana,Central,Office Supplies,Art,21.4,5,2
2017-05-28,Same Day,Corporate,New York City,New York,East,Office Supplies,Supplies,54.9,5,2
2015-04-18,Standard Class,Consumer,Los Angeles,California,West,Technology,Machines,287.968,4,2
2015-04-18,Standard Class,Consumer,Los Angeles,California,West,Office Supplies,Art,13.12,4,2
2015-04-18,Standard Class,Consumer,Los Angeles,California,West,Office Supplies,Art,10.75,4,2
2015-04-18,Standard Class,Consumer,Los Angeles,California,West,Office Supplies,Fasteners,11.62,4,2
2017-06-17,Second Class,Consumer,New York City,New York,East,Office Supplies,Storage,40.74,6,2
2015-05-09,Same Day,Corporate,Henderson,Kentucky,South,Office Supplies,Storage,83.25,5,2
2015-05-09,Same Day,Corporate,Henderson,Kentucky,South,Office Supplies,Labels,9.45,5,2
2015-05-09,Same Day,Corporate,Henderson,Kentucky,South,Office Supplies,Labels,20.65,5,2
2015-05-09,Same Day,Corporate,Henderson,Kentucky,South,Office Supplies,Paper,45.36,5,2
2017-09-18,First Class,Consumer,Columbus,Ohio,East,Furniture,Furnishings,5.352,9,3
2017-09-18,First Class,Consumer,Columbus,Ohio,East,Furniture,Chairs,99.372,9,3
2017-09-18,First Class,Consumer,Columbus,Ohio,East,Office Supplies,Art,2.672,9,3
2018-12-23,Second Class,Consumer,College Station,Texas,Central,Office Supplies,Paper,28.672,12,4
2018-12-23,Second Class,Consumer,College Station,Texas,Central,Office Supplies,Appliances,29.312,12,4
2018-10-30,First Class,Home Office,Richmond,Kentucky,South,Office Supplies,Storage,105.98,10,4
2018-10-30,First Class,Home Office,Richmond,Kentucky,South,Office Supplies,Supplies,35.06,10,4
2018-10-30,First Class,Home Office,Richmond,Kentucky,South,Furniture,Chairs,33.94,10,4
2018-10-30,First Class,Home Office,Richmond,Kentucky,South,Office Supplies,Labels,30.0,10,4
2017-03-29,Second Class,Home Office,Chicago,Illinois,Central,Office Supplies,Paper,45.528,3,1
2018-11-23,Second Class,Corporate,Philadelphia,Pennsylvania,East,Office Supplies,Binders,7.476,11,4
2015-03-23,Second Class,Consumer,Los Angeles,California,West,Office Supplies,Storage,330.4,3,1
2018-12-01,Standard Class,Consumer,Los Angeles,California,West,Office Supplies,Paper,45.36,12,4
2018-12-01,Standard Class,Consumer,Los Angeles,California,West,Office Supplies,Binders,10.128,12,4
2018-11-07,Standard Class,Consumer,San Francisco,California,West,Office Supplies,Binders,21.792,11,4
2018-11-07,Standard Class,Consumer,San Francisco,California,West,Technology,Accessories,439.8,11,4
2018-09-04,Second Class,Consumer,Akron,Ohio,East,Office Supplies,Art,8.256,9,3
2018-09-04,Second Class,Consumer,Akron,Ohio,East,Office Supplies,Binders,25.56,9,3
2018-09-04,Second Class,Consumer,Akron,Ohio,East,Office Supplies,Binders,4.368,9,3
2018-09-04,Second Class,Consumer,Akron,Ohio,East,Office Supplies,Paper,11.52,9,3
2017-07-03,First Class,Consumer,Los Angeles,California,West,Office Supplies,Paper,12.96,7,3
2017-07-03,First Class,Consumer,Los Angeles,California,West,Office Supplies,Fasteners,3.96,7,3
2017-09-09,Second Class,Home Office,Dallas,Texas,Central,Furniture,Furnishings,15.008,9,3
2018-07-03,Same Day,Home Office,Seattle,Washington,West,Technology,Accessories,59.98,7,3
2018-07-03,Same Day,Home Office,Seattle,Washington,West,Technology,Phones,7.992,7,3
2018-06-29,Standard Class,Corporate,Mesquite,Texas,Central,Office Supplies,Paper,5.184,6,2
2018-08-07,Standard Class,Consumer,Long Beach,New York,East,Office Supplies,Art,11.68,8,3
2018-08-07,Standard Class,Consumer,Long Beach,New York,East,Office Supplies,Art,104.8,8,3
2016-03-19,Standard Class,Consumer,North Miami,Florida,South,Office Supplies,Paper,14.496,3,1
2017-06-07,Standard Class,Home Office,Bakersfield,California,West,Office Supplies,Binders,4.784,6,2
2017-06-07,Standard Class,Home Office,Bakersfield,California,West,Office Supplies,Paper,4.73,6,2
2017-07-25,Standard Class,Consumer,Jackson,Mississippi,South,Office Supplies,Storage,7.89,7,3
2017-07-25,Standard Class,Consumer,Jackson,Mississippi,South,Office Supplies,Paper,65.5,7,3
2018-10-01,Standard Class,Consumer,Fremont,Nebraska,Central,Office Supplies,Paper,104.85,10,4
2016-12-10,Standard Class,Corporate,Jackson,Michigan,Central,Office Supplies,Art,3.9,12,4
2016-12-10,Standard Class,Corporate,Jackson,Michigan,Central,Furniture,Chairs,191.96,12,4
2016-12-10,Standard Class,Corporate,Jackson,Michigan,Central,Office Supplies,Labels,2.61,12,4
2018-09-03,Standard Class,Corporate,San Francisco,California,West,Office Supplies,Art,5.96,9,3
2018-11-24,Standard Class,Home Office,Richmond,Kentucky,South,Office Supplies,Binders,2.88,11,4
2015-12-13,Second Class,Consumer,Houston,Texas,Central,Office Supplies,Supplies,2.92,12,4
2017-12-05,Second Class,Consumer,New York City,New York,East,Office Supplies,Storage,465.18,12,4
2017-09-11,Standard Class,Home Office,Toledo,Ohio,East,Office Supplies,Binders,22.428,9,3
2017-09-11,Standard Class,Home Office,Toledo,Ohio,East,Office Supplies,Storage,37.52,9,3
2018-12-09,Standard Class,Corporate,Philadelphia,Pennsylvania,East,Office Supplies,Art,2.624,12,4
2015-09-09,Second Class,Consumer,Philadelphia,Pennsylvania,East,Office Supplies,Paper,15.552,9,3
2015-09-09,Second Class,Consumer,Philadelphia,Pennsylvania,East,Technology,Accessories,64.704,9,3
2015-09-09,Second Class,Consumer,Philadelphia,Pennsylvania,East,Furniture,Furnishings,17.472,9,3
2015-09-09,Second Class,Consumer,Philadelphia,Pennsylvania,East,Technology,Phones,135.516,9,3
2018-06-26,Standard Class,Consumer,Denver,Colorado,West,Technology,Accessories,431.928,6,2
2015-11-17,Standard Class,Consumer,Philadelphia,Pennsylvania,East,Office Supplies,Paper,12.448,11,4
2018-08-21,Standard Class,Home Office,Columbia,Maryland,East,Office Supplies,Paper,277.4,8,3
2018-08-21,Standard Class,Home Office,Columbia,Maryland,East,Furniture,Furnishings,25.16,8,3
2018-08-21,Standard Class,Home Office,Columbia,Maryland,East,Furniture,Furnishings,91.92,8,3
2017-03-12,Second Class,Consumer,New York City,New York,East,Office Supplies,Envelopes,29.34,3,1
2015-09-23,Second Class,Consumer,New York City,New York,East,Office Supplies,Binders,139.44,9,3
2015-04-28,Standard Class,Corporate,Newark,Ohio,East,Office Supplies,Labels,6.912,4,2
2015-04-28,Standard Class,Corporate,Newark,Ohio,East,Office Supplies,Storage,27.096,4,2
2015-04-28,Standard Class,Corporate,Newark,Ohio,East,Office Supplies,Storage,177.568,4,2
2017-11-29,Second Class,Corporate,Dallas,Texas,Central,Technology,Accessories,58.416,11,4
2016-12-03,Standard Class,Home Office,Philadelphia,Pennsylvania,East,Office Supplies,Paper,16.448,12,4
2016-12-03,Standard Class,Home Office,Philadelphia,Pennsylvania,East,Technology,Accessories,36.784,12,4
2018-11-19,First Class,Corporate,San Antonio,Texas,Central,Office Supplies,Art,31.776,11,4
2017-09-05,Standard Class,Consumer,Philadelphia,Pennsylvania,East,Office Supplies,Binders,9.555,9,3
2018-09-04,Standard Class,Consumer,Los Angeles,California,West,Office Supplies,Binders,487.984,9,3
2018-09-04,Standard Class,Consumer,Los Angeles,California,West,Technology,Phones,5.56,9,3
2018-09-04,Standard Class,Consumer,Los Angeles,California,West,Office Supplies,Storage,217.85,9,3
2017-09-22,Standard Class,Corporate,Smyrna,Tennessee,South,Office Supplies,Art,40.776,9,3
2017-09-22,Standard Class,Corporate,Smyrna,Tennessee,South,Technology,Phones,63.936,9,3
2015-09-14,Standard Class,Consumer,Macon,Georgia,South,Furniture,Furnishings,142.4,9,3
2015-09-14,Standard Class,Consumer,Macon,Georgia,South,Office Supplies,Binders,7.16,9,3
2018-05-19,Second Class,Home Office,San Francisco,California,West,Office Supplies,Art,3.52,5,2
2018-05-19,Second Class,Home Office,San Francisco,California,West,Office Supplies,Art,5.58,5,2
2018-05-19,Second Class,Home Office,San Francisco,California,West,Technology,Accessories,36.32,5,2
2018-11-26,Standard Class,Corporate,Columbus,Ohio,East,Office Supplies,Appliances,52.272,11,4
2018-11-26,Standard Class,Corporate,Columbus,Ohio,East,Office Supplies,Appliances,213.136,11,4
2018-05-03,Second Class,Corporate,Los Angeles,California,West,Office Supplies,Storage,69.52,5,2
2017-11-10,Standard Class,Home Office,Springfield,Ohio,East,Office Supplies,Labels,9.216,11,4
2017-11-10,Standard Class,Home Office,Springfield,Ohio,East,Technology,Phones,41.958,11,4
2017-11-10,Standard Class,Home Office,Springfield,Ohio,East,Office Supplies,Paper,89.568,11,4
2017-11-10,Standard Class,Home Office,Springfield,Ohio,East,Office Supplies,Paper,22.248,11,4
2017-11-10,Standard Class,Home Office,Springfield,Ohio,East,Office Supplies,Appliances,334.88,11,4
2017-11-10,Standard Class,Home Office,Springfield,Ohio,East,Furniture,Furnishings,148.288,11,4
2017-11-10,Standard Class,Home Office,Springfield,Ohio,East,Office Supplies,Paper,4.624,11,4
2017-11-10,Standard Class,Home Office,Springfield,Ohio,East,Technology,Accessories,178.92,11,4
2017-11-10,Standard Class,Home Office,Springfield,Ohio,East,Office Supplies,Binders,69.888,11,4
2015-12-20,Second Class,Consumer,Los Angeles,California,West,Office Supplies,Binders,487.984,12,4
2015-12-20,Second Class,Consumer,Los Angeles,California,West,Office Supplies,Art,47.3,12,4
2015-12-20,Second Class,Consumer,Los Angeles,California,West,Office Supplies,Art,4.13,12,4
2015-12-20,Second Class,Consumer,Los Angeles,California,West,Office Supplies,Binders,155.12,12,4
2015-07-25,Second Class,Home Office,Los Angeles,California,West,Office Supplies,Paper,6.48,7,3
2015-07-25,Second Class,Home Office,Los Angeles,California,West,Office Supplies,Supplies,15.52,7,3
2016-11-22,Standard Class,Consumer,Memphis,Tennessee,South,Office Supplies,Binders,2.946,11,4
2016-11-22,Standard Class,Consumer,Memphis,Tennessee,South,Office Supplies,Fasteners,55.104,11,4
2018-12-09,Second Class,Consumer,Detroit,Michigan,Central,Technology,Accessories,104.88,12,4
2018-12-09,Second Class,Consumer,Detroit,Michigan,Central,Office Supplies,Art,34.7,12,4
2018-12-09,Second Class,Consumer,Detroit,Michigan,Central,Office Supplies,Binders,33.72,12,4
2018-12-09,Second Class,Consumer,Detroit,Michigan,Central,Office Supplies,Paper,14.94,12,4
2018-04-24,Standard Class,Corporate,Jacksonville,Florida,South,Office Supplies,Storage,113.568,4,2
2018-09-08,Standard Class,Corporate,Dublin,Ohio,East,Technology,Accessories,9.096,9,3
2016-03-12,Standard Class,Corporate,Plantation,Florida,South,Office Supplies,Envelopes,8.688,3,1
2016-03-12,Standard Class,Corporate,Plantation,Florida,South,Furniture,Furnishings,30.88,3,1
2016-03-12,Standard Class,Corporate,Plantation,Florida,South,Furniture,Furnishings,6.408,3,1
2017-07-18,Standard Class,Corporate,Glendale,Arizona,West,Office Supplies,Supplies,33.8,7,3
2017-06-13,Second Class,Home Office,Jackson,Michigan,Central,Technology,Phones,377.97,6,2
2018-07-03,Standard Class,Home Office,Quincy,Massachusetts,East,Technology,Accessories,258.9,7,3
2018-07-03,Standard Class,Home Office,Quincy,Massachusetts,East,Office Supplies,Paper,24.56,7,3
2015-12-08,Standard Class,Consumer,Salem,Oregon,West,Office Supplies,Labels,27.888,12,4
2015-12-08,Standard Class,Consumer,Salem,Oregon,West,Office Supplies,Binders,6.456,12,4
2015-12-08,Standard Class,Consumer,Salem,Oregon,West,Technology,Phones,52.68,12,4
2015-12-08,Standard Class,Consumer,Salem,Oregon,West,Office Supplies,Supplies,13.88,12,4
2015-12-08,Standard Class,Consumer,Salem,Oregon,West,Technology,Accessories,103.92,12,4
2015-12-08,Standard Class,Consumer,Salem,Oregon,West,Office Supplies,Labels,11.52,12,4
2015-12-08,Standard Class,Consumer,Salem,Oregon,West,Office Supplies,Paper,10.368,12,4
2015-12-08,Standard Class,Consumer,Salem,Oregon,West,Office Supplies,Storage,39.072,12,4
2017-04-08,Standard Class,Home Office,Troy,Ohio,East,Office Supplies,Envelopes,8.872,4,2
2017-04-08,Standard Class,Home Office,Troy,Ohio,East,Office Supplies,Binders,121.104,4,2
2018-11-06,Standard Class,Consumer,Philadelphia,Pennsylvania,East,Furniture,Chairs,127.372,11,4
2018-11-06,Standard Class,Consumer,Philadelphia,Pennsylvania,East,Office Supplies,Paper,47.952,11,4
2016-12-05,Standard Class,Corporate,San Diego,California,West,Furniture,Furnishings,44.46,12,4
2016-07-09,Standard Class,Consumer,Clinton,Maryland,East,Office Supplies,Fasteners,15.8,7,3
2016-07-09,Standard Class,Consumer,Clinton,Maryland,East,Technology,Machines,464.97,7,3
2016-07-09,Standard Class,Consumer,Clinton,Maryland,East,Furniture,Furnishings,181.96,7,3
2016-07-09,Standard Class,Consumer,Clinton,Maryland,East,Office Supplies,Labels,12.39,7,3
2016-07-09,Standard Class,Consumer,Clinton,Maryland,East,Office Supplies,Binders,84.09,7,3
2016-07-09,Standard Class,Consumer,Clinton,Maryland,East,Office Supplies,Art,79.36,7,3
2016-07-09,Standard Class,Consumer,Clinton,Maryland,East,Office Supplies,Binders,153.36,7,3
2016-07-09,Standard Class,Consumer,Clinton,Maryland,East,Office Supplies,Binders,43.68,7,3
2016-07-09,Standard Class,Consumer,Clinton,Maryland,East,Office Supplies,Storage,98.21,7,3
2017-12-13,Standard Class,Consumer,Riverside,California,West,Office Supplies,Art,9.84,12,4
2017-05-20,Standard Class,Consumer,Port Saint Lucie,Florida,South,Office Supplies,Binders,2.694,5,2
2018-06-02,Second Class,Consumer,Mesa,Arizona,West,Office Supplies,Paper,25.344,6,2
2018-06-02,Second Class,Consumer,Mesa,Arizona,West,Office Supplies,Envelopes,43.92,6,2
2016-10-30,Second Class,Corporate,Denver,Colorado,West,Technology,Machines,59.994,10,4
2016-10-30,Second Class,Corporate,Denver,Colorado,West,Technology,Copiers,439.992,10,4
2016-10-30,Second Class,Corporate,Denver,Colorado,West,Technology,Phones,87.96,10,4
2016-10-30,Second Class,Corporate,Denver,Colorado,West,Furniture,Furnishings,15.488,10,4
2017-10-15,Standard Class,Corporate,Springfield,Virginia,South,Office Supplies,Binders,232.96,10,4
2017-10-15,Standard Class,Corporate,Springfield,Virginia,South,Office Supplies,Envelopes,66.54,10,4
2017-10-15,Standard Class,Corporate,Springfield,Virginia,South,Office Supplies,Appliances,43.26,10,4
2016-11-19,Second Class,Home Office,Seattle,Washington,West,Furniture,Furnishings,141.96,11,4
2015-09-13,Standard Class,Corporate,Tempe,Arizona,West,Office Supplies,Storage,79.4,9,3
2018-11-13,Second Class,Home Office,Yonkers,New York,East,Technology,Accessories,163.96,11,4
2018-12-24,Standard Class,Corporate,Rochester,New York,East,Furniture,Furnishings,37.93,12,4
2017-01-09,Second Class,Corporate,Toledo,Ohio,East,Furniture,Furnishings,15.168,1,1
2016-06-13,Standard Class,Corporate,Decatur,Alabama,South,Office Supplies,Art,24.78,6,2
2016-06-13,Standard Class,Corporate,Decatur,Alabama,South,Office Supplies,Binders,19.14,6,2
2016-06-13,Standard Class,Corporate,Decatur,Alabama,South,Office Supplies,Paper,32.4,6,2
2018-03-18,Standard Class,Consumer,Dallas,Texas,Central,Office Supplies,Art,23.832,3,1
2015-11-23,Standard Class,Corporate,Mesquite,Texas,Central,Furniture,Furnishings,6.368,11,4
2015-11-23,Standard Class,Corporate,Mesquite,Texas,Central,Office Supplies,Appliances,34.176,11,4
2015-11-23,Standard Class,Corporate,Mesquite,Texas,Central,Technology,Accessories,5.544,11,4
2018-10-15,First Class,Corporate,Los Angeles,California,West,Office Supplies,Paper,204.95,10,4
2018-04-21,First Class,Consumer,Seattle,Washington,West,Technology,Accessories,11.54,4,2
2018-04-21,First Class,Consumer,Seattle,Washington,West,Furniture,Furnishings,162.6,4,2
2015-12-08,Second Class,Consumer,Olympia,Washington,West,Office Supplies,Paper,45.68,12,4
2018-05-29,Standard Class,Home Office,Omaha,Nebraska,Central,Office Supplies,Fasteners,23.55,5,2
2017-09-19,Standard Class,Consumer,Columbus,Georgia,South,Office Supplies,Supplies,5.04,9,3
2017-09-19,Standard Class,Consumer,Columbus,Georgia,South,Technology,Accessories,249.95,9,3
2017-09-17,Standard Class,Corporate,Columbus,Indiana,Central,Office Supplies,Art,33.4,9,3
2017-12-20,Standard Class,Home Office,Jackson,Mississippi,South,Furniture,Furnishings,18.92,12,4
2017-12-20,Standard Class,Home Office,Jackson,Mississippi,South,Office Supplies,Binders,15.42,12,4
2018-11-22,Standard Class,Consumer,Houston,Texas,Central,Office Supplies,Art,35.712,11,4
2018-04-03,First Class,Consumer,Chicago,Illinois,Central,Office Supplies,Art,7.056,4,2
2017-12-26,Standard Class,Corporate,Denver,Colorado,West,Office Supplies,Appliances,18.72,12,4
2017-06-05,Standard Class,Consumer,Newark,Delaware,East,Office Supplies,Storage,360.38,6,2
2017-06-05,Standard Class,Consumer,Newark,Delaware,East,Office Supplies,Art,11.16,6,2
2017-06-05,Standard Class,Consumer,Newark,Delaware,East,Office Supplies,Labels,14.94,6,2
2016-09-18,Standard Class,Corporate,Clinton,Maryland,East,Office Supplies,Storage,41.96,9,3
2016-09-18,Standard Class,Corporate,Clinton,Maryland,East,Technology,Phones,499.99,9,3
2016-09-18,Standard Class,Corporate,Clinton,Maryland,East,Office Supplies,Binders,65.08,9,3
2018-03-06,Second Class,Consumer,New York City,New York,East,Office Supplies,Paper,26.38,3,1
2018-03-06,Second Class,Consumer,New York City,New York,East,Furniture,Furnishings,71.97,3,1
2017-03-17,Same Day,Consumer,Newark,Delaware,East,Technology,Phones,129.98,3,1
2017-03-17,Same Day,Consumer,Newark,Delaware,East,Office Supplies,Binders,32.54,3,1
2017-12-09,Standard Class,Consumer,Jackson,Michigan,Central,Technology,Phones,10.9,12,4
2017-12-09,Standard Class,Consumer,Jackson,Michigan,Central,Technology,Accessories,59.98,12,4
2017-12-09,Standard Class,Consumer,Jackson,Michigan,Central,Office Supplies,Appliances,61.929,12,4
2017-01-15,Standard Class,Consumer,New York City,New York,East,Office Supplies,Envelopes,16.52,1,1
2017-01-15,Standard Class,Consumer,New York City,New York,East,Office Supplies,Paper,60.12,1,1
2017-01-15,Standard Class,Consumer,New York City,New York,East,Office Supplies,Binders,49.536,1,1
2015-10-24,Same Day,Consumer,Rock Hill,South Carolina,South,Office Supplies,Fasteners,11.85,10,4
2017-09-23,Second Class,Consumer,Columbus,Georgia,South,Office Supplies,Storage,118.25,9,3
2017-09-23,Second Class,Consumer,Columbus,Georgia,South,Furniture,Chairs,368.97,9,3
2018-08-27,Second Class,Corporate,Inglewood,California,West,Furniture,Furnishings,198.46,8,3
2018-08-27,Second Class,Corporate,Inglewood,California,West,Office Supplies,Appliances,321.92,8,3
2018-08-27,Second Class,Corporate,Inglewood,California,West,Office Supplies,Supplies,28.4,8,3
2018-08-27,Second Class,Corporate,Inglewood,California,West,Furniture,Chairs,230.28,8,3
2018-08-27,Second Class,Corporate,Inglewood,California,West,Office Supplies,Paper,116.28,8,3
2018-08-27,Second Class,Corporate,Inglewood,California,West,Office Supplies,Storage,354.9,8,3
2017-03-03,First Class,Corporate,Odessa,Texas,Central,Office Supplies,Paper,42.784,3,1
2017-02-28,Standard Class,Consumer,Newark,Ohio,East,Office Supplies,Art,111.104,2,1
2016-09-18,Standard Class,Corporate,Los Angeles,California,West,Office Supplies,Art,11.68,9,3
2016-09-18,Standard Class,Corporate,Los Angeles,California,West,Office Supplies,Supplies,16.9,9,3
2016-09-18,Standard Class,Corporate,Los Angeles,California,West,Furniture,Furnishings,24.4,9,3
2018-05-12,Standard Class,Consumer,Everett,Massachusetts,East,Office Supplies,Paper,87.6,5,2
2017-08-13,Second Class,Corporate,West Allis,Wisconsin,Central,Furniture,Bookcases,241.96,8,3
2017-08-13,Second Class,Corporate,West Allis,Wisconsin,Central,Office Supplies,Binders,8.52,8,3
2018-02-25,Standard Class,Consumer,Chicago,Illinois,Central,Office Supplies,Binders,1.788,2,1
2017-03-21,Standard Class,Corporate,Houston,Texas,Central,Furniture,Tables,99.372,3,1
2017-03-21,Standard Class,Corporate,Houston,Texas,Central,Office Supplies,Art,1.344,3,1
2016-12-08,Second Class,Home Office,Houston,Texas,Central,Technology,Phones,119.96,12,4
2015-12-16,Second Class,Corporate,Hialeah,Florida,South,Office Supplies,Fasteners,1.984,12,4
2017-05-12,Standard Class,Corporate,Philadelphia,Pennsylvania,East,Office Supplies,Storage,82.368,5,2
2015-08-06,Second Class,Consumer,Columbia,South Carolina,South,Technology,Accessories,62.91,8,3
2015-04-11,Second Class,Consumer,Miami,Florida,South,Office Supplies,Fasteners,6.912,4,2
2015-04-11,Second Class,Consumer,Miami,Florida,South,Technology,Accessories,383.976,4,2
2015-04-11,Second Class,Consumer,Miami,Florida,South,Office Supplies,Paper,10.368,4,2
2015-04-11,Second Class,Consumer,Miami,Florida,South,Technology,Accessories,335.944,4,2
2018-11-30,Second Class,Home Office,Miami,Florida,South,Technology,Phones,71.976,11,4
2018-02-16,Standard Class,Consumer,New York City,New York,East,Office Supplies,Paper,37.94,2,1
2015-11-16,Standard Class,Home Office,Manhattan,Kansas,Central,Technology,Phones,273.96,11,4
2016-07-09,Second Class,Consumer,Philadelphia,Pennsylvania,East,Technology,Phones,269.982,7,3
2018-11-13,Second Class,Consumer,Memphis,Tennessee,South,Office Supplies,Paper,8.904,11,4
2018-07-31,Standard Class,Home Office,Fort Lauderdale,Florida,South,Technology,Accessories,41.424,7,3
2018-12-26,Standard Class,Home Office,Columbus,Ohio,East,Office Supplies,Binders,3.132,12,4
2017-09-04,Standard Class,Consumer,Houston,Texas,Central,Office Supplies,Art,3.912,9,3
2017-09-04,Standard Class,Consumer,Houston,Texas,Central,Office Supplies,Art,62.376,9,3
2017-04-17,Standard Class,Home Office,Omaha,Nebraska,Central,Office Supplies,Fasteners,29.05,4,2
2015-07-05,Standard Class,Home Office,Los Angeles,California,West,Office Supplies,Binders,180.96,7,3
2016-02-27,First Class,Corporate,Altoona,Pennsylvania,East,Office Supplies,Binders,4.419,2,1
2016-02-27,First Class,Corporate,Altoona,Pennsylvania,East,Office Supplies,Art,16.032,2,1
2016-11-27,Standard Class,Consumer,New York City,New York,East,Office Supplies,Art,29.79,11,4
2015-01-27,Standard Class,Consumer,San Diego,California,West,Office Supplies,Storage,57.23,1,1
2015-01-27,Standard Class,Consumer,San Diego,California,West,Furniture,Tables,333.0,1,1
2015-01-27,Standard Class,Consumer,San Diego,California,West,Office Supplies,Art,36.44,1,1
2018-09-23,First Class,Consumer,Miami,Florida,South,Office Supplies,Paper,251.64,9,3
2017-10-14,Standard Class,Consumer,Jacksonville,North Carolina,South,Furniture,Chairs,102.592,10,4
2017-10-14,Standard Class,Consumer,Jacksonville,North Carolina,South,Technology,Accessories,22.704,10,4
2017-10-14,Standard Class,Consumer,Jacksonville,North Carolina,South,Office Supplies,Paper,93.024,10,4
2017-10-14,Standard Class,Consumer,Jacksonville,North Carolina,South,Office Supplies,Supplies,12.768,10,4
2017-10-14,Standard Class,Consumer,Jacksonville,North Carolina,South,Office Supplies,Envelopes,35.008,10,4
2017-10-14,Standard Class,Consumer,Jacksonville,North Carolina,South,Office Supplies,Paper,39.152,10,4
2016-11-12,Standard Class,Corporate,Plantation,Florida,South,Office Supplies,Art,11.76,11,4
2016-11-12,Standard Class,Corporate,Plantation,Florida,South,Office Supplies,Binders,5.238,11,4
2016-11-12,Standard Class,Corporate,Plantation,Florida,South,Office Supplies,Binders,4.662,11,4
2016-11-12,Standard Class,Corporate,Plantation,Florida,South,Technology,Phones,100.792,11,4
2016-11-12,Standard Class,Corporate,Plantation,Florida,South,Furniture,Chairs,146.136,11,4
2018-03-05,Same Day,Consumer,Milwaukee,Wisconsin,Central,Office Supplies,Labels,25.06,3,1
2016-11-05,Standard Class,Consumer,Quincy,Illinois,Central,Office Supplies,Labels,19.824,11,4
2017-07-08,Same Day,Consumer,Jacksonville,Florida,South,Office Supplies,Paper,15.984,7,3
2016-09-15,Standard Class,Consumer,Mobile,Alabama,South,Technology,Phones,59.97,9,3
2018-10-09,Standard Class,Consumer,New York City,New York,East,Office Supplies,Binders,12.816,10,4
2018-10-09,Standard Class,Consumer,New York City,New York,East,Furniture,Bookcases,314.352,10,4
2018-10-09,Standard Class,Consumer,New York City,New York,East,Office Supplies,Paper,18.98,10,4
2018-10-09,Standard Class,Consumer,New York City,New York,East,Office Supplies,Binders,18.24,10,4
2016-09-14,Standard Class,Consumer,New York City,New York,East,Office Supplies,Binders,12.96,9,3
2015-10-07,Standard Class,Corporate,Dallas,Texas,Central,Office Supplies,Storage,107.44,10,4
2018-05-07,Standard Class,Corporate,Detroit,Michigan,Central,Furniture,Chairs,26.64,5,2
2018-05-07,Standard Class,Corporate,Detroit,Michigan,Central,Furniture,Chairs,476.8,5,2
2018-05-07,Standard Class,Corporate,Detroit,Michigan,Central,Office Supplies,Appliances,87.444,5,2
2016-11-14,Standard Class,Consumer,Dover,Delaware,East,Furniture,Furnishings,76.14,11,4
2016-11-14,Standard Class,Consumer,Dover,Delaware,East,Office Supplies,Binders,19.96,11,4
2015-04-08,Standard Class,Corporate,Glendale,Arizona,West,Office Supplies,Fasteners,2.368,4,2
2015-04-08,Standard Class,Corporate,Glendale,Arizona,West,Office Supplies,Paper,19.008,4,2
2015-07-26,Standard Class,Consumer,North Las Vegas,Nevada,West,Furniture,Furnishings,134.01,7,3
2015-07-26,Standard Class,Consumer,North Las Vegas,Nevada,West,Technology,Accessories,170.97,7,3
2015-06-08,Standard Class,Corporate,Bristol,Tennessee,South,Furniture,Chairs,170.352,6,2
2015-10-28,First Class,Corporate,Los Angeles,California,West,Office Supplies,Binders,7.184,10,4
2015-10-28,First Class,Corporate,Los Angeles,California,West,Office Supplies,Supplies,6.28,10,4
2015-10-28,First Class,Corporate,Los Angeles,California,West,Office Supplies,Supplies,480.74,10,4
2015-10-28,First Class,Corporate,Los Angeles,California,West,Office Supplies,Storage,141.4,10,4
2018-09-22,First Class,Consumer,Fayetteville,Arkansas,South,Technology,Accessories,34.95,9,3
2016-12-04,Standard Class,Corporate,Springfield,Missouri,Central,Office Supplies,Paper,85.96,12,4
2016-09-21,Same Day,Home Office,Quincy,Massachusetts,East,Furniture,Furnishings,85.3,9,3
2018-11-26,First Class,Consumer,Rockford,Illinois,Central,Office Supplies,Binders,33.568,11,4
2018-06-06,Standard Class,Home Office,San Francisco,California,West,Furniture,Furnishings,4.95,6,2
2018-06-06,Standard Class,Home Office,San Francisco,California,West,Office Supplies,Storage,26.4,6,2
2018-10-23,Second Class,Consumer,San Antonio,Texas,Central,Office Supplies,Binders,3.564,10,4
2018-10-23,Second Class,Consumer,San Antonio,Texas,Central,Office Supplies,Art,10.272,10,4
2015-12-20,Same Day,Consumer,Thornton,Colorado,West,Technology,Accessories,447.944,12,4
2018-02-17,Standard Class,Home Office,Chicago,Illinois,Central,Furniture,Tables,480.96,2,1
2018-02-17,Standard Class,Home Office,Chicago,Illinois,Central,Technology,Phones,124.792,2,1
2015-05-03,Standard Class,Consumer,Yonkers,New York,East,Office Supplies,Binders,40.176,5,2
2015-05-03,Standard Class,Consumer,Yonkers,New York,East,Office Supplies,Binders,10.896,5,2
2018-10-17,Second Class,Consumer,San Diego,California,West,Office Supplies,Art,10.64,10,4
2016-11-28,Standard Class,Consumer,Champaign,Illinois,Central,Furniture,Furnishings,151.96,11,4
2015-07-27,Second Class,Consumer,San Francisco,California,West,Technology,Accessories,238.0,7,3
2018-04-23,Second Class,Consumer,Lawrence,Indiana,Central,Technology,Accessories,155.34,4,2
2016-10-23,Second Class,Consumer,San Diego,California,West,Technology,Accessories,148.32,10,4
2016-10-23,Second Class,Consumer,San Diego,California,West,Furniture,Chairs,240.784,10,4
2016-10-23,Second Class,Consumer,San Diego,California,West,Furniture,Chairs,191.968,10,4
2016-10-23,Second Class,Consumer,San Diego,California,West,Office Supplies,Paper,11.56,10,4
2016-10-23,Second Class,Consumer,San Diego,California,West,Office Supplies,Envelopes,11.8,10,4
2017-09-05,Second Class,Consumer,Johnson City,Tennessee,South,Office Supplies,Envelopes,23.472,9,3
2017-09-05,Second Class,Consumer,Johnson City,Tennessee,South,Office Supplies,Binders,86.058,9,3
2017-09-05,Second Class,Consumer,Johnson City,Tennessee,South,Technology,Phones,108.784,9,3
2017-09-05,Second Class,Consumer,Johnson City,Tennessee,South,Office Supplies,Paper,10.272,9,3
2017-10-28,Standard Class,Consumer,Tampa,Florida,South,Office Supplies,Binders,38.19,10,4
2015-04-05,First Class,Corporate,Decatur,Illinois,Central,Office Supplies,Storage,49.632,4,2
2015-04-05,First Class,Corporate,Decatur,Illinois,Central,Office Supplies,Storage,52.096,4,2
2016-06-15,Standard Class,Consumer,Gilbert,Arizona,West,Office Supplies,Paper,9.568,6,2
2016-06-15,Standard Class,Consumer,Gilbert,Arizona,West,Office Supplies,Storage,82.368,6,2
2016-06-15,Standard Class,Consumer,Gilbert,Arizona,West,Furniture,Furnishings,364.704,6,2
2016-06-15,Standard Class,Consumer,Gilbert,Arizona,West,Furniture,Furnishings,40.256,6,2
2015-07-05,Standard Class,Corporate,Knoxville,Tennessee,South,Office Supplies,Art,4.368,7,3
2018-01-29,Standard Class,Consumer,Chicago,Illinois,Central,Office Supplies,Binders,12.128,1,1
2017-03-03,Second Class,Consumer,Bloomington,Indiana,Central,Technology,Phones,134.85,3,1
2015-06-02,Standard Class,Consumer,Roswell,Georgia,South,Office Supplies,Art,8.56,6,2
2015-06-02,Standard Class,Consumer,Roswell,Georgia,South,Technology,Phones,239.97,6,2
2015-06-02,Standard Class,Consumer,Roswell,Georgia,South,Office Supplies,Storage,356.94,6,2
2017-11-10,Standard Class,Consumer,Houston,Texas,Central,Technology,Accessories,279.944,11,4
2015-11-22,Standard Class,Home Office,Bolingbrook,Illinois,Central,Office Supplies,Binders,9.98,11,4
2018-05-01,Standard Class,Home Office,Texarkana,Arkansas,South,Technology,Accessories,48.9,5,2
2018-12-07,Standard Class,Corporate,San Antonio,Texas,Central,Office Supplies,Fasteners,3.552,12,4
2018-12-07,Standard Class,Corporate,San Antonio,Texas,Central,Office Supplies,Paper,15.552,12,4
2018-11-30,Standard Class,Consumer,Edinburg,Texas,Central,Office Supplies,Fasteners,2.368,11,4
2018-12-07,First Class,Consumer,Toledo,Ohio,East,Technology,Accessories,127.984,12,4
2016-01-03,Standard Class,Corporate,Baytown,Texas,Central,Office Supplies,Paper,10.368,1,1
2016-11-14,Standard Class,Home Office,Philadelphia,Pennsylvania,East,Technology,Accessories,47.984,11,4
2016-10-02,Second Class,Home Office,Los Angeles,California,West,Office Supplies,Storage,270.34,10,4
2016-04-05,Standard Class,Home Office,Philadelphia,Pennsylvania,East,Office Supplies,Appliances,98.112,4,2
2016-04-05,Standard Class,Home Office,Philadelphia,Pennsylvania,East,Office Supplies,Binders,10.428,4,2
2016-04-05,Standard Class,Home Office,Philadelphia,Pennsylvania,East,Technology,Phones,14.85,4,2
2016-04-05,Standard Class,Home Office,Philadelphia,Pennsylvania,East,Technology,Phones,41.988,4,2
2016-04-05,Standard Class,Home Office,Philadelphia,Pennsylvania,East,Furniture,Furnishings,7.584,4,2
2016-04-05,Standard Class,Home Office,Philadelphia,Pennsylvania,East,Furniture,Bookcases,352.45,4,2
2018-06-05,First Class,Consumer,Pearland,Texas,Central,Technology,Phones,470.376,6,2
2018-09-18,Standard Class,Corporate,New York City,New York,East,Office Supplies,Paper,19.44,9,3
2018-09-18,Standard Class,Corporate,New York City,New York,East,Furniture,Furnishings,9.82,9,3
2018-07-18,Standard Class,Consumer,Phoenix,Arizona,West,Furniture,Chairs,161.568,7,3
2018-07-18,Standard Class,Consumer,Phoenix,Arizona,West,Office Supplies,Paper,16.096,7,3
2018-07-18,Standard Class,Consumer,Phoenix,Arizona,West,Office Supplies,Binders,7.656,7,3
2018-07-18,Standard Class,Consumer,Phoenix,Arizona,West,Furniture,Chairs,311.976,7,3
2016-12-01,Standard Class,Corporate,Chesapeake,Virginia,South,Office Supplies,Storage,61.68,12,4
2016-12-01,Standard Class,Corporate,Chesapeake,Virginia,South,Office Supplies,Binders,63.96,12,4
2017-06-28,Second Class,Consumer,Chicago,Illinois,Central,Technology,Phones,359.976,6,2
2018-08-28,Standard Class,Consumer,Chicago,Illinois,Central,Office Supplies,Paper,25.344,8,3
2018-08-28,Standard Class,Consumer,Chicago,Illinois,Central,Office Supplies,Paper,26.72,8,3
2015-09-17,Standard Class,Consumer,Seattle,Washington,West,Office Supplies,Storage,30.28,9,3
2015-09-17,Standard Class,Consumer,Seattle,Washington,West,Office Supplies,Storage,57.93,9,3
2015-09-17,Standard Class,Consumer,Seattle,Washington,West,Furniture,Furnishings,35.34,9,3
2015-09-17,Standard Class,Consumer,Seattle,Washington,West,Office Supplies,Binders,137.24,9,3
2017-03-14,First Class,Consumer,Harlingen,Texas,Central,Furniture,Bookcases,241.332,3,1
2017-03-14,First Class,Consumer,Harlingen,Texas,Central,Office Supplies,Paper,5.184,3,1
2017-03-14,First Class,Consumer,Harlingen,Texas,Central,Office Supplies,Art,145.544,3,1
2017-08-26,Standard Class,Corporate,Philadelphia,Pennsylvania,East,Office Supplies,Art,5.472,8,3
2017-08-26,Standard Class,Corporate,Philadelphia,Pennsylvania,East,Technology,Accessories,47.984,8,3
2018-09-02,Standard Class,Consumer,Bakersfield,California,West,Office Supplies,Art,9.4,9,3
2018-09-02,Standard Class,Consumer,Bakersfield,California,West,Office Supplies,Labels,74.0,9,3
2018-09-02,Standard Class,Consumer,Bakersfield,California,West,Technology,Phones,201.584,9,3
2016-06-16,Standard Class,Consumer,Grand Prairie,Texas,Central,Office Supplies,Envelopes,28.752,6,2
2016-06-16,Standard Class,Consumer,Grand Prairie,Texas,Central,Office Supplies,Paper,27.216,6,2
2016-06-16,Standard Class,Consumer,Grand Prairie,Texas,Central,Furniture,Chairs,197.372,6,2
2018-05-18,Standard Class,Consumer,New York City,New York,East,Furniture,Furnishings,14.56,5,2
2018-05-18,Standard Class,Consumer,New York City,New York,East,Office Supplies,Binders,3.048,5,2
2018-05-27,Second Class,Consumer,Memphis,Tennessee,South,Office Supplies,Paper,25.92,5,2
2017-05-16,Second Class,Consumer,Los Angeles,California,West,Office Supplies,Paper,17.34,5,2
2018-11-18,Standard Class,Consumer,Homestead,Florida,South,Office Supplies,Paper,44.384,11,4
2018-11-18,Standard Class,Consumer,Homestead,Florida,South,Office Supplies,Supplies,2.944,11,4
2017-11-18,Standard Class,Home Office,Pasadena,Texas,Central,Office Supplies,Art,6.368,11,4
2017-11-18,Standard Class,Home Office,Pasadena,Texas,Central,Office Supplies,Labels,48.848,11,4
2017-11-18,Standard Class,Home Office,Pasadena,Texas,Central,Office Supplies,Paper,19.648,11,4
2017-11-18,Standard Class,Home Office,Pasadena,Texas,Central,Furniture,Chairs,255.108,11,4
2015-11-28,Second Class,Consumer,Freeport,New York,East,Office Supplies,Binders,17.248,11,4
2017-03-01,Standard Class,Corporate,Denver,Colorado,West,Technology,Phones,159.984,3,1
2018-01-15,Standard Class,Consumer,Quincy,Massachusetts,East,Office Supplies,Paper,12.7,1,1
2015-04-04,Standard Class,Consumer,Detroit,Michigan,Central,Furniture,Furnishings,5.47,4,2
2015-04-04,Standard Class,Consumer,Detroit,Michigan,Central,Office Supplies,Art,79.36,4,2
2017-06-26,Standard Class,Consumer,San Francisco,California,West,Furniture,Furnishings,22.14,6,2
2017-05-29,Standard Class,Consumer,Nashville,Tennessee,South,Office Supplies,Binders,11.277,5,2
2017-05-29,Standard Class,Consumer,Nashville,Tennessee,South,Office Supplies,Art,4.448,5,2
2017-05-29,Standard Class,Consumer,Nashville,Tennessee,South,Furniture,Furnishings,44.76,5,2
2016-10-19,Standard Class,Corporate,Detroit,Michigan,Central,Office Supplies,Binders,38.28,10,4
2016-10-19,Standard Class,Corporate,Detroit,Michigan,Central,Technology,Phones,149.95,10,4
2018-02-19,First Class,Home Office,Los Angeles,California,West,Office Supplies,Art,12.84,2,1
2018-02-19,First Class,Home Office,Los Angeles,California,West,Furniture,Furnishings,44.67,2,1
2017-09-22,Standard Class,Consumer,Philadelphia,Pennsylvania,East,Office Supplies,Art,7.872,9,3
2015-11-12,Second Class,Corporate,Asheville,North Carolina,South,Office Supplies,Art,7.872,11,4
2017-04-01,Standard Class,Consumer,New York City,New York,East,Office Supplies,Art,88.04,4,2
2017-05-20,First Class,Home Office,Colorado Springs,Colorado,West,Office Supplies,Binders,40.635,5,2
2016-06-01,Standard Class,Corporate,San Antonio,Texas,Central,Office Supplies,Binders,5.728,6,2
2016-06-01,Standard Class,Corporate,San Antonio,Texas,Central,Office Supplies,Paper,42.24,6,2
2015-11-22,Standard Class,Consumer,Los Angeles,California,West,Office Supplies,Paper,53.82,11,4
2016-02-22,Second Class,Home Office,Sterling Heights,Michigan,Central,Office Supplies,Art,79.36,2,1
2017-03-29,Standard Class,Consumer,New York City,New York,East,Office Supplies,Paper,13.48,3,1
2017-03-29,Standard Class,Consumer,New York City,New York,East,Office Supplies,Binders,29.8,3,1
2017-03-29,Standard Class,Consumer,New York City,New York,East,Furniture,Furnishings,414.0,3,1
2017-03-29,Standard Class,Consumer,New York City,New York,East,Office Supplies,Binders,41.328,3,1
2017-10-22,First Class,Consumer,Richmond,Virginia,South,Furniture,Furnishings,39.92,10,4
2018-10-02,Standard Class,Home Office,Seattle,Washington,West,Office Supplies,Fasteners,8.94,10,4
2018-10-02,Standard Class,Home Office,Seattle,Washington,West,Technology,Phones,84.784,10,4
2015-12-23,Standard Class,Corporate,New York City,New York,East,Furniture,Tables,53.316,12,4
2015-12-23,Standard Class,Corporate,New York City,New York,East,Office Supplies,Appliances,56.52,12,4
2018-12-15,Standard Class,Home Office,Seattle,Washington,West,Furniture,Furnishings,22.77,12,4
2017-07-07,Second Class,Consumer,Los Angeles,California,West,Furniture,Chairs,287.968,7,3
2017-07-07,Second Class,Consumer,Los Angeles,California,West,Office Supplies,Paper,48.94,7,3
2017-04-17,Standard Class,Consumer,Lakewood,California,West,Furniture,Bookcases,257.499,4,2
2018-04-08,Standard Class,Home Office,Plainfield,New Jersey,East,Office Supplies,Appliances,41.95,4,2
2017-04-17,Standard Class,Corporate,Columbia,Tennessee,South,Furniture,Furnishings,79.12,4,2
2015-11-25,Second Class,Consumer,Woonsocket,Rhode Island,East,Furniture,Furnishings,52.96,11,4
2015-11-03,Standard Class,Consumer,Lancaster,Pennsylvania,East,Office Supplies,Supplies,286.344,11,4
2016-05-01,Standard Class,Corporate,Tampa,Florida,South,Furniture,Furnishings,63.552,5,2
2016-05-01,Standard Class,Corporate,Tampa,Florida,South,Office Supplies,Supplies,41.376,5,2
2016-05-01,Standard Class,Corporate,Tampa,Florida,South,Office Supplies,Art,172.704,5,2
2016-03-08,Standard Class,Consumer,Kenosha,Wisconsin,Central,Office Supplies,Art,14.98,3,1
2016-03-08,Standard Class,Consumer,Kenosha,Wisconsin,Central,Furniture,Furnishings,373.08,3,1
2016-07-17,Second Class,Corporate,Port Saint Lucie,Florida,South,Furniture,Bookcases,231.92,7,3
2015-10-11,Standard Class,Home Office,Seattle,Washington,West,Furniture,Furnishings,63.47,10,4
2015-10-11,Standard Class,Home Office,Seattle,Washington,West,Technology,Accessories,345.0,10,4
2017-03-03,Standard Class,Consumer,San Antonio,Texas,Central,Technology,Machines,287.91,3,1
2017-03-03,Standard Class,Consumer,San Antonio,Texas,Central,Office Supplies,Envelopes,36.6,3,1
2016-12-10,Standard Class,Consumer,Roswell,Georgia,South,Office Supplies,Art,1.78,12,4
2016-12-10,Standard Class,Consumer,Roswell,Georgia,South,Office Supplies,Paper,25.92,12,4
2016-12-10,Standard Class,Consumer,Roswell,Georgia,South,Technology,Accessories,101.94,12,4
2016-12-18,Standard Class,Corporate,Louisville,Colorado,West,Office Supplies,Art,6.848,12,4
2018-01-01,Standard Class,Consumer,Los Angeles,California,West,Furniture,Furnishings,474.43,1,1
2018-11-21,First Class,Consumer,Philadelphia,Pennsylvania,East,Office Supplies,Paper,8.448,11,4
2018-11-21,First Class,Consumer,Philadelphia,Pennsylvania,East,Office Supplies,Storage,39.296,11,4
2016-12-22,Standard Class,Home Office,Superior,Wisconsin,Central,Office Supplies,Art,17.12,12,4
2016-08-23,Standard Class,Consumer,Atlanta,Georgia,South,Office Supplies,Labels,8.64,8,3
2016-08-23,Standard Class,Consumer,Atlanta,Georgia,South,Office Supplies,Paper,193.8,8,3
2016-08-23,Standard Class,Consumer,Atlanta,Georgia,South,Office Supplies,Paper,21.4,8,3
2016-08-23,Standard Class,Consumer,Atlanta,Georgia,South,Office Supplies,Paper,97.88,8,3
2016-08-23,Standard Class,Consumer,Atlanta,Georgia,South,Technology,Accessories,251.91,8,3
2016-08-23,Standard Class,Consumer,Atlanta,Georgia,South,Office Supplies,Appliances,25.86,8,3
2015-06-22,Standard Class,Consumer,Chester,Pennsylvania,East,Furniture,Chairs,170.058,6,2
2015-06-22,Standard Class,Consumer,Chester,Pennsylvania,East,Technology,Phones,82.782,6,2
2018-10-27,First Class,Corporate,San Francisco,California,West,Technology,Phones,95.84,10,4
2018-08-11,First Class,Corporate,Bedford,Texas,Central,Office Supplies,Paper,29.664,8,3
2018-08-11,First Class,Corporate,Bedford,Texas,Central,Office Supplies,Art,9.184,8,3
2018-08-11,First Class,Corporate,Bedford,Texas,Central,Technology,Phones,153.584,8,3
2018-08-11,First Class,Corporate,Bedford,Texas,Central,Office Supplies,Binders,12.864,8,3
2018-12-24,Standard Class,Consumer,Lafayette,Louisiana,South,Technology,Machines,479.97,12,4
2018-12-24,Standard Class,Consumer,Lafayette,Louisiana,South,Furniture,Chairs,232.88,12,4
2017-09-26,Standard Class,Home Office,Covington,Washington,West,Office Supplies,Appliances,236.88,9,3
2017-09-26,Standard Class,Home Office,Covington,Washington,West,Office Supplies,Paper,29.9,9,3
2017-09-26,Standard Class,Home Office,Covington,Washington,West,Technology,Accessories,100.0,9,3
2017-12-12,Same Day,Corporate,Lorain,Ohio,East,Office Supplies,Binders,18.693,12,4
2017-12-12,Same Day,Corporate,Lorain,Ohio,East,Technology,Accessories,383.952,12,4
2016-12-28,Standard Class,Consumer,Chicago,Illinois,Central,Office Supplies,Storage,24.816,12,4
2015-12-29,Standard Class,Corporate,San Francisco,California,West,Furniture,Furnishings,24.9,12,4
2015-12-29,Standard Class,Corporate,San Francisco,California,West,Office Supplies,Paper,21.12,12,4
2015-12-29,Standard Class,Corporate,San Francisco,California,West,Office Supplies,Binders,14.352,12,4
2015-12-29,Standard Class,Corporate,San Francisco,California,West,Technology,Phones,191.976,12,4
2015-12-29,Standard Class,Corporate,San Francisco,California,West,Office Supplies,Labels,274.77,12,4
2015-12-29,Standard Class,Corporate,San Francisco,California,West,Furniture,Furnishings,70.56,12,4
2016-06-25,Standard Class,Consumer,San Francisco,California,West,Furniture,Furnishings,204.85,6,2
2016-04-02,Standard Class,Corporate,Houston,Texas,Central,Office Supplies,Binders,9.156,4,2
2018-10-21,Standard Class,Consumer,Chicago,Illinois,Central,Office Supplies,Appliances,23.992,10,4
2016-07-16,First Class,Corporate,New York City,New York,East,Office Supplies,Paper,80.88,7,3
2018-06-24,Second Class,Consumer,New York City,New York,East,Furniture,Furnishings,276.69,6,2
2018-06-24,Second Class,Consumer,New York City,New York,East,Furniture,Chairs,172.764,6,2
2015-09-29,Standard Class,Corporate,Philadelphia,Pennsylvania,East,Office Supplies,Art,4.224,9,3
2015-09-29,Standard Class,Corporate,Philadelphia,Pennsylvania,East,Furniture,Tables,409.272,9,3
2015-09-29,Standard Class,Corporate,Philadelphia,Pennsylvania,East,Office Supplies,Labels,55.44,9,3
2015-09-29,Standard Class,Corporate,Philadelphia,Pennsylvania,East,Office Supplies,Paper,20.928,9,3
2015-09-29,Standard Class,Corporate,Philadelphia,Pennsylvania,East,Furniture,Tables,67.176,9,3
2016-11-20,Standard Class,Consumer,Oakland,California,West,Technology,Phones,72.744,11,4
2017-11-01,Standard Class,Consumer,Chicago,Illinois,Central,Technology,Accessories,68.112,11,4
2016-09-17,First Class,Corporate,Seattle,Washington,West,Office Supplies,Binders,25.032,9,3
2017-03-10,Standard Class,Consumer,Philadelphia,Pennsylvania,East,Technology,Accessories,39.992,3,1
2015-06-23,First Class,Consumer,Concord,North Carolina,South,Office Supplies,Art,20.016,6,2
2015-06-23,First Class,Consumer,Concord,North Carolina,South,Office Supplies,Supplies,3.104,6,2
2015-11-01,Standard Class,Corporate,Charlotte,North Carolina,South,Office Supplies,Fasteners,7.52,11,4
2015-11-01,Standard Class,Corporate,Charlotte,North Carolina,South,Office Supplies,Art,10.272,11,4
2015-11-01,Standard Class,Corporate,Charlotte,North Carolina,South,Office Supplies,Labels,47.808,11,4
2017-08-28,First Class,Consumer,Dallas,Texas,Central,Office Supplies,Binders,13.14,8,3
2017-08-28,First Class,Consumer,Dallas,Texas,Central,Office Supplies,Binders,10.024,8,3
2017-08-28,First Class,Consumer,Dallas,Texas,Central,Furniture,Bookcases,156.3728,8,3
2018-11-15,Standard Class,Consumer,Miramar,Florida,South,Furniture,Furnishings,220.064,11,4
2018-11-15,Standard Class,Consumer,Miramar,Florida,South,Furniture,Furnishings,339.136,11,4
2016-12-19,Second Class,Corporate,Omaha,Nebraska,Central,Office Supplies,Binders,7.04,12,4
2016-12-19,Second Class,Corporate,Omaha,Nebraska,Central,Office Supplies,Fasteners,5.04,12,4
2016-12-19,Second Class,Corporate,Omaha,Nebraska,Central,Office Supplies,Paper,116.28,12,4
2016-12-21,First Class,Consumer,Jacksonville,North Carolina,South,Technology,Phones,47.976,12,4
2017-09-25,Standard Class,Corporate,Tigard,Oregon,West,Office Supplies,Paper,60.048,9,3
2017-09-25,Standard Class,Corporate,Tigard,Oregon,West,Office Supplies,Binders,5.022,9,3
2018-06-24,Standard Class,Corporate,Decatur,Illinois,Central,Office Supplies,Binders,182.994,6,2
2018-06-24,Standard Class,Corporate,Decatur,Illinois,Central,Office Supplies,Paper,10.272,6,2
2018-09-07,First Class,Home Office,Phoenix,Arizona,West,Office Supplies,Binders,7.857,9,3
2017-08-04,Second Class,Corporate,Sacramento,California,West,Technology,Phones,302.384,8,3
2017-08-04,Second Class,Corporate,Sacramento,California,West,Office Supplies,Binders,20.952,8,3
2017-08-04,Second Class,Corporate,Sacramento,California,West,Office Supplies,Binders,11.784,8,3
2017-04-01,Standard Class,Corporate,New York City,New York,East,Office Supplies,Labels,20.7,4,2
2017-04-01,Standard Class,Corporate,New York City,New York,East,Office Supplies,Supplies,10.95,4,2
2017-04-01,Standard Class,Corporate,New York City,New York,East,Office Supplies,Binders,14.352,4,2
2018-05-16,First Class,Consumer,Akron,Ohio,East,Office Supplies,Storage,221.024,5,2
2016-08-24,Standard Class,Consumer,Florence,Kentucky,South,Technology,Accessories,79.96,8,3
2015-09-23,Standard Class,Consumer,Minneapolis,Minnesota,Central,Office Supplies,Paper,32.4,9,3
2015-09-23,Standard Class,Consumer,Minneapolis,Minnesota,Central,Office Supplies,Storage,404.9,9,3
2015-09-23,Standard Class,Consumer,Minneapolis,Minnesota,Central,Office Supplies,Binders,12.94,9,3
2018-06-19,Standard Class,Consumer,Houston,Texas,Central,Office Supplies,Appliances,2.264,6,2
2018-06-19,Standard Class,Consumer,Houston,Texas,Central,Office Supplies,Appliances,0.444,6,2
2018-06-19,Standard Class,Consumer,Houston,Texas,Central,Office Supplies,Paper,146.176,6,2
2018-12-21,Same Day,Home Office,Fremont,Nebraska,Central,Furniture,Furnishings,15.92,12,4
2018-08-07,Standard Class,Consumer,San Diego,California,West,Technology,Phones,159.96,8,3
2018-08-07,Standard Class,Consumer,San Diego,California,West,Office Supplies,Binders,13.76,8,3
2017-08-22,Standard Class,Consumer,Houston,Texas,Central,Office Supplies,Binders,4.312,8,3
2016-09-07,Same Day,Consumer,New York City,New York,East,Office Supplies,Storage,13.96,9,3
2016-09-07,Same Day,Consumer,New York City,New York,East,Furniture,Tables,27.414,9,3
2016-12-25,Standard Class,Corporate,Detroit,Michigan,Central,Technology,Phones,73.98,12,4
2016-12-25,Standard Class,Corporate,Detroit,Michigan,Central,Furniture,Bookcases,160.98,12,4
2016-12-25,Standard Class,Corporate,Detroit,Michigan,Central,Office Supplies,Paper,17.34,12,4
2016-12-25,Standard Class,Corporate,Detroit,Michigan,Central,Office Supplies,Art,3.28,12,4
2016-05-02,Standard Class,Corporate,Houston,Texas,Central,Office Supplies,Labels,8.856,5,2
2016-05-02,Standard Class,Corporate,Houston,Texas,Central,Technology,Phones,158.376,5,2
2016-11-24,Standard Class,Consumer,Los Angeles,California,West,Office Supplies,Binders,3.168,11,4
2016-11-24,Standard Class,Consumer,Los Angeles,California,West,Office Supplies,Paper,19.44,11,4
2016-11-24,Standard Class,Consumer,Los Angeles,California,West,Office Supplies,Storage,454.86,11,4
2016-11-24,Standard Class,Consumer,Los Angeles,California,West,Office Supplies,Binders,91.392,11,4
2018-09-04,Standard Class,Consumer,Philadelphia,Pennsylvania,East,Technology,Accessories,19.04,9,3
2018-05-11,Same Day,Consumer,Seattle,Washington,West,Office Supplies,Paper,37.44,5,2
2018-05-11,Same Day,Consumer,Seattle,Washington,West,Office Supplies,Labels,37.59,5,2
2018-05-11,Same Day,Consumer,Seattle,Washington,West,Office Supplies,Binders,26.032,5,2
2015-05-11,Standard Class,Corporate,Watertown,New York,East,Office Supplies,Appliances,35.91,5,2
2018-07-27,Second Class,Consumer,Jacksonville,Florida,South,Furniture,Furnishings,91.032,7,3
2018-05-06,First Class,Consumer,Arlington,Virginia,South,Office Supplies,Art,54.66,5,2
2015-09-19,Standard Class,Consumer,Charlotte,North Carolina,South,Office Supplies,Storage,67.344,9,3
2016-03-29,Standard Class,Consumer,Seattle,Washington,West,Office Supplies,Appliances,73.28,3,1
2015-11-18,Standard Class,Corporate,Chicago,Illinois,Central,Office Supplies,Binders,14.48,11,4
2016-07-02,Standard Class,Consumer,Hollywood,Florida,South,Office Supplies,Paper,11.952,7,3
2016-07-02,Standard Class,Consumer,Hollywood,Florida,South,Office Supplies,Paper,15.552,7,3
2015-09-08,Standard Class,Consumer,Chesapeake,Virginia,South,Office Supplies,Fasteners,45.0,9,3
2015-09-08,Standard Class,Consumer,Chesapeake,Virginia,South,Technology,Machines,209.97,9,3
2018-10-02,Standard Class,Home Office,Los Angeles,California,West,Office Supplies,Binders,112.12,10,4
2018-11-19,Standard Class,Consumer,Alexandria,Virginia,South,Office Supplies,Fasteners,25.06,11,4
2017-12-30,First Class,Corporate,Deer Park,Texas,Central,Office Supplies,Binders,6.924,12,4
2018-12-01,First Class,Consumer,Philadelphia,Pennsylvania,East,Office Supplies,Storage,37.392,12,4
2018-12-01,First Class,Consumer,Philadelphia,Pennsylvania,East,Furniture,Furnishings,79.12,12,4
2017-06-13,Standard Class,Consumer,Wichita,Kansas,Central,Office Supplies,Labels,18.9,6,2
2015-05-19,Standard Class,Consumer,Midland,Michigan,Central,Office Supplies,Binders,57.42,5,2
2018-01-30,Standard Class,Home Office,San Francisco,California,West,Office Supplies,Art,12.74,1,1
2018-01-30,Standard Class,Home Office,San Francisco,California,West,Office Supplies,Art,8.82,1,1
2018-01-30,Standard Class,Home Office,San Francisco,California,West,Furniture,Chairs,120.784,1,1
2016-11-28,Standard Class,Consumer,Freeport,New York,East,Furniture,Furnishings,322.59,11,4
2018-10-23,Standard Class,Consumer,Austin,Texas,Central,Office Supplies,Binders,9.762,10,4
2018-10-23,Standard Class,Consumer,Austin,Texas,Central,Office Supplies,Storage,13.72,10,4
2018-10-23,Standard Class,Consumer,Austin,Texas,Central,Technology,Accessories,55.2,10,4
2018-10-23,Standard Class,Consumer,Austin,Texas,Central,Office Supplies,Storage,259.136,10,4
2018-09-07,Standard Class,Consumer,Philadelphia,Pennsylvania,East,Office Supplies,Labels,29.24,9,3
2018-09-07,Standard Class,Consumer,Philadelphia,Pennsylvania,East,Office Supplies,Paper,15.552,9,3
2018-09-07,Standard Class,Consumer,Philadelphia,Pennsylvania,East,Office Supplies,Envelopes,4.896,9,3
2017-12-29,Standard Class,Corporate,Bristol,Tennessee,South,Office Supplies,Binders,38.088,12,4
2017-12-29,Standard Class,Corporate,Bristol,Tennessee,South,Office Supplies,Binders,2.808,12,4
2016-12-05,Second Class,Consumer,Philadelphia,Pennsylvania,East,Technology,Accessories,47.984,12,4
2016-12-05,Second Class,Consumer,Philadelphia,Pennsylvania,East,Office Supplies,Binders,26.064,12,4
2015-11-01,Standard Class,Corporate,Chicago,Illinois,Central,Office Supplies,Paper,15.696,11,4
2017-04-16,Standard Class,Consumer,Columbus,Georgia,South,Office Supplies,Art,12.84,4,2
2018-05-14,Standard Class,Consumer,New York City,New York,East,Office Supplies,Storage,22.58,5,2
2016-03-14,Standard Class,Consumer,Dover,New Hampshire,East,Office Supplies,Labels,16.52,3,1
2018-01-14,First Class,Corporate,Aurora,Colorado,West,Technology,Accessories,169.064,1,1
2018-01-14,First Class,Corporate,Aurora,Colorado,West,Office Supplies,Storage,168.624,1,1
2016-03-08,Standard Class,Corporate,Long Beach,New York,East,Office Supplies,Paper,19.44,3,1
2015-10-11,First Class,Consumer,Pasadena,California,West,Office Supplies,Storage,31.92,10,4
2015-10-11,First Class,Consumer,Pasadena,California,West,Furniture,Chairs,433.568,10,4
2016-04-13,First Class,Home Office,Mesa,Arizona,West,Office Supplies,Paper,31.104,4,2
2016-04-13,First Class,Home Office,Mesa,Arizona,West,Office Supplies,Paper,54.816,4,2
2018-11-16,Standard Class,Consumer,Fresno,California,West,Office Supplies,Storage,48.86,11,4
2017-07-01,Same Day,Consumer,Columbia,South Carolina,South,Office Supplies,Binders,14.2,7,3
2017-07-01,Same Day,Consumer,Columbia,South Carolina,South,Office Supplies,Paper,12.96,7,3
2017-07-01,Same Day,Consumer,Columbia,South Carolina,South,Office Supplies,Binders,58.34,7,3
2016-11-29,First Class,Home Office,Santa Ana,California,West,Office Supplies,Art,56.3,11,4
2015-04-07,Standard Class,Corporate,Columbia,South Carolina,South,Office Supplies,Paper,122.97,4,2
2017-06-16,Second Class,Consumer,Los Angeles,California,West,Office Supplies,Paper,46.35,6,2
2018-03-06,Standard Class,Home Office,San Francisco,California,West,Office Supplies,Binders,14.976,3,1
2018-10-07,Standard Class,Consumer,Houston,Texas,Central,Office Supplies,Binders,4.24,10,4
2018-10-06,Standard Class,Home Office,New York City,New York,East,Technology,Accessories,319.96,10,4
2018-10-06,Standard Class,Home Office,New York City,New York,East,Office Supplies,Paper,17.04,10,4
2018-10-06,Standard Class,Home Office,New York City,New York,East,Office Supplies,Storage,344.91,10,4
2017-12-05,First Class,Corporate,Franklin,Massachusetts,East,Furniture,Bookcases,81.94,12,4
2017-10-21,First Class,Consumer,Baltimore,Maryland,East,Technology,Accessories,98.16,10,4
2018-05-18,Standard Class,Corporate,Mcallen,Texas,Central,Office Supplies,Binders,6.874,5,2
2018-05-18,Standard Class,Corporate,Mcallen,Texas,Central,Office Supplies,Binders,1.996,5,2
2018-05-18,Standard Class,Corporate,Mcallen,Texas,Central,Office Supplies,Storage,8.928,5,2
2017-09-26,Second Class,Corporate,Iowa City,Iowa,Central,Office Supplies,Paper,9.99,9,3
2016-07-08,Same Day,Consumer,Houston,Texas,Central,Office Supplies,Paper,21.12,7,3
2016-11-16,Standard Class,Corporate,Boise,Idaho,West,Technology,Phones,304.776,11,4
2016-06-18,Standard Class,Consumer,San Diego,California,West,Office Supplies,Art,51.98,6,2
2017-04-08,Standard Class,Consumer,Los Angeles,California,West,Furniture,Furnishings,24.7,4,2
2016-04-18,Second Class,Consumer,New York City,New York,East,Office Supplies,Labels,21.93,4,2
2017-12-03,Standard Class,Consumer,Philadelphia,Pennsylvania,East,Office Supplies,Appliances,394.816,12,4
2017-12-03,Standard Class,Consumer,Philadelphia,Pennsylvania,East,Office Supplies,Binders,18.192,12,4
2016-12-10,Same Day,Home Office,New York City,New York,East,Office Supplies,Labels,7.31,12,4
2016-12-10,Same Day,Home Office,New York City,New York,East,Office Supplies,Paper,41.28,12,4
2016-12-10,Same Day,Home Office,New York City,New York,East,Office Supplies,Paper,184.66,12,4
2015-10-31,Second Class,Consumer,Cranston,Rhode Island,East,Office Supplies,Art,49.25,10,4
2015-10-31,Second Class,Consumer,Cranston,Rhode Island,East,Office Supplies,Paper,10.16,10,4
2015-10-31,Second Class,Consumer,Cranston,Rhode Island,East,Furniture,Furnishings,14.76,10,4
2015-10-31,Second Class,Consumer,Cranston,Rhode Island,East,Office Supplies,Binders,34.08,10,4
2015-10-31,Second Class,Consumer,Cranston,Rhode Island,East,Furniture,Furnishings,17.67,10,4
2015-10-31,Second Class,Consumer,Cranston,Rhode Island,East,Furniture,Tables,385.686,10,4
2018-12-09,Standard Class,Consumer,Chicago,Illinois,Central,Office Supplies,Paper,15.984,12,4
2015-05-05,Second Class,Consumer,Richmond,Kentucky,South,Office Supplies,Paper,9.42,5,2
2015-05-05,Second Class,Consumer,Richmond,Kentucky,South,Office Supplies,Art,6.56,5,2
2015-05-05,Second Class,Consumer,Richmond,Kentucky,South,Office Supplies,Paper,24.56,5,2
2017-03-04,Standard Class,Consumer,Mishawaka,Indiana,Central,Office Supplies,Binders,128.4,3,1
2015-11-30,Standard Class,Consumer,Mount Vernon,New York,East,Office Supplies,Envelopes,62.28,11,4
2016-02-18,Standard Class,Corporate,Los Angeles,California,West,Office Supplies,Labels,9.24,2,1
2018-04-01,First Class,Corporate,San Francisco,California,West,Furniture,Bookcases,482.664,4,2
2018-06-11,Second Class,Consumer,Seattle,Washington,West,Office Supplies,Paper,37.94,6,2
2018-06-11,Second Class,Consumer,Seattle,Washington,West,Office Supplies,Binders,18.288,6,2
2018-06-11,Second Class,Consumer,Seattle,Washington,West,Technology,Machines,385.8,6,2
2018-06-11,Second Class,Consumer,Seattle,Washington,West,Office Supplies,Storage,102.96,6,2
2018-06-11,Second Class,Consumer,Seattle,Washington,West,Furniture,Bookcases,174.42,6,2
2017-09-30,First Class,Consumer,Quincy,Illinois,Central,Office Supplies,Binders,1.964,9,3
2015-12-13,Standard Class,Corporate,Chicago,Illinois,Central,Furniture,Furnishings,94.428,12,4
2018-11-11,Standard Class,Consumer,Urbandale,Iowa,Central,Office Supplies,Fasteners,45.92,11,4
2016-01-05,Standard Class,Home Office,Seattle,Washington,West,Furniture,Chairs,61.584,1,1
2017-03-24,First Class,Corporate,Richmond,Indiana,Central,Office Supplies,Paper,22.48,3,1
2018-07-05,Standard Class,Corporate,Dallas,Texas,Central,Furniture,Furnishings,332.028,7,3
2018-07-05,Standard Class,Corporate,Dallas,Texas,Central,Office Supplies,Binders,11.394,7,3
2018-07-05,Standard Class,Corporate,Dallas,Texas,Central,Office Supplies,Paper,15.552,7,3
2018-07-05,Standard Class,Corporate,Dallas,Texas,Central,Office Supplies,Paper,31.104,7,3
2018-07-05,Standard Class,Corporate,Dallas,Texas,Central,Office Supplies,Binders,6.316,7,3
2015-09-21,First Class,Home Office,Philadelphia,Pennsylvania,East,Office Supplies,Paper,11.352,9,3
2015-09-21,First Class,Home Office,Philadelphia,Pennsylvania,East,Office Supplies,Labels,20.808,9,3
2017-07-23,Standard Class,Home Office,Rockford,Illinois,Central,Office Supplies,Binders,11.416,7,3
2018-08-29,Second Class,Corporate,Philadelphia,Pennsylvania,East,Office Supplies,Art,9.408,8,3
2018-03-26,First Class,Home Office,Seattle,Washington,West,Office Supplies,Art,19.83,3,1
2018-12-29,Standard Class,Corporate,Grand Rapids,Michigan,Central,Office Supplies,Paper,209.7,12,4
2015-09-20,Standard Class,Home Office,Los Angeles,California,West,Office Supplies,Appliances,43.92,9,3
2015-09-20,Standard Class,Home Office,Los Angeles,California,West,Office Supplies,Binders,20.232,9,3
2017-04-04,First Class,Home Office,Springfield,Virginia,South,Technology,Phones,149.97,4,2
2017-04-04,First Class,Home Office,Springfield,Virginia,South,Office Supplies,Paper,27.81,4,2
2015-03-26,Standard Class,Corporate,Los Angeles,California,West,Technology,Accessories,66.3,3,1
2018-11-28,Standard Class,Home Office,Baltimore,Maryland,East,Office Supplies,Art,1.64,11,4
2018-11-28,Standard Class,Home Office,Baltimore,Maryland,East,Furniture,Furnishings,20.9,11,4
2017-12-01,Second Class,Consumer,Fairfield,Connecticut,East,Office Supplies,Binders,88.08,12,4
2016-10-23,Same Day,Consumer,Lakeland,Florida,South,Technology,Phones,55.944,10,4
2016-10-23,Same Day,Consumer,Lakeland,Florida,South,Office Supplies,Art,10.688,10,4
2016-10-23,Same Day,Consumer,Lakeland,Florida,South,Technology,Phones,11.824,10,4
2018-10-13,First Class,Consumer,Freeport,Illinois,Central,Office Supplies,Paper,63.312,10,4
2018-10-13,First Class,Consumer,Freeport,Illinois,Central,Office Supplies,Binders,96.784,10,4
2018-10-13,First Class,Consumer,Freeport,Illinois,Central,Furniture,Furnishings,10.476,10,4
2016-09-04,Standard Class,Corporate,Medford,Oregon,West,Office Supplies,Binders,9.762,9,3
2017-03-14,First Class,Corporate,Seattle,Washington,West,Furniture,Chairs,196.784,3,1
2018-10-28,Second Class,Corporate,New York City,New York,East,Office Supplies,Envelopes,47.98,10,4
2018-10-15,Second Class,Corporate,Fairfield,Connecticut,East,Office Supplies,Labels,13.05,10,4
2018-08-07,Standard Class,Consumer,Moorhead,Minnesota,Central,Technology,Accessories,63.96,8,3
2018-09-21,Standard Class,Consumer,Columbus,Georgia,South,Office Supplies,Appliances,80.48,9,3
2018-11-03,Standard Class,Consumer,Philadelphia,Pennsylvania,East,Office Supplies,Binders,11.673,11,4
2017-11-05,Standard Class,Consumer,Houston,Texas,Central,Office Supplies,Binders,3.564,11,4
2017-11-05,Standard Class,Consumer,Houston,Texas,Central,Office Supplies,Binders,12.588,11,4
2017-11-05,Standard Class,Consumer,Houston,Texas,Central,Technology,Accessories,171.96,11,4
2017-11-24,Second Class,Corporate,Baltimore,Maryland,East,Furniture,Furnishings,207.76,11,4
2018-07-21,Same Day,Consumer,Murray,Utah,West,Technology,Phones,71.928,7,3
2018-07-21,Same Day,Consumer,Murray,Utah,West,Office Supplies,Art,25.99,7,3
2016-10-23,Standard Class,Corporate,Seattle,Washington,West,Office Supplies,Binders,3.592,10,4
2016-07-09,Standard Class,Corporate,Dallas,Texas,Central,Office Supplies,Appliances,48.632,7,3
2018-08-18,Standard Class,Home Office,Seattle,Washington,West,Office Supplies,Storage,323.1,8,3
2017-04-16,Standard Class,Corporate,Lakewood,New Jersey,East,Furniture,Furnishings,9.96,4,2
2017-04-16,Standard Class,Corporate,Lakewood,New Jersey,East,Office Supplies,Binders,25.3,4,2
2015-11-14,Standard Class,Home Office,New York City,New York,East,Office Supplies,Paper,11.36,11,4
2015-11-14,Standard Class,Home Office,New York City,New York,East,Furniture,Chairs,69.264,11,4
2015-12-20,First Class,Consumer,Indianapolis,Indiana,Central,Office Supplies,Labels,3.69,12,4
2016-11-21,Second Class,Corporate,Port Arthur,Texas,Central,Furniture,Bookcases,246.1328,11,4
2016-11-21,Second Class,Corporate,Port Arthur,Texas,Central,Office Supplies,Labels,11.696,11,4
2016-11-21,Second Class,Corporate,Port Arthur,Texas,Central,Technology,Copiers,439.992,11,4
2018-12-28,Standard Class,Home Office,Nashville,Tennessee,South,Office Supplies,Storage,64.784,12,4
2016-05-17,Standard Class,Corporate,Houston,Texas,Central,Office Supplies,Binders,33.28,5,2
2016-05-17,Standard Class,Corporate,Houston,Texas,Central,Office Supplies,Paper,14.088,5,2
2018-12-09,Second Class,Home Office,Los Angeles,California,West,Office Supplies,Art,11.16,12,4
2018-12-09,Second Class,Home Office,Los Angeles,California,West,Office Supplies,Appliances,189.0,12,4
2018-03-10,Standard Class,Consumer,Philadelphia,Pennsylvania,East,Technology,Phones,53.982,3,1
2018-10-22,Standard Class,Corporate,Redmond,Oregon,West,Furniture,Tables,177.225,10,4
2018-07-03,Standard Class,Consumer,Citrus Heights,California,West,Furniture,Furnishings,129.39,7,3
2018-09-04,Standard Class,Corporate,Los Angeles,California,West,Office Supplies,Storage,54.32,9,3
2018-08-23,Second Class,Consumer,Tallahassee,Florida,South,Office Supplies,Paper,49.568,8,3
2018-08-23,Second Class,Consumer,Tallahassee,Florida,South,Office Supplies,Appliances,161.376,8,3
2018-08-23,Second Class,Consumer,Tallahassee,Florida,South,Furniture,Furnishings,2.784,8,3
2018-08-23,Second Class,Consumer,Tallahassee,Florida,South,Office Supplies,Paper,8.72,8,3
2015-08-22,Second Class,Home Office,Lakewood,Ohio,East,Office Supplies,Art,3.912,8,3
2017-10-04,Same Day,Consumer,The Colony,Texas,Central,Office Supplies,Envelopes,59.752,10,4
2015-10-26,Second Class,Consumer,Seattle,Washington,West,Furniture,Furnishings,63.92,10,4
2015-10-26,Second Class,Consumer,Seattle,Washington,West,Technology,Phones,383.96,10,4
2017-06-28,Same Day,Corporate,Los Angeles,California,West,Office Supplies,Binders,7.752,6,2
2017-06-28,Same Day,Corporate,Los Angeles,California,West,Office Supplies,Binders,33.568,6,2
2015-11-04,Standard Class,Consumer,Los Angeles,California,West,Office Supplies,Binders,21.936,11,4
2015-11-04,Standard Class,Consumer,Los Angeles,California,West,Office Supplies,Paper,19.44,11,4
2015-11-04,Standard Class,Consumer,Los Angeles,California,West,Technology,Machines,447.968,11,4
2015-09-08,Standard Class,Corporate,Long Beach,New York,East,Office Supplies,Appliances,16.78,9,3
2016-06-25,Standard Class,Consumer,Los Angeles,California,West,Office Supplies,Art,20.96,6,2
2016-06-25,Standard Class,Consumer,Los Angeles,California,West,Office Supplies,Binders,88.752,6,2
2016-06-25,Standard Class,Consumer,Los Angeles,California,West,Office Supplies,Storage,304.23,6,2
2016-07-26,Standard Class,Consumer,San Francisco,California,West,Office Supplies,Envelopes,167.86,7,3
2018-12-07,Standard Class,Consumer,Richmond,Virginia,South,Furniture,Furnishings,82.38,12,4
2015-12-29,Second Class,Consumer,Albuquerque,New Mexico,West,Technology,Phones,23.976,12,4
2015-12-29,Second Class,Consumer,Albuquerque,New Mexico,West,Office Supplies,Storage,33.29,12,4
2016-02-14,Standard Class,Consumer,Akron,Ohio,East,Office Supplies,Binders,14.952,2,1
2016-02-14,Standard Class,Consumer,Akron,Ohio,East,Technology,Phones,323.982,2,1
2016-02-14,Standard Class,Consumer,Akron,Ohio,East,Office Supplies,Binders,2.286,2,1
2016-02-14,Standard Class,Consumer,Akron,Ohio,East,Office Supplies,Art,14.352,2,1
2016-02-14,Standard Class,Consumer,Akron,Ohio,East,Technology,Accessories,71.976,2,1
2017-01-25,First Class,Corporate,Plainfield,New Jersey,East,Office Supplies,Art,9.21,1,1
2017-01-25,First Class,Corporate,Plainfield,New Jersey,East,Office Supplies,Paper,18.0,1,1
2018-04-01,Standard Class,Consumer,New York City,New York,East,Office Supplies,Paper,42.93,4,2
2018-10-03,Standard Class,Consumer,Hialeah,Florida,South,Office Supplies,Paper,15.552,10,4
2018-10-03,Standard Class,Consumer,Hialeah,Florida,South,Office Supplies,Appliances,17.92,10,4
2018-09-01,Standard Class,Consumer,Redmond,Washington,West,Technology,Accessories,19.99,9,3
2018-09-01,Standard Class,Consumer,Redmond,Washington,West,Office Supplies,Binders,22.92,9,3
2016-12-21,Standard Class,Consumer,Daytona Beach,Florida,South,Technology,Accessories,50.88,12,4
2016-12-21,Standard Class,Consumer,Daytona Beach,Florida,South,Office Supplies,Envelopes,27.312,12,4
2016-12-20,Standard Class,Consumer,Bullhead City,Arizona,West,Office Supplies,Envelopes,7.92,12,4
2016-12-20,Standard Class,Consumer,Bullhead City,Arizona,West,Furniture,Furnishings,14.368,12,4
2016-11-27,Standard Class,Home Office,Los Angeles,California,West,Technology,Accessories,107.97,11,4
2016-11-27,Standard Class,Home Office,Los Angeles,California,West,Office Supplies,Paper,113.82,11,4
2018-08-27,Standard Class,Consumer,Franklin,Tennessee,South,Office Supplies,Paper,5.184,8,3
2015-03-22,Same Day,Consumer,Portage,Indiana,Central,Office Supplies,Art,16.28,3,1
2018-03-19,First Class,Consumer,San Francisco,California,West,Office Supplies,Binders,19.824,3,1
2018-03-19,First Class,Consumer,San Francisco,California,West,Technology,Accessories,99.54,3,1
2018-03-19,First Class,Consumer,San Francisco,California,West,Technology,Accessories,199.96,3,1
2017-09-18,Standard Class,Consumer,New Rochelle,New York,East,Furniture,Furnishings,60.72,9,3
2018-11-24,Second Class,Consumer,Mesa,Arizona,West,Office Supplies,Binders,20.724,11,4
2018-11-24,Second Class,Consumer,Mesa,Arizona,West,Office Supplies,Storage,415.872,11,4
2018-04-11,Standard Class,Consumer,Lancaster,Ohio,East,Office Supplies,Storage,16.768,4,2
2018-04-11,Standard Class,Consumer,Lancaster,Ohio,East,Technology,Accessories,27.12,4,2
2018-12-10,Second Class,Consumer,Stockton,California,West,Technology,Phones,95.84,12,4
2018-12-10,Second Class,Consumer,Stockton,California,West,Office Supplies,Paper,12.96,12,4
2018-11-24,Second Class,Corporate,Asheville,North Carolina,South,Office Supplies,Binders,19.008,11,4
2016-12-04,Second Class,Consumer,Clarksville,Tennessee,South,Office Supplies,Art,36.96,12,4
2018-12-11,Same Day,Consumer,Aurora,Illinois,Central,Office Supplies,Paper,10.368,12,4
2018-12-11,Same Day,Consumer,Aurora,Illinois,Central,Furniture,Furnishings,77.72,12,4
2017-05-21,First Class,Corporate,Warwick,Rhode Island,East,Office Supplies,Paper,111.96,5,2
2018-02-17,Second Class,Consumer,Lafayette,Louisiana,South,Technology,Phones,29.16,2,1
2018-05-20,Second Class,Consumer,Fargo,North Dakota,Central,Office Supplies,Art,131.94,5,2
2018-05-20,Second Class,Consumer,Fargo,North Dakota,Central,Office Supplies,Art,25.92,5,2
2018-05-20,Second Class,Consumer,Fargo,North Dakota,Central,Office Supplies,Fasteners,7.41,5,2
2018-05-20,Second Class,Consumer,Fargo,North Dakota,Central,Office Supplies,Art,21.5,5,2
2018-09-11,Second Class,Consumer,Chicago,Illinois,Central,Office Supplies,Fasteners,10.528,9,3
2018-09-11,Second Class,Consumer,Chicago,Illinois,Central,Office Supplies,Paper,20.544,9,3
2017-11-05,Standard Class,Home Office,Lawrence,Indiana,Central,Office Supplies,Binders,104.9,11,4
2017-11-05,Standard Class,Home Office,Lawrence,Indiana,Central,Office Supplies,Art,39.68,11,4
2017-11-05,Standard Class,Home Office,Lawrence,Indiana,Central,Office Supplies,Labels,51.75,11,4
2018-07-23,Second Class,Consumer,Elkhart,Indiana,Central,Office Supplies,Art,11.68,7,3
2018-07-23,Second Class,Consumer,Elkhart,Indiana,Central,Technology,Accessories,159.75,7,3
2017-11-18,Standard Class,Corporate,Kent,Ohio,East,Office Supplies,Appliances,103.968,11,4
2015-04-25,Standard Class,Home Office,San Gabriel,California,West,Furniture,Furnishings,303.25,4,2
2015-04-25,Standard Class,Home Office,San Gabriel,California,West,Office Supplies,Appliances,270.72,4,2
2016-11-30,Second Class,Home Office,Henderson,Kentucky,South,Office Supplies,Envelopes,17.48,11,4
2016-11-30,Second Class,Home Office,Henderson,Kentucky,South,Office Supplies,Envelopes,71.88,11,4
2016-10-25,Standard Class,Consumer,San Francisco,California,West,Office Supplies,Art,60.45,10,4
2016-10-25,Standard Class,Consumer,San Francisco,California,West,Furniture,Tables,253.176,10,4
2016-07-20,Standard Class,Consumer,Highland Park,Illinois,Central,Office Supplies,Binders,2.88,7,3
2016-07-20,Standard Class,Consumer,Highland Park,Illinois,Central,Furniture,Bookcases,384.944,7,3
2016-07-20,Standard Class,Consumer,Highland Park,Illinois,Central,Technology,Phones,153.584,7,3
2017-10-27,Standard Class,Corporate,San Francisco,California,West,Office Supplies,Appliances,43.92,10,4
2017-10-27,Standard Class,Corporate,San Francisco,California,West,Office Supplies,Binders,25.032,10,4
2018-11-20,First Class,Consumer,New York City,New York,East,Office Supplies,Paper,46.76,11,4
2018-11-20,First Class,Consumer,New York City,New York,East,Furniture,Bookcases,183.968,11,4
2018-11-20,First Class,Consumer,New York City,New York,East,Office Supplies,Art,68.97,11,4
2017-09-08,Standard Class,Corporate,Dallas,Texas,Central,Office Supplies,Art,70.368,9,3
2017-09-08,Standard Class,Corporate,Dallas,Texas,Central,Technology,Phones,59.96,9,3
2015-07-20,Same Day,Consumer,Springfield,Ohio,East,Office Supplies,Storage,25.984,7,3
2015-07-20,Same Day,Consumer,Springfield,Ohio,East,Office Supplies,Binders,27.36,7,3
2017-11-15,Standard Class,Corporate,San Diego,California,West,Technology,Phones,361.376,11,4
2015-07-07,Standard Class,Consumer,Philadelphia,Pennsylvania,East,Furniture,Chairs,172.186,7,3
2015-07-07,Standard Class,Consumer,Philadelphia,Pennsylvania,East,Furniture,Furnishings,69.008,7,3
2017-03-17,Same Day,Consumer,Columbia,Maryland,East,Office Supplies,Envelopes,199.9,3,1
2017-12-26,First Class,Consumer,Colorado Springs,Colorado,West,Office Supplies,Art,11.328,12,4
2015-09-02,First Class,Consumer,New York City,New York,East,Office Supplies,Art,21.24,9,3
2016-07-05,Standard Class,Consumer,Philadelphia,Pennsylvania,East,Technology,Accessories,34.8,7,3
2016-07-05,Standard Class,Consumer,Philadelphia,Pennsylvania,East,Office Supplies,Storage,38.976,7,3
2017-11-20,Standard Class,Corporate,Columbus,Indiana,Central,Office Supplies,Paper,9.08,11,4
2017-11-20,Standard Class,Corporate,Columbus,Indiana,Central,Office Supplies,Paper,314.55,11,4
2017-11-20,Standard Class,Corporate,Columbus,Indiana,Central,Office Supplies,Binders,4.91,11,4
2015-05-06,Standard Class,Home Office,Los Angeles,California,West,Office Supplies,Labels,5.78,5,2
2015-05-06,Standard Class,Home Office,Los Angeles,California,West,Office Supplies,Art,107.94,5,2
2015-06-21,First Class,Consumer,New York City,New York,East,Office Supplies,Paper,19.65,6,2
2015-06-21,First Class,Consumer,New York City,New York,East,Office Supplies,Appliances,59.7,6,2
2018-08-19,Standard Class,Corporate,Lawrence,Massachusetts,East,Office Supplies,Binders,387.99,8,3
2015-11-29,Standard Class,Consumer,San Francisco,California,West,Office Supplies,Fasteners,30.4,11,4
2018-04-09,Second Class,Consumer,Detroit,Michigan,Central,Office Supplies,Binders,478.24,4,2
2015-12-20,Standard Class,Consumer,Hamilton,Ohio,East,Furniture,Furnishings,190.848,12,4
2015-12-17,Standard Class,Consumer,Columbus,Ohio,East,Office Supplies,Binders,5.484,12,4
2016-11-17,Second Class,Consumer,Chicago,Illinois,Central,Office Supplies,Supplies,40.92,11,4
2015-03-04,Standard Class,Consumer,Margate,Florida,South,Office Supplies,Art,15.552,3,1
2018-05-18,First Class,Corporate,Sandy Springs,Georgia,South,Office Supplies,Appliances,17.24,5,2
2018-05-18,First Class,Corporate,Sandy Springs,Georgia,South,Furniture,Bookcases,302.94,5,2
2018-05-18,First Class,Corporate,Sandy Springs,Georgia,South,Technology,Phones,34.75,5,2
2018-05-18,First Class,Corporate,Sandy Springs,Georgia,South,Office Supplies,Binders,113.94,5,2
2018-05-18,First Class,Corporate,Sandy Springs,Georgia,South,Technology,Phones,55.98,5,2
2018-09-22,Standard Class,Corporate,Albuquerque,New Mexico,West,Office Supplies,Paper,27.18,9,3
2018-09-14,Same Day,Consumer,Orange,New Jersey,East,Office Supplies,Art,70.95,9,3
2017-11-03,Second Class,Consumer,Henderson,Kentucky,South,Office Supplies,Fasteners,20.0,11,4
2017-11-03,Second Class,Consumer,Henderson,Kentucky,South,Office Supplies,Art,7.98,11,4
2017-11-03,Second Class,Consumer,Henderson,Kentucky,South,Furniture,Furnishings,24.1,11,4
2017-11-03,Second Class,Consumer,Henderson,Kentucky,South,Office Supplies,Art,8.75,11,4
2017-05-03,Standard Class,Consumer,Chicago,Illinois,Central,Office Supplies,Binders,2.182,5,2
2017-05-03,Standard Class,Consumer,Chicago,Illinois,Central,Office Supplies,Art,27.384,5,2
2017-05-03,Standard Class,Consumer,Chicago,Illinois,Central,Office Supplies,Appliances,26.406,5,2
2017-12-27,Standard Class,Consumer,Port Arthur,Texas,Central,Office Supplies,Paper,10.368,12,4
2017-12-27,Standard Class,Consumer,Port Arthur,Texas,Central,Office Supplies,Paper,23.68,12,4
2017-07-22,Standard Class,Consumer,Westland,Michigan,Central,Technology,Accessories,109.95,7,3
2017-07-22,Standard Class,Consumer,Westland,Michigan,Central,Office Supplies,Art,29.2,7,3
2017-07-22,Standard Class,Consumer,Westland,Michigan,Central,Office Supplies,Paper,32.4,7,3
2015-11-16,Standard Class,Home Office,Bloomington,Indiana,Central,Office Supplies,Envelopes,78.35,11,4
2015-11-16,Standard Class,Home Office,Bloomington,Indiana,Central,Office Supplies,Paper,31.68,11,4
2015-11-16,Standard Class,Home Office,Bloomington,Indiana,Central,Office Supplies,Binders,29.12,11,4
2015-11-16,Standard Class,Home Office,Bloomington,Indiana,Central,Office Supplies,Storage,169.45,11,4
2016-06-19,Standard Class,Consumer,Los Angeles,California,West,Furniture,Furnishings,12.56,6,2
2016-06-19,Standard Class,Consumer,Los Angeles,California,West,Office Supplies,Paper,6.48,6,2
2016-06-19,Standard Class,Consumer,Los Angeles,California,West,Office Supplies,Envelopes,186.69,6,2
2017-07-04,First Class,Consumer,San Francisco,California,West,Furniture,Furnishings,25.4,7,3
2017-07-04,First Class,Consumer,San Francisco,California,West,Office Supplies,Envelopes,43.96,7,3
2017-07-04,First Class,Consumer,San Francisco,California,West,Office Supplies,Storage,27.92,7,3
2016-09-03,Standard Class,Home Office,San Francisco,California,West,Furniture,Chairs,129.568,9,3
2016-09-03,Standard Class,Home Office,San Francisco,California,West,Office Supplies,Binders,6.368,9,3
2018-08-07,Standard Class,Consumer,San Jose,California,West,Office Supplies,Paper,244.55,8,3
2018-09-28,First Class,Home Office,Aurora,Colorado,West,Furniture,Furnishings,32.776,9,3
2018-09-28,First Class,Home Office,Aurora,Colorado,West,Office Supplies,Storage,147.184,9,3
2018-09-28,First Class,Home Office,Aurora,Colorado,West,Technology,Accessories,54.384,9,3
2018-09-28,First Class,Home Office,Aurora,Colorado,West,Office Supplies,Binders,76.776,9,3
2018-09-28,First Class,Home Office,Aurora,Colorado,West,Office Supplies,Paper,14.352,9,3
2018-09-28,First Class,Home Office,Aurora,Colorado,West,Office Supplies,Appliances,209.792,9,3
2016-08-07,Standard Class,Corporate,Boise,Idaho,West,Office Supplies,Binders,3.304,8,3
2018-11-24,Standard Class,Consumer,New York City,New York,East,Office Supplies,Art,16.38,11,4
2018-11-24,Standard Class,Consumer,New York City,New York,East,Office Supplies,Envelopes,167.96,11,4
2018-11-24,Standard Class,Consumer,New York City,New York,East,Furniture,Bookcases,321.568,11,4
2018-11-24,Standard Class,Consumer,New York City,New York,East,Office Supplies,Paper,12.96,11,4
2018-05-08,Standard Class,Corporate,Philadelphia,Pennsylvania,East,Furniture,Chairs,128.058,5,2
2018-09-29,Same Day,Home Office,Mentor,Ohio,East,Furniture,Chairs,63.686,9,3
2018-09-29,Same Day,Home Office,Mentor,Ohio,East,Technology,Accessories,239.976,9,3
2018-09-29,Same Day,Home Office,Mentor,Ohio,East,Furniture,Tables,344.22,9,3
2018-09-29,Same Day,Home Office,Mentor,Ohio,East,Office Supplies,Paper,15.552,9,3
2018-09-29,Same Day,Home Office,Mentor,Ohio,East,Furniture,Furnishings,21.248,9,3
2018-09-29,Same Day,Home Office,Mentor,Ohio,East,Office Supplies,Paper,8.448,9,3
2018-10-22,Same Day,Consumer,Lawton,Oklahoma,Central,Office Supplies,Storage,333.09,10,4
2018-10-22,Same Day,Consumer,Lawton,Oklahoma,Central,Furniture,Tables,248.98,10,4
2015-03-24,Standard Class,Consumer,New York City,New York,East,Office Supplies,Paper,24.9,3,1
2017-11-03,Standard Class,Consumer,Los Angeles,California,West,Office Supplies,Fasteners,15.26,11,4
2017-11-03,Standard Class,Consumer,Los Angeles,California,West,Office Supplies,Appliances,43.32,11,4
2017-11-03,Standard Class,Consumer,Los Angeles,California,West,Office Supplies,Binders,43.584,11,4
2017-11-03,Standard Class,Consumer,Los Angeles,California,West,Office Supplies,Paper,116.28,11,4
2017-11-03,Standard Class,Consumer,Los Angeles,California,West,Office Supplies,Binders,9.296,11,4
2017-11-03,Standard Class,Consumer,Los Angeles,California,West,Office Supplies,Paper,19.44,11,4
2017-11-03,Standard Class,Consumer,Los Angeles,California,West,Office Supplies,Paper,314.55,11,4
2016-09-05,Standard Class,Home Office,Houston,Texas,Central,Office Supplies,Binders,16.27,9,3
2016-09-05,Standard Class,Home Office,Houston,Texas,Central,Office Supplies,Supplies,69.12,9,3
2016-09-05,Standard Class,Home Office,Houston,Texas,Central,Office Supplies,Binders,4.47,9,3
2018-08-14,Standard Class,Consumer,Los Angeles,California,West,Furniture,Tables,418.296,8,3
2015-12-01,Second Class,Consumer,Columbus,Ohio,East,Furniture,Furnishings,8.128,12,4
2015-12-01,Second Class,Consumer,Columbus,Ohio,East,Office Supplies,Paper,36.288,12,4
2018-06-18,Standard Class,Consumer,Los Angeles,California,West,Office Supplies,Paper,38.88,6,2
2015-11-21,Standard Class,Corporate,San Francisco,California,West,Office Supplies,Paper,12.96,11,4
2017-04-10,Standard Class,Corporate,Bakersfield,California,West,Office Supplies,Paper,12.96,4,2
2017-04-10,Standard Class,Corporate,Bakersfield,California,West,Office Supplies,Binders,23.2,4,2
2015-06-30,Standard Class,Corporate,Houston,Texas,Central,Office Supplies,Paper,25.92,6,2
2015-06-30,Standard Class,Corporate,Houston,Texas,Central,Office Supplies,Fasteners,21.312,6,2
2015-12-24,Standard Class,Home Office,Los Angeles,California,West,Technology,Phones,173.656,12,4
2015-12-24,Standard Class,Home Office,Los Angeles,California,West,Office Supplies,Appliances,361.96,12,4
2015-12-24,Standard Class,Home Office,Los Angeles,California,West,Technology,Accessories,62.85,12,4
2015-12-24,Standard Class,Home Office,Los Angeles,California,West,Office Supplies,Storage,20.34,12,4
2015-12-24,Standard Class,Home Office,Los Angeles,California,West,Furniture,Furnishings,23.99,12,4
2018-05-23,Standard Class,Consumer,Los Angeles,California,West,Furniture,Tables,171.288,5,2
2017-11-10,Standard Class,Corporate,Springfield,Missouri,Central,Furniture,Furnishings,37.3,11,4
2017-11-10,Standard Class,Corporate,Springfield,Missouri,Central,Office Supplies,Binders,81.96,11,4
2017-10-02,First Class,Consumer,Phoenix,Arizona,West,Office Supplies,Binders,54.792,10,4
2017-09-06,First Class,Consumer,Houston,Texas,Central,Office Supplies,Storage,10.784,9,3
2017-10-27,Second Class,Consumer,Hampton,Virginia,South,Furniture,Chairs,290.98,10,4
2018-10-22,Standard Class,Home Office,Tulsa,Oklahoma,Central,Office Supplies,Art,36.44,10,4
2017-09-15,Standard Class,Consumer,Seattle,Washington,West,Office Supplies,Paper,21.4,9,3
2017-09-15,Standard Class,Consumer,Seattle,Washington,West,Office Supplies,Binders,48.664,9,3
2017-09-25,Standard Class,Consumer,San Francisco,California,West,Office Supplies,Art,16.56,9,3
2015-02-20,Standard Class,Corporate,Richmond,Indiana,Central,Technology,Accessories,62.31,2,1
2015-02-20,Standard Class,Corporate,Richmond,Indiana,Central,Furniture,Furnishings,20.32,2,1
2018-02-20,Second Class,Corporate,Louisville,Colorado,West,Office Supplies,Fasteners,9.432,2,1
2015-11-02,Standard Class,Consumer,New York City,New York,East,Office Supplies,Labels,34.86,11,4
2015-11-02,Standard Class,Consumer,New York City,New York,East,Furniture,Furnishings,89.34,11,4
2018-07-17,Standard Class,Home Office,Rome,New York,East,Technology,Phones,269.98,7,3
2018-07-17,Standard Class,Home Office,Rome,New York,East,Office Supplies,Paper,99.9,7,3
2018-07-17,Standard Class,Home Office,Rome,New York,East,Furniture,Furnishings,39.08,7,3
2018-09-08,Second Class,Corporate,Marion,Ohio,East,Technology,Accessories,116.832,9,3
2017-11-14,Standard Class,Consumer,Houston,Texas,Central,Office Supplies,Binders,2.296,11,4
2017-11-14,First Class,Consumer,New York City,New York,East,Furniture,Chairs,408.006,11,4
2017-11-14,First Class,Consumer,New York City,New York,East,Office Supplies,Storage,40.44,11,4
2015-10-10,Same Day,Home Office,Manteca,California,West,Furniture,Chairs,122.352,10,4
2015-10-10,Same Day,Home Office,Manteca,California,West,Office Supplies,Envelopes,15.28,10,4
2016-03-19,Standard Class,Corporate,Los Angeles,California,West,Office Supplies,Paper,11.96,3,1
2018-07-08,Standard Class,Home Office,Seattle,Washington,West,Furniture,Furnishings,15.84,7,3
2018-07-08,Standard Class,Home Office,Seattle,Washington,West,Office Supplies,Binders,86.376,7,3
2018-07-08,Standard Class,Home Office,Seattle,Washington,West,Office Supplies,Art,18.24,7,3
2018-07-08,Standard Class,Home Office,Seattle,Washington,West,Office Supplies,Art,13.12,7,3
2016-02-27,Standard Class,Corporate,Providence,Rhode Island,East,Technology,Phones,105.98,2,1
2016-02-27,Standard Class,Corporate,Providence,Rhode Island,East,Furniture,Tables,493.92,2,1
2018-06-16,Standard Class,Corporate,Chicago,Illinois,Central,Office Supplies,Binders,5.936,6,2
2018-03-30,First Class,Consumer,Oklahoma City,Oklahoma,Central,Office Supplies,Envelopes,325.86,3,1
2016-07-12,Second Class,Consumer,Chicago,Illinois,Central,Furniture,Chairs,383.607,7,3
2016-07-12,Second Class,Consumer,Chicago,Illinois,Central,Technology,Phones,148.48,7,3
2016-07-12,Second Class,Consumer,Chicago,Illinois,Central,Office Supplies,Binders,1.928,7,3
2016-07-12,Second Class,Consumer,Chicago,Illinois,Central,Office Supplies,Art,6.912,7,3
2016-07-12,Second Class,Consumer,Chicago,Illinois,Central,Furniture,Furnishings,7.76,7,3
2018-04-30,First Class,Consumer,Manchester,Connecticut,East,Office Supplies,Labels,5.76,4,2
2015-07-13,Standard Class,Corporate,Los Angeles,California,West,Furniture,Tables,351.216,7,3
2015-12-27,Standard Class,Consumer,San Francisco,California,West,Furniture,Chairs,230.28,12,4
2015-12-27,Standard Class,Consumer,San Francisco,California,West,Office Supplies,Paper,12.84,12,4
2017-02-27,Second Class,Consumer,La Crosse,Wisconsin,Central,Office Supplies,Binders,56.82,2,1
2016-03-23,First Class,Consumer,Florence,South Carolina,South,Office Supplies,Fasteners,31.56,3,1
2016-03-23,First Class,Consumer,Florence,South Carolina,South,Office Supplies,Storage,27.92,3,1
2018-10-21,Standard Class,Consumer,Glendale,Arizona,West,Office Supplies,Binders,8.559,10,4
2015-12-31,Standard Class,Corporate,El Paso,Texas,Central,Office Supplies,Envelopes,49.568,12,4
2015-05-05,First Class,Consumer,San Antonio,Texas,Central,Furniture,Chairs,127.869,5,2
2016-12-04,Second Class,Corporate,Los Angeles,California,West,Office Supplies,Envelopes,271.44,12,4
2016-12-04,Second Class,Corporate,Los Angeles,California,West,Technology,Phones,110.352,12,4
2016-12-04,Second Class,Corporate,Los Angeles,California,West,Furniture,Furnishings,36.4,12,4
2018-09-26,Standard Class,Home Office,Miramar,Florida,South,Furniture,Chairs,419.136,9,3
2015-12-09,Standard Class,Corporate,Mesa,Arizona,West,Office Supplies,Storage,100.704,12,4
2018-12-03,Standard Class,Consumer,Fayetteville,North Carolina,South,Office Supplies,Appliances,45.216,12,4
2018-12-03,Standard Class,Consumer,Fayetteville,North Carolina,South,Office Supplies,Binders,28.782,12,4
2018-12-03,Standard Class,Consumer,Fayetteville,North Carolina,South,Office Supplies,Paper,24.448,12,4
2016-11-08,Standard Class,Consumer,Houston,Texas,Central,Office Supplies,Binders,10.476,11,4
2015-04-19,Second Class,Home Office,San Jose,California,West,Furniture,Furnishings,76.14,4,2
2016-05-25,Second Class,Home Office,Wichita,Kansas,Central,Office Supplies,Art,21.24,5,2
2016-05-25,Second Class,Home Office,Wichita,Kansas,Central,Office Supplies,Binders,127.96,5,2
2018-07-17,Standard Class,Home Office,Los Angeles,California,West,Technology,Copiers,479.984,7,3
2017-12-12,Standard Class,Home Office,Jackson,Michigan,Central,Furniture,Furnishings,33.48,12,4
2017-12-12,Standard Class,Home Office,Jackson,Michigan,Central,Office Supplies,Art,13.9,12,4
2017-12-12,Standard Class,Home Office,Jackson,Michigan,Central,Office Supplies,Storage,26.86,12,4
2015-04-11,Standard Class,Consumer,Lewiston,Idaho,West,Office Supplies,Binders,9.584,4,2
2016-06-09,Standard Class,Home Office,Hampton,Virginia,South,Office Supplies,Binders,113.1,6,2
2015-07-27,Standard Class,Corporate,New York City,New York,East,Office Supplies,Paper,65.78,7,3
2016-07-31,Standard Class,Corporate,Hattiesburg,Mississippi,South,Technology,Accessories,239.7,7,3
2017-09-19,First Class,Home Office,Philadelphia,Pennsylvania,East,Furniture,Furnishings,25.632,9,3
2017-06-10,First Class,Consumer,Philadelphia,Pennsylvania,East,Office Supplies,Labels,23.616,6,2
2017-08-26,Second Class,Corporate,Los Angeles,California,West,Office Supplies,Art,8.26,8,3
2018-11-02,Second Class,Home Office,Danville,California,West,Office Supplies,Envelopes,76.58,11,4
2018-11-02,Second Class,Home Office,Danville,California,West,Office Supplies,Art,8.8,11,4
2018-11-02,Second Class,Home Office,Danville,California,West,Office Supplies,Fasteners,5.58,11,4
2018-11-02,Second Class,Home Office,Danville,California,West,Furniture,Furnishings,25.02,11,4
2018-11-02,Second Class,Home Office,Danville,California,West,Office Supplies,Storage,452.55,11,4
2017-12-26,Standard Class,Corporate,Los Angeles,California,West,Office Supplies,Supplies,17.76,12,4
2017-12-26,Standard Class,Corporate,Los Angeles,California,West,Technology,Phones,302.384,12,4
2017-12-26,Standard Class,Corporate,Los Angeles,California,West,Furniture,Chairs,146.352,12,4
2017-12-26,Standard Class,Corporate,Los Angeles,California,West,Office Supplies,Appliances,7.9,12,4
2017-12-26,Standard Class,Corporate,Los Angeles,California,West,Office Supplies,Art,53.97,12,4
2017-12-05,Second Class,Home Office,Washington,District of Columbia,East,Office Supplies,Art,33.92,12,4
2018-08-28,Standard Class,Home Office,Milwaukee,Wisconsin,Central,Office Supplies,Supplies,21.81,8,3
2018-08-28,Standard Class,Home Office,Milwaukee,Wisconsin,Central,Office Supplies,Appliances,91.6,8,3
2016-07-16,Standard Class,Home Office,Baltimore,Maryland,East,Furniture,Chairs,150.98,7,3
2016-07-16,Standard Class,Home Office,Baltimore,Maryland,East,Office Supplies,Envelopes,137.25,7,3
2016-07-16,Standard Class,Home Office,Baltimore,Maryland,East,Office Supplies,Fasteners,11.52,7,3
2016-05-26,Second Class,Home Office,Jacksonville,North Carolina,South,Office Supplies,Paper,18.272,5,2
2016-05-26,Second Class,Home Office,Jacksonville,North Carolina,South,Office Supplies,Paper,153.728,5,2
2016-05-26,Second Class,Home Office,Jacksonville,North Carolina,South,Office Supplies,Envelopes,12.224,5,2
2016-05-26,Second Class,Home Office,Jacksonville,North Carolina,South,Technology,Accessories,167.944,5,2
2016-05-28,Standard Class,Consumer,Rochester,New York,East,Technology,Phones,45.99,5,2
2016-05-28,Standard Class,Consumer,Rochester,New York,East,Office Supplies,Binders,6.096,5,2
2016-05-28,Standard Class,Consumer,Rochester,New York,East,Office Supplies,Paper,45.36,5,2
2018-11-09,Standard Class,Consumer,Oceanside,California,West,Furniture,Furnishings,47.12,11,4
2017-01-24,Second Class,Corporate,Gulfport,Mississippi,South,Office Supplies,Binders,31.36,1,1
2017-12-31,Standard Class,Consumer,Jacksonville,Florida,South,Office Supplies,Art,47.616,12,4
2017-12-31,Standard Class,Consumer,Jacksonville,Florida,South,Office Supplies,Paper,23.48,12,4
2017-09-05,Standard Class,Home Office,Houston,Texas,Central,Office Supplies,Appliances,62.79,9,3
2017-09-05,Standard Class,Home Office,Houston,Texas,Central,Office Supplies,Fasteners,28.44,9,3
2016-09-04,Second Class,Corporate,Houston,Texas,Central,Technology,Accessories,134.376,9,3
2018-12-24,First Class,Home Office,Los Angeles,California,West,Office Supplies,Binders,90.48,12,4
2016-10-05,Second Class,Corporate,Wilmington,Delaware,East,Office Supplies,Storage,77.55,10,4
2018-09-09,Standard Class,Consumer,Columbia,Tennessee,South,Office Supplies,Supplies,8.832,9,3
2018-09-09,Standard Class,Consumer,Columbia,Tennessee,South,Office Supplies,Paper,177.536,9,3
2018-09-09,Standard Class,Consumer,Columbia,Tennessee,South,Office Supplies,Storage,258.48,9,3
2018-09-09,Standard Class,Consumer,Columbia,Tennessee,South,Furniture,Furnishings,14.136,9,3
2017-11-13,Standard Class,Corporate,New York City,New York,East,Office Supplies,Storage,77.55,11,4
2017-11-13,Standard Class,Corporate,New York City,New York,East,Office Supplies,Storage,24.88,11,4
2017-11-13,Standard Class,Corporate,New York City,New York,East,Office Supplies,Art,140.75,11,4
2017-11-13,Standard Class,Corporate,New York City,New York,East,Office Supplies,Storage,36.63,11,4
2016-10-15,Same Day,Consumer,Mount Pleasant,Michigan,Central,Furniture,Furnishings,17.14,10,4
2018-08-03,Second Class,Consumer,San Francisco,California,West,Office Supplies,Labels,51.75,8,3
2018-08-03,Second Class,Consumer,San Francisco,California,West,Furniture,Furnishings,123.96,8,3
2016-08-21,Standard Class,Corporate,San Francisco,California,West,Office Supplies,Storage,80.98,8,3
2018-03-12,Standard Class,Corporate,San Francisco,California,West,Office Supplies,Storage,242.94,3,1
2018-04-27,First Class,Consumer,Los Angeles,California,West,Office Supplies,Art,123.92,4,2
2018-04-27,First Class,Consumer,Los Angeles,California,West,Office Supplies,Art,12.39,4,2
2018-04-27,First Class,Consumer,Los Angeles,California,West,Office Supplies,Art,47.3,4,2
2017-09-11,Standard Class,Consumer,Newport News,Virginia,South,Office Supplies,Envelopes,11.09,9,3
2018-10-22,Second Class,Consumer,Fort Collins,Colorado,West,Office Supplies,Binders,3.168,10,4
2016-08-02,Standard Class,Consumer,Seattle,Washington,West,Office Supplies,Binders,6.368,8,3
2017-08-12,Standard Class,Home Office,New York City,New York,East,Furniture,Chairs,145.764,8,3
2015-05-30,Standard Class,Corporate,Richmond,Virginia,South,Office Supplies,Paper,13.62,5,2
2017-04-26,Standard Class,Home Office,New York City,New York,East,Furniture,Chairs,434.646,4,2
2018-05-14,Standard Class,Corporate,Seattle,Washington,West,Office Supplies,Paper,440.19,5,2
2018-05-14,Standard Class,Corporate,Seattle,Washington,West,Office Supplies,Supplies,64.4,5,2
2018-04-08,Standard Class,Home Office,San Francisco,California,West,Office Supplies,Paper,244.55,4,2
2018-04-08,Standard Class,Home Office,San Francisco,California,West,Office Supplies,Paper,195.76,4,2
2018-02-17,Standard Class,Home Office,Perth Amboy,New Jersey,East,Office Supplies,Paper,11.76,2,1
2018-02-17,Standard Class,Home Office,Perth Amboy,New Jersey,East,Office Supplies,Storage,166.45,2,1
2018-06-24,Second Class,Consumer,San Francisco,California,West,Office Supplies,Fasteners,2.88,6,2
2015-05-05,Standard Class,Corporate,Freeport,Illinois,Central,Office Supplies,Storage,45.248,5,2
2016-05-03,Standard Class,Consumer,Philadelphia,Pennsylvania,East,Office Supplies,Art,59.904,5,2
2016-05-03,Standard Class,Consumer,Philadelphia,Pennsylvania,East,Office Supplies,Appliances,23.696,5,2
2016-05-03,Standard Class,Consumer,Philadelphia,Pennsylvania,East,Office Supplies,Paper,7.968,5,2
2016-05-03,Standard Class,Consumer,Philadelphia,Pennsylvania,East,Office Supplies,Appliances,18.2,5,2
2016-05-03,Standard Class,Consumer,Philadelphia,Pennsylvania,East,Technology,Accessories,27.552,5,2
2016-05-03,Standard Class,Consumer,Philadelphia,Pennsylvania,East,Office Supplies,Storage,76.752,5,2
2017-09-18,Standard Class,Consumer,Jacksonville,Florida,South,Office Supplies,Labels,3.0,9,3
2017-09-22,Standard Class,Consumer,Pembroke Pines,Florida,South,Office Supplies,Binders,7.506,9,3
2017-09-22,Standard Class,Consumer,Pembroke Pines,Florida,South,Office Supplies,Labels,16.56,9,3
2017-01-10,Standard Class,Corporate,Seattle,Washington,West,Furniture,Furnishings,79.92,1,1
2017-01-10,Standard Class,Corporate,Seattle,Washington,West,Technology,Accessories,69.98,1,1
2018-05-06,Standard Class,Corporate,Fort Worth,Texas,Central,Office Supplies,Binders,11.06,5,2
2017-07-31,Standard Class,Consumer,Detroit,Michigan,Central,Office Supplies,Appliances,283.14,7,3
2017-07-31,Standard Class,Consumer,Detroit,Michigan,Central,Technology,Phones,118.99,7,3
2017-07-31,Standard Class,Consumer,Detroit,Michigan,Central,Furniture,Furnishings,272.94,7,3
2018-03-27,Second Class,Consumer,Philadelphia,Pennsylvania,East,Furniture,Furnishings,15.008,3,1
2015-03-14,Standard Class,Consumer,Logan,Utah,West,Office Supplies,Binders,33.088,3,1
2015-03-14,Standard Class,Consumer,Logan,Utah,West,Office Supplies,Storage,80.98,3,1
2015-03-14,Standard Class,Consumer,Logan,Utah,West,Technology,Accessories,82.8,3,1
2015-03-14,Standard Class,Consumer,Logan,Utah,West,Office Supplies,Storage,21.36,3,1
2015-03-14,Standard Class,Consumer,Logan,Utah,West,Office Supplies,Binders,62.048,3,1
2017-07-14,Second Class,Consumer,Auburn,New York,East,Office Supplies,Fasteners,29.61,7,3
2017-08-29,Standard Class,Corporate,Philadelphia,Pennsylvania,East,Furniture,Tables,241.92,8,3
2017-08-29,Standard Class,Corporate,Philadelphia,Pennsylvania,East,Furniture,Bookcases,163.88,8,3
2017-08-29,Standard Class,Corporate,Philadelphia,Pennsylvania,East,Office Supplies,Binders,3.486,8,3
2017-08-29,Standard Class,Corporate,Philadelphia,Pennsylvania,East,Office Supplies,Fasteners,10.584,8,3
2017-06-24,Standard Class,Consumer,Richmond,Indiana,Central,Technology,Phones,440.91,6,2
2018-03-30,Standard Class,Consumer,Lancaster,Pennsylvania,East,Office Supplies,Binders,5.715,3,1
2015-12-20,First Class,Consumer,Tucson,Arizona,West,Furniture,Furnishings,51.968,12,4
2015-12-20,First Class,Consumer,Tucson,Arizona,West,Technology,Accessories,71.976,12,4
2015-12-20,First Class,Consumer,Tucson,Arizona,West,Furniture,Chairs,242.352,12,4
2015-12-20,First Class,Consumer,Tucson,Arizona,West,Office Supplies,Paper,221.92,12,4
2015-12-20,First Class,Consumer,Tucson,Arizona,West,Office Supplies,Paper,8.448,12,4
2016-12-17,Same Day,Consumer,Detroit,Michigan,Central,Office Supplies,Binders,29.52,12,4
2016-12-17,Same Day,Consumer,Detroit,Michigan,Central,Furniture,Chairs,302.94,12,4
2016-12-17,Same Day,Consumer,Detroit,Michigan,Central,Furniture,Chairs,142.36,12,4
2016-12-17,Same Day,Consumer,Detroit,Michigan,Central,Furniture,Furnishings,212.13,12,4
2018-05-11,Standard Class,Home Office,Austin,Texas,Central,Office Supplies,Art,5.248,5,2
2018-05-11,Standard Class,Home Office,Austin,Texas,Central,Office Supplies,Storage,74.416,5,2
2018-05-11,Standard Class,Home Office,Austin,Texas,Central,Office Supplies,Paper,6.848,5,2
2018-05-11,Standard Class,Home Office,Austin,Texas,Central,Furniture,Furnishings,7.996,5,2
2017-06-24,Standard Class,Corporate,Houston,Texas,Central,Office Supplies,Appliances,8.712,6,2
2017-05-17,First Class,Consumer,Waterbury,Connecticut,East,Office Supplies,Supplies,65.17,5,2
2017-05-17,First Class,Consumer,Waterbury,Connecticut,East,Office Supplies,Labels,14.62,5,2
2017-05-17,First Class,Consumer,Waterbury,Connecticut,East,Furniture,Furnishings,173.24,5,2
2018-06-29,First Class,Consumer,Los Angeles,California,West,Office Supplies,Storage,130.71,6,2
2018-06-29,First Class,Consumer,Los Angeles,California,West,Office Supplies,Art,11.68,6,2
2018-06-29,First Class,Consumer,Los Angeles,California,West,Technology,Accessories,62.31,6,2
2015-03-31,Same Day,Consumer,Philadelphia,Pennsylvania,East,Office Supplies,Binders,0.852,3,1
2015-12-16,Standard Class,Consumer,Huntsville,Texas,Central,Office Supplies,Paper,36.288,12,4
2015-12-16,Standard Class,Consumer,Huntsville,Texas,Central,Furniture,Furnishings,56.568,12,4
2018-05-18,First Class,Consumer,Portland,Oregon,West,Technology,Phones,344.704,5,2
2016-05-12,Standard Class,Consumer,Louisville,Colorado,West,Technology,Phones,201.584,5,2
2016-12-12,Standard Class,Consumer,Baltimore,Maryland,East,Office Supplies,Art,8.22,12,4
2016-10-10,First Class,Corporate,San Francisco,California,West,Office Supplies,Paper,45.36,10,4
2016-04-18,Second Class,Home Office,Los Angeles,California,West,Office Supplies,Paper,61.96,4,2
2015-06-07,Second Class,Consumer,Aurora,Illinois,Central,Furniture,Tables,268.935,6,2
2018-09-01,Standard Class,Home Office,Seattle,Washington,West,Office Supplies,Art,7.58,9,3
2017-05-22,Same Day,Consumer,Athens,Georgia,South,Office Supplies,Labels,14.73,5,2
2017-11-11,Standard Class,Home Office,Apopka,Florida,South,Office Supplies,Binders,9.888,11,4
2015-11-25,Second Class,Home Office,New York City,New York,East,Furniture,Bookcases,275.952,11,4
2015-11-07,Standard Class,Consumer,San Francisco,California,West,Office Supplies,Binders,123.144,11,4
2017-07-18,Second Class,Consumer,Dallas,Texas,Central,Technology,Accessories,15.576,7,3
2016-03-29,Second Class,Consumer,San Diego,California,West,Office Supplies,Paper,212.64,3,1
2016-03-29,Second Class,Consumer,San Diego,California,West,Office Supplies,Paper,9.87,3,1
2016-03-29,Second Class,Consumer,San Diego,California,West,Technology,Accessories,53.25,3,1
2016-03-29,Second Class,Consumer,San Diego,California,West,Furniture,Furnishings,19.92,3,1
2016-06-13,Standard Class,Home Office,Lewiston,Maine,East,Office Supplies,Binders,8.26,6,2
2016-06-13,Standard Class,Home Office,Lewiston,Maine,East,Office Supplies,Binders,29.84,6,2
2016-06-13,Standard Class,Home Office,Lewiston,Maine,East,Technology,Accessories,67.98,6,2
2016-02-18,Standard Class,Consumer,Long Beach,California,West,Office Supplies,Labels,61.06,2,1
2016-02-18,Standard Class,Consumer,Long Beach,California,West,Furniture,Tables,35.544,2,1
2018-11-12,Standard Class,Consumer,Seattle,Washington,West,Office Supplies,Labels,9.96,11,4
2018-11-12,Standard Class,Consumer,Seattle,Washington,West,Office Supplies,Art,9.21,11,4
2018-11-12,Standard Class,Consumer,Seattle,Washington,West,Office Supplies,Supplies,27.93,11,4
2018-03-05,Same Day,Consumer,Rochester,Minnesota,Central,Office Supplies,Fasteners,7.9,3,1
2018-03-05,Same Day,Consumer,Rochester,Minnesota,Central,Office Supplies,Storage,221.16,3,1
2018-03-05,Same Day,Consumer,Rochester,Minnesota,Central,Office Supplies,Binders,127.96,3,1
2018-03-05,Same Day,Consumer,Rochester,Minnesota,Central,Office Supplies,Binders,18.69,3,1
2017-03-03,Same Day,Corporate,San Francisco,California,West,Office Supplies,Supplies,25.35,3,1
2017-03-03,Same Day,Corporate,San Francisco,California,West,Furniture,Furnishings,35.28,3,1
2017-12-24,First Class,Corporate,Seattle,Washington,West,Office Supplies,Paper,33.4,12,4
2017-12-09,Standard Class,Consumer,Franklin,Tennessee,South,Technology,Phones,40.68,12,4
2018-11-20,Standard Class,Consumer,Jackson,Tennessee,South,Furniture,Chairs,209.568,11,4
2016-12-12,Standard Class,Consumer,Austin,Texas,Central,Technology,Accessories,22.368,12,4
2018-02-03,Standard Class,Consumer,Pembroke Pines,Florida,South,Office Supplies,Binders,3.882,2,1
2018-02-03,Standard Class,Consumer,Pembroke Pines,Florida,South,Office Supplies,Paper,115.296,2,1
2018-09-21,Standard Class,Consumer,Philadelphia,Pennsylvania,East,Office Supplies,Binders,1.908,9,3
2018-04-30,Standard Class,Home Office,Danville,Illinois,Central,Office Supplies,Binders,43.372,4,2
2015-11-03,Standard Class,Consumer,New York City,New York,East,Office Supplies,Binders,48.896,11,4
2015-11-03,Standard Class,Consumer,New York City,New York,East,Office Supplies,Binders,7.856,11,4
2017-12-30,Standard Class,Consumer,Columbus,Ohio,East,Office Supplies,Labels,5.904,12,4
2017-12-30,Standard Class,Consumer,Columbus,Ohio,East,Office Supplies,Supplies,13.712,12,4
2015-09-17,Standard Class,Consumer,Chula Vista,California,West,Office Supplies,Envelopes,182.94,9,3
2018-11-24,First Class,Consumer,San Francisco,California,West,Office Supplies,Art,27.76,11,4
2016-04-24,Standard Class,Home Office,New York City,New York,East,Office Supplies,Art,25.99,4,2
2016-03-09,First Class,Corporate,San Antonio,Texas,Central,Technology,Accessories,113.52,3,1
2016-03-09,First Class,Corporate,San Antonio,Texas,Central,Technology,Phones,359.88,3,1
2018-06-02,Same Day,Consumer,Jacksonville,North Carolina,South,Office Supplies,Paper,25.344,6,2
2017-09-19,Second Class,Home Office,San Francisco,California,West,Office Supplies,Binders,11.952,9,3
2017-09-19,Second Class,Home Office,San Francisco,California,West,Office Supplies,Supplies,6.24,9,3
2018-11-23,Standard Class,Consumer,Chicago,Illinois,Central,Furniture,Furnishings,6.464,11,4
2018-11-23,Standard Class,Consumer,Chicago,Illinois,Central,Office Supplies,Labels,11.52,11,4
2018-11-23,Standard Class,Consumer,Chicago,Illinois,Central,Technology,Phones,222.384,11,4
2018-11-16,Standard Class,Home Office,Escondido,California,West,Office Supplies,Art,23.36,11,4
2017-02-19,Second Class,Corporate,Long Beach,New York,East,Office Supplies,Labels,8.67,2,1
2017-02-19,Second Class,Corporate,Long Beach,New York,East,Office Supplies,Supplies,25.71,2,1
2018-11-07,Standard Class,Consumer,Newark,Delaware,East,Office Supplies,Appliances,100.94,11,4
2015-07-08,First Class,Consumer,Buffalo,New York,East,Furniture,Chairs,63.882,7,3
2015-11-07,Standard Class,Consumer,Houston,Texas,Central,Office Supplies,Binders,1.476,11,4
2015-11-07,Standard Class,Consumer,Houston,Texas,Central,Office Supplies,Supplies,40.712,11,4
2018-01-28,Standard Class,Consumer,Wichita,Kansas,Central,Office Supplies,Paper,279.9,1,1
2016-12-11,Standard Class,Consumer,Colorado Springs,Colorado,West,Office Supplies,Art,13.12,12,4
2016-12-11,Standard Class,Consumer,Colorado Springs,Colorado,West,Furniture,Bookcases,69.576,12,4
2016-12-11,Standard Class,Consumer,Colorado Springs,Colorado,West,Office Supplies,Art,4.224,12,4
2016-12-11,Standard Class,Consumer,Colorado Springs,Colorado,West,Technology,Accessories,58.08,12,4
2016-12-11,Standard Class,Consumer,Colorado Springs,Colorado,West,Furniture,Furnishings,52.416,12,4
2016-12-11,Standard Class,Consumer,Colorado Springs,Colorado,West,Furniture,Furnishings,54.92,12,4
2016-12-11,Standard Class,Consumer,Colorado Springs,Colorado,West,Furniture,Tables,364.95,12,4
2016-12-11,Standard Class,Consumer,Colorado Springs,Colorado,West,Office Supplies,Paper,85.056,12,4
2016-12-11,Standard Class,Consumer,Colorado Springs,Colorado,West,Office Supplies,Paper,27.696,12,4
2016-06-29,Standard Class,Consumer,New York City,New York,East,Office Supplies,Paper,24.96,6,2
2016-03-16,Standard Class,Corporate,Los Angeles,California,West,Furniture,Furnishings,43.13,3,1
2016-08-13,Standard Class,Consumer,Marietta,Georgia,South,Office Supplies,Binders,5.64,8,3
2017-05-14,Standard Class,Corporate,Jacksonville,Florida,South,Office Supplies,Binders,57.582,5,2
2017-05-14,Standard Class,Corporate,Jacksonville,Florida,South,Office Supplies,Paper,31.104,5,2
2017-05-14,Standard Class,Corporate,Jacksonville,Florida,South,Furniture,Furnishings,30.192,5,2
2017-05-14,Standard Class,Corporate,Jacksonville,Florida,South,Technology,Phones,43.6,5,2
2017-05-14,Standard Class,Corporate,Jacksonville,Florida,South,Office Supplies,Art,4.768,5,2
2017-05-14,Standard Class,Corporate,Jacksonville,Florida,South,Office Supplies,Binders,10.38,5,2
2017-05-14,Standard Class,Corporate,Jacksonville,Florida,South,Office Supplies,Binders,13.392,5,2
2018-07-13,Second Class,Consumer,Philadelphia,Pennsylvania,East,Technology,Phones,39.594,7,3
2018-07-13,Second Class,Consumer,Philadelphia,Pennsylvania,East,Furniture,Furnishings,91.008,7,3
2016-11-22,Second Class,Consumer,Los Angeles,California,West,Office Supplies,Paper,37.94,11,4
2016-11-22,Second Class,Consumer,Los Angeles,California,West,Office Supplies,Paper,42.8,11,4
2016-11-22,Second Class,Consumer,Los Angeles,California,West,Office Supplies,Storage,33.63,11,4
2015-11-23,Standard Class,Corporate,Philadelphia,Pennsylvania,East,Office Supplies,Envelopes,62.808,11,4
2016-12-27,First Class,Consumer,Eau Claire,Wisconsin,Central,Office Supplies,Paper,195.64,12,4
2016-12-27,First Class,Consumer,Eau Claire,Wisconsin,Central,Technology,Phones,239.9,12,4
2017-11-14,Second Class,Consumer,Philadelphia,Pennsylvania,East,Furniture,Chairs,380.058,11,4
2017-11-14,Second Class,Consumer,Philadelphia,Pennsylvania,East,Furniture,Furnishings,48.576,11,4
2017-05-08,First Class,Consumer,Los Angeles,California,West,Office Supplies,Paper,17.94,5,2
2015-12-26,Standard Class,Consumer,Philadelphia,Pennsylvania,East,Office Supplies,Paper,18.264,12,4
2015-12-26,Standard Class,Consumer,Philadelphia,Pennsylvania,East,Office Supplies,Appliances,34.656,12,4
2015-12-26,Standard Class,Consumer,Philadelphia,Pennsylvania,East,Office Supplies,Appliances,81.552,12,4
2015-12-26,Standard Class,Consumer,Philadelphia,Pennsylvania,East,Office Supplies,Storage,227.136,12,4
2018-06-08,Standard Class,Consumer,Norwich,Connecticut,East,Office Supplies,Binders,10.36,6,2
2016-04-07,Standard Class,Consumer,San Antonio,Texas,Central,Office Supplies,Appliances,463.248,4,2
2016-04-07,Standard Class,Consumer,San Antonio,Texas,Central,Technology,Accessories,383.952,4,2
2017-07-10,Same Day,Home Office,Yuma,Arizona,West,Office Supplies,Binders,44.856,7,3
2017-11-21,Standard Class,Consumer,Columbus,Ohio,East,Technology,Machines,30.345,11,4
2017-11-21,Standard Class,Consumer,Columbus,Ohio,East,Furniture,Chairs,127.554,11,4
2017-11-21,Standard Class,Consumer,Columbus,Ohio,East,Furniture,Furnishings,77.952,11,4
2018-11-12,First Class,Corporate,Los Angeles,California,West,Office Supplies,Binders,14.016,11,4
2015-11-01,Standard Class,Corporate,Richmond,Kentucky,South,Office Supplies,Storage,69.52,11,4
2015-11-01,Standard Class,Corporate,Richmond,Kentucky,South,Office Supplies,Art,5.64,11,4
2017-05-15,Standard Class,Consumer,New York City,New York,East,Office Supplies,Binders,13.776,5,2
2015-11-07,Standard Class,Consumer,Wausau,Wisconsin,Central,Office Supplies,Appliances,245.88,11,4
2015-11-07,Standard Class,Consumer,Wausau,Wisconsin,Central,Office Supplies,Storage,36.63,11,4
2015-11-07,Standard Class,Consumer,Wausau,Wisconsin,Central,Office Supplies,Storage,22.58,11,4
2015-11-07,Standard Class,Consumer,Wausau,Wisconsin,Central,Office Supplies,Binders,12.39,11,4
2018-10-05,Standard Class,Home Office,San Francisco,California,West,Office Supplies,Binders,39.92,10,4
2018-10-05,Standard Class,Home Office,San Francisco,California,West,Office Supplies,Paper,61.96,10,4
2018-10-05,Standard Class,Home Office,San Francisco,California,West,Office Supplies,Binders,19.936,10,4
2018-06-01,First Class,Consumer,Dublin,Ohio,East,Office Supplies,Binders,3.798,6,2
2018-06-01,First Class,Consumer,Dublin,Ohio,East,Office Supplies,Paper,27.744,6,2
2018-06-01,First Class,Consumer,Dublin,Ohio,East,Technology,Phones,158.376,6,2
2018-11-20,Standard Class,Home Office,Henderson,Kentucky,South,Furniture,Furnishings,27.58,11,4
2017-12-23,Standard Class,Consumer,Bowling Green,Ohio,East,Office Supplies,Binders,5.553,12,4
2018-09-29,Standard Class,Consumer,Memphis,Tennessee,South,Office Supplies,Storage,243.92,9,3
2017-11-07,First Class,Consumer,Lakewood,New Jersey,East,Office Supplies,Fasteners,14.96,11,4
2015-04-04,First Class,Corporate,Los Angeles,California,West,Office Supplies,Binders,7.184,4,2
2016-07-23,Second Class,Consumer,Rochester,New York,East,Office Supplies,Binders,10.512,7,3
2015-06-25,Second Class,Corporate,Salem,Oregon,West,Technology,Phones,263.96,6,2
2015-06-25,Second Class,Corporate,Salem,Oregon,West,Office Supplies,Art,71.632,6,2
2015-06-25,Second Class,Corporate,Salem,Oregon,West,Office Supplies,Art,9.328,6,2
2015-09-08,Standard Class,Consumer,Pasco,Washington,West,Office Supplies,Art,5.88,9,3
2015-09-08,Standard Class,Consumer,Pasco,Washington,West,Office Supplies,Art,303.84,9,3
2015-09-08,Standard Class,Consumer,Pasco,Washington,West,Office Supplies,Storage,485.88,9,3
2015-12-12,Second Class,Consumer,Oakland,California,West,Furniture,Furnishings,12.54,12,4
2015-12-12,Second Class,Consumer,Oakland,California,West,Office Supplies,Storage,8.94,12,4
2015-12-12,Second Class,Consumer,Oakland,California,West,Furniture,Furnishings,9.24,12,4
2016-01-13,Standard Class,Consumer,Los Angeles,California,West,Office Supplies,Binders,70.008,1,1
2016-01-13,Standard Class,Consumer,Los Angeles,California,West,Furniture,Furnishings,77.6,1,1
2016-01-13,Standard Class,Consumer,Los Angeles,California,West,Furniture,Furnishings,464.85,1,1
2018-12-15,Standard Class,Corporate,Oak Park,Illinois,Central,Office Supplies,Art,10.192,12,4
2017-11-10,Standard Class,Corporate,New York City,New York,East,Office Supplies,Binders,20.368,11,4
2017-11-10,Standard Class,Corporate,New York City,New York,East,Office Supplies,Binders,49.848,11,4
2018-06-26,Standard Class,Consumer,New York City,New York,East,Technology,Phones,239.97,6,2
2018-11-13,Standard Class,Consumer,Seattle,Washington,West,Office Supplies,Storage,344.91,11,4
2018-11-13,Standard Class,Consumer,Seattle,Washington,West,Office Supplies,Labels,8.64,11,4
2018-11-24,Standard Class,Corporate,Lancaster,Pennsylvania,East,Technology,Phones,89.988,11,4
2018-11-24,Standard Class,Corporate,Lancaster,Pennsylvania,East,Office Supplies,Paper,229.544,11,4
2018-05-23,Standard Class,Consumer,Houston,Texas,Central,Office Supplies,Fasteners,1.824,5,2
2018-05-23,Standard Class,Consumer,Houston,Texas,Central,Office Supplies,Appliances,18.32,5,2
2018-05-23,Standard Class,Consumer,Houston,Texas,Central,Office Supplies,Storage,48.816,5,2
2018-05-23,Standard Class,Consumer,Houston,Texas,Central,Office Supplies,Binders,1.188,5,2
2015-12-02,Standard Class,Corporate,Columbus,Ohio,East,Technology,Accessories,119.8,12,4
2015-10-03,Standard Class,Home Office,Durham,North Carolina,South,Office Supplies,Storage,61.568,10,4
2015-10-03,Standard Class,Home Office,Durham,North Carolina,South,Office Supplies,Art,6.192,10,4
2017-07-29,First Class,Consumer,Pensacola,Florida,South,Office Supplies,Binders,2.214,7,3
2018-11-02,Second Class,Corporate,Henderson,Kentucky,South,Office Supplies,Envelopes,5.32,11,4
2018-11-02,Second Class,Corporate,Henderson,Kentucky,South,Office Supplies,Storage,59.92,11,4
2018-03-08,Standard Class,Consumer,Anaheim,California,West,Office Supplies,Binders,171.2,3,1
2018-03-08,Standard Class,Consumer,Anaheim,California,West,Office Supplies,Art,3.36,3,1
2015-12-16,Standard Class,Corporate,Detroit,Michigan,Central,Office Supplies,Paper,114.2,12,4
2017-11-28,Second Class,Corporate,Marietta,Georgia,South,Furniture,Chairs,182.67,11,4
2017-11-28,Second Class,Corporate,Marietta,Georgia,South,Technology,Accessories,101.7,11,4
2017-12-23,Standard Class,Corporate,Seattle,Washington,West,Office Supplies,Art,8.82,12,4
2017-12-23,Standard Class,Corporate,Seattle,Washington,West,Office Supplies,Paper,37.94,12,4
2017-12-23,Standard Class,Corporate,Seattle,Washington,West,Office Supplies,Art,4.2,12,4
2017-12-23,Standard Class,Corporate,Seattle,Washington,West,Office Supplies,Storage,227.28,12,4
2017-12-23,Standard Class,Corporate,Seattle,Washington,West,Office Supplies,Paper,47.9,12,4
2017-12-23,Standard Class,Corporate,Seattle,Washington,West,Office Supplies,Envelopes,61.96,12,4
2015-10-15,First Class,Consumer,Parma,Ohio,East,Furniture,Chairs,183.372,10,4
2015-10-15,First Class,Consumer,Parma,Ohio,East,Office Supplies,Paper,7.968,10,4
2017-08-22,Standard Class,Consumer,Gresham,Oregon,West,Office Supplies,Binders,26.352,8,3
2018-12-17,Standard Class,Corporate,Anaheim,California,West,Office Supplies,Storage,481.32,12,4
2018-12-17,Standard Class,Corporate,Anaheim,California,West,Office Supplies,Supplies,13.98,12,4
2018-03-07,Standard Class,Consumer,New York City,New York,East,Office Supplies,Binders,25.92,3,1
2018-03-07,Standard Class,Consumer,New York City,New York,East,Office Supplies,Labels,91.59,3,1
2015-10-14,Second Class,Corporate,Concord,New Hampshire,East,Office Supplies,Binders,22.92,10,4
2015-10-14,Second Class,Corporate,Concord,New Hampshire,East,Office Supplies,Storage,269.9,10,4
2015-11-18,Second Class,Consumer,Fairfield,Ohio,East,Office Supplies,Binders,11.808,11,4
2015-11-18,Second Class,Consumer,Fairfield,Ohio,East,Technology,Phones,9.588,11,4
2018-01-14,Standard Class,Consumer,Johnson City,Tennessee,South,Office Supplies,Envelopes,18.336,1,1
2018-01-14,Standard Class,Consumer,Johnson City,Tennessee,South,Office Supplies,Paper,36.288,1,1
2018-01-14,Standard Class,Consumer,Johnson City,Tennessee,South,Technology,Phones,111.984,1,1
2018-01-14,Standard Class,Consumer,Johnson City,Tennessee,South,Office Supplies,Binders,5.97,1,1
2018-01-14,Standard Class,Consumer,Johnson City,Tennessee,South,Office Supplies,Binders,2.508,1,1
2016-09-24,Second Class,Consumer,Seattle,Washington,West,Office Supplies,Art,35.96,9,3
2016-09-24,Second Class,Consumer,Seattle,Washington,West,Office Supplies,Binders,14.952,9,3
2018-10-09,Second Class,Consumer,League City,Texas,Central,Office Supplies,Art,67.144,10,4
2018-10-09,Second Class,Consumer,League City,Texas,Central,Furniture,Chairs,254.058,10,4
2017-01-02,Standard Class,Corporate,Gaithersburg,Maryland,East,Furniture,Bookcases,173.94,1,1
2017-01-02,Standard Class,Corporate,Gaithersburg,Maryland,East,Technology,Phones,231.98,1,1
2018-08-19,Standard Class,Consumer,Chicago,Illinois,Central,Office Supplies,Binders,2.296,8,3
2018-12-25,Second Class,Home Office,Huntsville,Alabama,South,Office Supplies,Paper,96.08,12,4
2018-12-25,Second Class,Home Office,Huntsville,Alabama,South,Office Supplies,Fasteners,3.62,12,4
2018-12-25,Second Class,Home Office,Huntsville,Alabama,South,Technology,Phones,90.48,12,4
2018-09-10,First Class,Corporate,Lawrence,Massachusetts,East,Office Supplies,Art,14.88,9,3
2018-10-19,Standard Class,Consumer,Chicago,Illinois,Central,Furniture,Tables,91.275,10,4
2018-12-01,Standard Class,Home Office,Fairfield,Connecticut,East,Office Supplies,Paper,19.44,12,4
2015-09-02,First Class,Consumer,New York City,New York,East,Office Supplies,Art,57.75,9,3
2015-09-02,First Class,Consumer,New York City,New York,East,Office Supplies,Paper,14.94,9,3
2018-03-25,Standard Class,Corporate,Seattle,Washington,West,Office Supplies,Art,23.1,3,1
2016-09-28,Standard Class,Consumer,Aurora,Colorado,West,Office Supplies,Envelopes,12.536,9,3
2016-09-28,Standard Class,Consumer,Aurora,Colorado,West,Office Supplies,Binders,1.08,9,3
2016-09-28,Standard Class,Consumer,Aurora,Colorado,West,Office Supplies,Fasteners,4.512,9,3
2016-03-15,Standard Class,Corporate,Lehi,Utah,West,Technology,Phones,16.776,3,1
2018-01-06,Standard Class,Home Office,Tuscaloosa,Alabama,South,Office Supplies,Binders,33.74,1,1
2015-01-13,Standard Class,Consumer,San Francisco,California,West,Furniture,Bookcases,333.999,1,1
2015-01-13,Standard Class,Consumer,San Francisco,California,West,Office Supplies,Art,19.9,1,1
2016-02-06,Standard Class,Consumer,Wilmington,Delaware,East,Furniture,Bookcases,283.92,2,1
2016-02-06,Standard Class,Consumer,Wilmington,Delaware,East,Office Supplies,Art,5.68,2,1
2018-12-21,Standard Class,Consumer,Lafayette,Indiana,Central,Office Supplies,Storage,375.34,12,4
2017-09-05,First Class,Consumer,Redondo Beach,California,West,Office Supplies,Paper,96.08,9,3
2017-09-05,First Class,Consumer,Redondo Beach,California,West,Office Supplies,Binders,11.68,9,3
2017-09-05,First Class,Consumer,Redondo Beach,California,West,Office Supplies,Fasteners,4.36,9,3
2015-10-04,Standard Class,Consumer,Seattle,Washington,West,Office Supplies,Labels,29.24,10,4
2018-11-27,Standard Class,Consumer,Los Angeles,California,West,Office Supplies,Binders,117.488,11,4
2018-11-27,Standard Class,Consumer,Los Angeles,California,West,Furniture,Furnishings,18.84,11,4
2017-10-28,Second Class,Consumer,New York City,New York,East,Office Supplies,Art,12.42,10,4
2016-06-09,Standard Class,Consumer,Royal Oak,Michigan,Central,Office Supplies,Paper,12.96,6,2
2018-12-08,Second Class,Corporate,San Francisco,California,West,Office Supplies,Appliances,69.48,12,4
2016-03-16,Standard Class,Corporate,New York City,New York,East,Technology,Phones,85.9,3,1
2015-06-09,Second Class,Corporate,North Las Vegas,Nevada,West,Office Supplies,Art,18.06,6,2
2015-06-09,Second Class,Corporate,North Las Vegas,Nevada,West,Office Supplies,Paper,79.14,6,2
2015-06-09,Second Class,Corporate,North Las Vegas,Nevada,West,Furniture,Furnishings,37.4,6,2
2016-03-20,Standard Class,Consumer,Carrollton,Texas,Central,Office Supplies,Binders,2.512,3,1
2016-03-20,Standard Class,Consumer,Carrollton,Texas,Central,Office Supplies,Fasteners,18.864,3,1
2017-11-18,Standard Class,Home Office,Los Angeles,California,West,Technology,Phones,61.192,11,4
2017-11-18,Standard Class,Home Office,Los Angeles,California,West,Office Supplies,Appliances,67.84,11,4
2015-03-07,First Class,Consumer,Seattle,Washington,West,Furniture,Chairs,48.712,3,1
2015-03-07,First Class,Consumer,Seattle,Washington,West,Office Supplies,Art,17.94,3,1
2015-03-07,First Class,Consumer,Seattle,Washington,West,Office Supplies,Storage,242.94,3,1
2017-05-15,Second Class,Consumer,Fort Lauderdale,Florida,South,Office Supplies,Binders,7.764,5,2
2016-05-25,Second Class,Corporate,Columbia,Tennessee,South,Technology,Phones,467.04,5,2
2016-08-02,Second Class,Home Office,Providence,Rhode Island,East,Technology,Phones,128.85,8,3
2016-08-02,Second Class,Home Office,Providence,Rhode Island,East,Office Supplies,Paper,8.4,8,3
2016-08-02,Second Class,Home Office,Providence,Rhode Island,East,Technology,Accessories,199.98,8,3
2016-08-02,Second Class,Home Office,Providence,Rhode Island,East,Furniture,Chairs,110.98,8,3
2017-11-06,First Class,Corporate,Jacksonville,Florida,South,Furniture,Chairs,207.984,11,4
2017-11-06,First Class,Corporate,Jacksonville,Florida,South,Office Supplies,Paper,36.112,11,4
2017-11-06,First Class,Corporate,Jacksonville,Florida,South,Furniture,Furnishings,35.568,11,4
2017-11-06,First Class,Corporate,Jacksonville,Florida,South,Office Supplies,Paper,88.768,11,4
2017-11-07,Standard Class,Home Office,Oceanside,California,West,Office Supplies,Paper,12.9,11,4
2016-12-07,First Class,Consumer,New York City,New York,East,Office Supplies,Binders,21.36,12,4
2016-12-07,First Class,Consumer,New York City,New York,East,Office Supplies,Binders,6.688,12,4
2017-12-09,Second Class,Corporate,Chicago,Illinois,Central,Office Supplies,Supplies,20.568,12,4
2017-12-09,Second Class,Corporate,Chicago,Illinois,Central,Office Supplies,Appliances,4.356,12,4
2017-12-09,Second Class,Corporate,Chicago,Illinois,Central,Technology,Accessories,19.04,12,4
2015-11-16,Standard Class,Corporate,Huntington Beach,California,West,Office Supplies,Labels,5.22,11,4
2017-11-06,Second Class,Consumer,San Diego,California,West,Office Supplies,Storage,84.84,11,4
2016-09-06,Standard Class,Corporate,Nashville,Tennessee,South,Office Supplies,Fasteners,7.24,9,3
2015-09-03,Same Day,Consumer,New York City,New York,East,Office Supplies,Labels,14.4,9,3
2017-04-24,Standard Class,Home Office,Colorado Springs,Colorado,West,Office Supplies,Paper,15.552,4,2
2017-04-24,Standard Class,Home Office,Colorado Springs,Colorado,West,Office Supplies,Binders,3.108,4,2
2018-08-31,Standard Class,Home Office,San Francisco,California,West,Office Supplies,Binders,6.672,8,3
2016-12-18,Standard Class,Corporate,Memphis,Tennessee,South,Office Supplies,Envelopes,55.936,12,4
2016-12-18,Standard Class,Corporate,Memphis,Tennessee,South,Office Supplies,Labels,18.432,12,4
2016-12-18,Standard Class,Corporate,Memphis,Tennessee,South,Furniture,Furnishings,20.32,12,4
2015-11-04,Standard Class,Home Office,New York City,New York,East,Office Supplies,Binders,52.064,11,4
2018-03-10,Standard Class,Corporate,Raleigh,North Carolina,South,Office Supplies,Appliances,48.784,3,1
2018-03-10,Standard Class,Corporate,Raleigh,North Carolina,South,Office Supplies,Binders,13.092,3,1
2017-01-31,Standard Class,Home Office,Los Angeles,California,West,Technology,Phones,109.592,1,1
2017-01-31,Standard Class,Home Office,Los Angeles,California,West,Office Supplies,Paper,56.7,1,1
2018-05-07,Standard Class,Home Office,Los Angeles,California,West,Technology,Accessories,79.99,5,2
2017-05-24,Same Day,Home Office,Newport News,Virginia,South,Office Supplies,Supplies,69.5,5,2
2017-05-24,Same Day,Home Office,Newport News,Virginia,South,Office Supplies,Paper,191.6,5,2
2017-10-07,Standard Class,Consumer,Los Angeles,California,West,Office Supplies,Paper,10.56,10,4
2015-04-30,Second Class,Consumer,Jackson,Mississippi,South,Technology,Accessories,47.79,4,2
2016-11-09,Standard Class,Home Office,New York City,New York,East,Office Supplies,Storage,17.94,11,4
2016-09-07,Standard Class,Corporate,Philadelphia,Pennsylvania,East,Office Supplies,Binders,9.522,9,3
2016-09-07,Standard Class,Corporate,Philadelphia,Pennsylvania,East,Office Supplies,Binders,4.923,9,3
2018-05-11,First Class,Corporate,Phoenix,Arizona,West,Furniture,Bookcases,209.979,5,2
2018-07-21,Standard Class,Home Office,Cleveland,Ohio,East,Office Supplies,Binders,33.93,7,3
2018-07-21,Standard Class,Home Office,Cleveland,Ohio,East,Office Supplies,Storage,222.32,7,3
2018-07-21,Standard Class,Home Office,Cleveland,Ohio,East,Technology,Phones,210.564,7,3
2015-11-24,Standard Class,Consumer,Toledo,Ohio,East,Furniture,Furnishings,35.168,11,4
2015-11-15,First Class,Consumer,Los Angeles,California,West,Furniture,Furnishings,10.11,11,4
2015-11-15,First Class,Consumer,Los Angeles,California,West,Office Supplies,Supplies,20.46,11,4
2018-03-23,Second Class,Corporate,New York City,New York,East,Office Supplies,Supplies,347.58,3,1
2017-12-18,Standard Class,Consumer,San Diego,California,West,Technology,Accessories,72.64,12,4
2017-12-18,Standard Class,Consumer,San Diego,California,West,Furniture,Furnishings,39.92,12,4
2018-07-29,Standard Class,Consumer,Oklahoma City,Oklahoma,Central,Office Supplies,Binders,33.48,7,3
2018-07-29,Standard Class,Consumer,Oklahoma City,Oklahoma,Central,Technology,Phones,461.97,7,3
2018-07-29,Standard Class,Consumer,Oklahoma City,Oklahoma,Central,Office Supplies,Appliances,137.62,7,3
2018-07-29,Standard Class,Consumer,Oklahoma City,Oklahoma,Central,Furniture,Chairs,302.67,7,3
2015-09-02,Second Class,Consumer,Chicago,Illinois,Central,Technology,Accessories,239.976,9,3
2018-01-29,Standard Class,Consumer,San Francisco,California,West,Office Supplies,Art,8.34,1,1
2018-01-29,Standard Class,Consumer,San Francisco,California,West,Office Supplies,Supplies,8.57,1,1
2018-01-29,Standard Class,Consumer,San Francisco,California,West,Office Supplies,Binders,119.616,1,1
2017-12-26,Standard Class,Corporate,Vineland,New Jersey,East,Furniture,Chairs,212.94,12,4
2017-12-26,Standard Class,Corporate,Vineland,New Jersey,East,Office Supplies,Appliances,26.49,12,4
2015-04-06,Standard Class,Corporate,Seattle,Washington,West,Technology,Accessories,33.9,4,2
2018-11-17,Second Class,Consumer,Naperville,Illinois,Central,Technology,Accessories,239.96,11,4
2016-07-11,First Class,Corporate,Wilmington,Delaware,East,Furniture,Tables,199.836,7,3
2016-07-11,First Class,Corporate,Wilmington,Delaware,East,Office Supplies,Binders,221.06,7,3
2017-11-10,Second Class,Consumer,Los Angeles,California,West,Office Supplies,Paper,67.71,11,4
2017-11-10,Second Class,Consumer,Los Angeles,California,West,Office Supplies,Appliances,129.92,11,4
2017-11-10,Second Class,Consumer,Los Angeles,California,West,Furniture,Furnishings,467.46,11,4
2017-11-10,Second Class,Consumer,Los Angeles,California,West,Office Supplies,Paper,61.4,11,4
2017-11-10,Second Class,Consumer,Los Angeles,California,West,Office Supplies,Binders,5.184,11,4
2017-11-10,Second Class,Consumer,Los Angeles,California,West,Office Supplies,Art,14.7,11,4
2015-03-31,Standard Class,Consumer,Chicago,Illinois,Central,Office Supplies,Binders,8.134,3,1
2015-03-31,Standard Class,Consumer,Chicago,Illinois,Central,Technology,Accessories,79.984,3,1
2016-09-18,Standard Class,Home Office,Des Moines,Washington,West,Office Supplies,Paper,18.54,9,3
2016-11-07,Standard Class,Corporate,Philadelphia,Pennsylvania,East,Office Supplies,Envelopes,24.4,11,4
2018-05-19,Same Day,Consumer,Atlanta,Georgia,South,Office Supplies,Paper,195.64,5,2
2016-01-03,Second Class,Consumer,Dallas,Texas,Central,Technology,Accessories,398.4,1,1
2016-01-03,Second Class,Consumer,Dallas,Texas,Central,Office Supplies,Art,7.056,1,1
2016-09-08,First Class,Consumer,Moreno Valley,California,West,Office Supplies,Paper,26.4,9,3
2016-09-08,First Class,Consumer,Moreno Valley,California,West,Office Supplies,Storage,41.88,9,3
2017-04-03,Standard Class,Consumer,Philadelphia,Pennsylvania,East,Office Supplies,Binders,99.846,4,2
2016-05-08,Standard Class,Consumer,Minneapolis,Minnesota,Central,Office Supplies,Binders,43.98,5,2
2016-05-08,Standard Class,Consumer,Minneapolis,Minnesota,Central,Technology,Phones,377.97,5,2
2016-05-08,Standard Class,Consumer,Minneapolis,Minnesota,Central,Furniture,Furnishings,123.96,5,2
2018-09-22,First Class,Consumer,Wilmington,Delaware,East,Technology,Phones,391.98,9,3
2018-11-30,Standard Class,Consumer,Burlington,North Carolina,South,Technology,Accessories,383.976,11,4
2018-01-15,Standard Class,Home Office,Los Angeles,California,West,Office Supplies,Art,21.4,1,1
2015-08-08,Standard Class,Home Office,Trenton,Michigan,Central,Office Supplies,Appliances,167.535,8,3
2015-08-08,Standard Class,Home Office,Trenton,Michigan,Central,Office Supplies,Envelopes,38.34,8,3
2015-08-08,Standard Class,Home Office,Trenton,Michigan,Central,Furniture,Furnishings,53.88,8,3
2015-08-08,Standard Class,Home Office,Trenton,Michigan,Central,Technology,Phones,299.98,8,3
2016-11-05,Same Day,Consumer,San Francisco,California,West,Office Supplies,Storage,62.8,11,4
2018-04-25,Second Class,Consumer,Los Angeles,California,West,Office Supplies,Binders,13.904,4,2
2015-04-20,Second Class,Consumer,Houston,Texas,Central,Office Supplies,Storage,44.84,4,2
2015-04-20,Second Class,Consumer,Houston,Texas,Central,Furniture,Tables,401.59,4,2
2018-11-11,Standard Class,Home Office,Milwaukee,Wisconsin,Central,Office Supplies,Binders,18.24,11,4
2018-11-25,Standard Class,Consumer,San Francisco,California,West,Furniture,Bookcases,359.499,11,4
2018-11-25,Standard Class,Consumer,San Francisco,California,West,Office Supplies,Storage,10.48,11,4
2016-12-18,Same Day,Home Office,Cleveland,Ohio,East,Office Supplies,Paper,20.736,12,4
2017-09-08,Standard Class,Consumer,Monroe,North Carolina,South,Technology,Accessories,35.168,9,3
2017-09-08,Standard Class,Consumer,Monroe,North Carolina,South,Office Supplies,Paper,64.704,9,3
2017-06-06,Second Class,Corporate,Lowell,Massachusetts,East,Office Supplies,Paper,105.52,6,2
2016-06-19,Standard Class,Home Office,Dallas,Texas,Central,Office Supplies,Binders,5.792,6,2
2016-03-05,Standard Class,Corporate,Philadelphia,Pennsylvania,East,Technology,Phones,466.158,3,1
2016-03-05,Standard Class,Corporate,Philadelphia,Pennsylvania,East,Technology,Accessories,10.312,3,1
2016-03-05,Standard Class,Corporate,Philadelphia,Pennsylvania,East,Office Supplies,Binders,2.556,3,1
2018-08-04,First Class,Corporate,Loveland,Colorado,West,Office Supplies,Paper,7.968,8,3
2018-08-04,First Class,Corporate,Loveland,Colorado,West,Office Supplies,Envelopes,8.784,8,3
2018-12-30,Standard Class,Consumer,Loveland,Colorado,West,Office Supplies,Fasteners,3.024,12,4
2016-05-23,Standard Class,Corporate,Woonsocket,Rhode Island,East,Office Supplies,Storage,51.45,5,2
2015-12-06,Standard Class,Consumer,Chicago,Illinois,Central,Office Supplies,Appliances,14.016,12,4
2015-12-06,Standard Class,Consumer,Chicago,Illinois,Central,Furniture,Tables,214.95,12,4
2015-12-06,Standard Class,Consumer,Chicago,Illinois,Central,Technology,Phones,35.04,12,4
2015-12-06,Standard Class,Consumer,Chicago,Illinois,Central,Furniture,Furnishings,10.776,12,4
2015-12-06,Standard Class,Consumer,Chicago,Illinois,Central,Office Supplies,Binders,4.6,12,4
2015-12-06,Standard Class,Consumer,Chicago,Illinois,Central,Office Supplies,Storage,35.168,12,4
2016-08-07,Standard Class,Home Office,Bakersfield,California,West,Office Supplies,Binders,19.152,8,3
2015-03-17,Same Day,Consumer,Dallas,Texas,Central,Office Supplies,Art,4.448,3,1
2015-03-17,Same Day,Consumer,Dallas,Texas,Central,Office Supplies,Paper,5.184,3,1
2015-03-17,Same Day,Consumer,Dallas,Texas,Central,Office Supplies,Paper,15.552,3,1
2016-03-26,Second Class,Consumer,Philadelphia,Pennsylvania,East,Office Supplies,Paper,40.032,3,1
2016-03-26,Second Class,Consumer,Philadelphia,Pennsylvania,East,Technology,Accessories,16.776,3,1
2015-12-14,Standard Class,Consumer,Deltona,Florida,South,Furniture,Chairs,186.304,12,4
2016-09-19,Standard Class,Corporate,Columbus,Georgia,South,Technology,Accessories,66.36,9,3
2018-04-25,First Class,Home Office,Nashville,Tennessee,South,Office Supplies,Art,42.048,4,2
2018-04-25,First Class,Home Office,Nashville,Tennessee,South,Office Supplies,Art,67.92,4,2
2015-10-18,Standard Class,Corporate,Philadelphia,Pennsylvania,East,Office Supplies,Envelopes,52.512,10,4
2015-10-18,Standard Class,Corporate,Philadelphia,Pennsylvania,East,Office Supplies,Storage,186.912,10,4
2015-10-18,Standard Class,Corporate,Philadelphia,Pennsylvania,East,Office Supplies,Paper,10.048,10,4
2016-11-13,Same Day,Consumer,Chicago,Illinois,Central,Furniture,Furnishings,17.496,11,4
2017-01-31,Second Class,Consumer,Dallas,Texas,Central,Office Supplies,Paper,15.552,1,1
2017-11-17,Standard Class,Consumer,Carlsbad,New Mexico,West,Office Supplies,Binders,10.776,11,4
2018-07-25,Standard Class,Consumer,Philadelphia,Pennsylvania,East,Office Supplies,Labels,3.304,7,3
2018-11-11,Standard Class,Consumer,New York City,New York,East,Office Supplies,Storage,35.48,11,4
2016-09-26,Standard Class,Consumer,Oceanside,New York,East,Office Supplies,Fasteners,34.44,9,3
2016-09-26,Standard Class,Consumer,Oceanside,New York,East,Office Supplies,Binders,79.056,9,3
2015-04-04,Standard Class,Corporate,Lafayette,Louisiana,South,Office Supplies,Storage,232.55,4,2
2015-04-04,Standard Class,Corporate,Lafayette,Louisiana,South,Technology,Accessories,99.98,4,2
2015-04-04,Standard Class,Corporate,Lafayette,Louisiana,South,Office Supplies,Paper,19.44,4,2
2015-04-04,Standard Class,Corporate,Lafayette,Louisiana,South,Office Supplies,Paper,12.96,4,2
2015-09-14,Same Day,Consumer,New York City,New York,East,Furniture,Tables,464.292,9,3
2015-09-14,Same Day,Consumer,New York City,New York,East,Office Supplies,Envelopes,68.46,9,3
2015-09-14,Same Day,Consumer,New York City,New York,East,Technology,Phones,16.99,9,3
2015-09-14,Same Day,Consumer,New York City,New York,East,Technology,Phones,287.97,9,3
2015-09-14,Same Day,Consumer,New York City,New York,East,Office Supplies,Paper,44.82,9,3
2018-12-29,Standard Class,Corporate,Anaheim,California,West,Furniture,Furnishings,101.12,12,4
2016-06-21,Standard Class,Consumer,Deltona,Florida,South,Technology,Phones,107.976,6,2
2018-11-26,Standard Class,Home Office,New York City,New York,East,Office Supplies,Appliances,58.73,11,4
2018-11-26,Standard Class,Home Office,New York City,New York,East,Office Supplies,Binders,93.344,11,4
2017-10-23,Standard Class,Home Office,Seattle,Washington,West,Office Supplies,Fasteners,17.05,10,4
2016-12-14,Standard Class,Consumer,San Diego,California,West,Office Supplies,Binders,8.096,12,4
2017-11-13,Standard Class,Corporate,Oklahoma City,Oklahoma,Central,Furniture,Furnishings,30.36,11,4
2018-09-29,Standard Class,Consumer,Mount Vernon,New York,East,Office Supplies,Envelopes,23.34,9,3
2018-09-29,Standard Class,Consumer,Mount Vernon,New York,East,Office Supplies,Paper,51.55,9,3
2016-11-08,Standard Class,Consumer,San Francisco,California,West,Technology,Accessories,119.9,11,4
2017-04-01,Standard Class,Consumer,New York City,New York,East,Office Supplies,Supplies,63.84,4,2
2017-04-01,Standard Class,Consumer,New York City,New York,East,Office Supplies,Binders,3.592,4,2
2018-02-02,Standard Class,Consumer,Los Angeles,California,West,Furniture,Furnishings,86.26,2,1
2018-02-02,Standard Class,Consumer,Los Angeles,California,West,Office Supplies,Storage,139.04,2,1
2018-02-02,Standard Class,Consumer,Los Angeles,California,West,Office Supplies,Appliances,46.8,2,1
2018-12-24,Standard Class,Home Office,Chandler,Arizona,West,Furniture,Furnishings,8.544,12,4
2018-03-06,Second Class,Corporate,San Francisco,California,West,Office Supplies,Storage,67.78,3,1
2018-09-25,First Class,Corporate,Helena,Montana,West,Office Supplies,Storage,39.9,9,3
2015-06-30,Standard Class,Consumer,New York City,New York,East,Office Supplies,Binders,2.688,6,2
2015-06-30,Standard Class,Consumer,New York City,New York,East,Office Supplies,Art,6.6,6,2
2016-08-07,First Class,Consumer,Kirkwood,Missouri,Central,Office Supplies,Binders,28.4,8,3
2016-08-07,First Class,Consumer,Kirkwood,Missouri,Central,Furniture,Furnishings,212.94,8,3
2018-06-30,Second Class,Home Office,Chicago,Illinois,Central,Furniture,Furnishings,14.224,6,2
2016-10-26,Second Class,Corporate,Peoria,Arizona,West,Technology,Phones,105.584,10,4
2016-10-26,Second Class,Corporate,Peoria,Arizona,West,Technology,Phones,68.72,10,4
2017-11-18,Second Class,Consumer,Taylor,Michigan,Central,Furniture,Chairs,301.96,11,4
2016-07-06,Standard Class,Consumer,Pasadena,California,West,Furniture,Chairs,170.352,7,3
2015-11-10,Standard Class,Consumer,Midland,Michigan,Central,Office Supplies,Art,3.9,11,4
2015-11-10,Standard Class,Consumer,Midland,Michigan,Central,Office Supplies,Paper,12.84,11,4
2015-11-10,Standard Class,Consumer,Midland,Michigan,Central,Office Supplies,Paper,15.84,11,4
2015-11-10,Standard Class,Consumer,Midland,Michigan,Central,Office Supplies,Storage,62.94,11,4
2017-05-27,Second Class,Corporate,Detroit,Michigan,Central,Office Supplies,Paper,144.12,5,2
2017-05-27,Second Class,Corporate,Detroit,Michigan,Central,Office Supplies,Paper,314.55,5,2
2016-03-08,First Class,Corporate,Pueblo,Colorado,West,Office Supplies,Art,3.408,3,1
2018-10-19,Standard Class,Consumer,Waco,Texas,Central,Office Supplies,Binders,2.072,10,4
2018-10-19,Standard Class,Consumer,Waco,Texas,Central,Furniture,Bookcases,328.3992,10,4
2017-11-05,First Class,Consumer,San Francisco,California,West,Office Supplies,Binders,53.248,11,4
2017-12-26,Standard Class,Corporate,New York City,New York,East,Office Supplies,Binders,4.992,12,4
2016-04-13,Standard Class,Corporate,Los Angeles,California,West,Furniture,Furnishings,37.68,4,2
2016-04-13,Standard Class,Corporate,Los Angeles,California,West,Technology,Phones,258.576,4,2
2016-04-13,Standard Class,Corporate,Los Angeles,California,West,Office Supplies,Appliances,75.84,4,2
2018-09-12,First Class,Corporate,Woonsocket,Rhode Island,East,Office Supplies,Paper,45.36,9,3
2018-09-12,First Class,Corporate,Woonsocket,Rhode Island,East,Office Supplies,Binders,45.78,9,3
2018-09-24,First Class,Consumer,Columbus,Georgia,South,Office Supplies,Storage,40.29,9,3
2018-09-24,First Class,Consumer,Columbus,Georgia,South,Office Supplies,Binders,38.71,9,3
2016-09-13,Standard Class,Consumer,Columbus,Indiana,Central,Technology,Accessories,199.96,9,3
2018-11-14,Standard Class,Consumer,Pasadena,Texas,Central,Technology,Accessories,167.952,11,4
2018-11-14,Standard Class,Consumer,Pasadena,Texas,Central,Office Supplies,Art,45.04,11,4
2018-05-05,Standard Class,Consumer,San Francisco,California,West,Office Supplies,Envelopes,23.16,5,2
2015-11-28,Second Class,Corporate,Columbia,South Carolina,South,Furniture,Furnishings,397.6,11,4
2015-11-28,Second Class,Corporate,Columbia,South Carolina,South,Office Supplies,Paper,85.96,11,4
2015-11-28,Second Class,Corporate,Columbia,South Carolina,South,Office Supplies,Art,13.12,11,4
2015-11-28,Second Class,Corporate,Columbia,South Carolina,South,Office Supplies,Binders,45.66,11,4
2015-05-10,Standard Class,Consumer,Kent,Washington,West,Office Supplies,Envelopes,158.13,5,2
2015-05-10,Standard Class,Consumer,Kent,Washington,West,Technology,Phones,43.6,5,2
2017-03-03,Standard Class,Consumer,Round Rock,Texas,Central,Office Supplies,Fasteners,2.304,3,1
2017-03-03,Standard Class,Consumer,Round Rock,Texas,Central,Technology,Phones,431.976,3,1
2017-03-03,Standard Class,Consumer,Round Rock,Texas,Central,Technology,Accessories,41.72,3,1
2016-08-15,Standard Class,Consumer,Oakland,California,West,Furniture,Furnishings,104.23,8,3
2016-08-15,Standard Class,Consumer,Oakland,California,West,Office Supplies,Storage,70.26,8,3
2016-09-12,Standard Class,Consumer,Auburn,New York,East,Office Supplies,Art,9.26,9,3
2016-09-12,Standard Class,Consumer,Auburn,New York,East,Office Supplies,Storage,105.98,9,3
2016-09-12,Standard Class,Consumer,Auburn,New York,East,Office Supplies,Fasteners,1.24,9,3
2016-09-12,Standard Class,Consumer,Auburn,New York,East,Office Supplies,Labels,20.7,9,3
2016-09-12,Standard Class,Consumer,Auburn,New York,East,Office Supplies,Paper,28.9,9,3
2016-09-12,Standard Class,Consumer,Auburn,New York,East,Office Supplies,Envelopes,27.18,9,3
2016-01-12,Standard Class,Corporate,Newark,Delaware,East,Office Supplies,Storage,465.18,1,1
2016-05-12,Second Class,Consumer,New York City,New York,East,Office Supplies,Storage,36.63,5,2
2017-09-26,Same Day,Consumer,Redlands,California,West,Office Supplies,Storage,51.45,9,3
2017-09-26,Same Day,Consumer,Redlands,California,West,Office Supplies,Labels,7.83,9,3
2017-09-26,Same Day,Consumer,Redlands,California,West,Office Supplies,Art,35.4,9,3
2017-09-26,Same Day,Consumer,Redlands,California,West,Office Supplies,Paper,29.9,9,3
2018-09-09,Standard Class,Consumer,Roseville,Michigan,Central,Office Supplies,Envelopes,17.48,9,3
2018-04-15,Second Class,Corporate,Los Angeles,California,West,Office Supplies,Paper,79.14,4,2
2018-06-10,Standard Class,Corporate,New York City,New York,East,Office Supplies,Art,8.4,6,2
2018-09-01,Same Day,Consumer,Detroit,Michigan,Central,Furniture,Chairs,498.26,9,3
2015-06-14,Standard Class,Home Office,Detroit,Michigan,Central,Furniture,Bookcases,212.94,6,2
2018-05-18,Second Class,Home Office,Springfield,Missouri,Central,Technology,Phones,114.95,5,2
2018-05-18,Second Class,Home Office,Springfield,Missouri,Central,Office Supplies,Binders,43.19,5,2
2018-09-12,Second Class,Consumer,Los Angeles,California,West,Office Supplies,Paper,166.44,9,3
2017-06-21,Standard Class,Consumer,New York City,New York,East,Office Supplies,Binders,36.56,6,2
2017-06-21,Standard Class,Consumer,New York City,New York,East,Office Supplies,Binders,186.144,6,2
2017-06-21,Standard Class,Consumer,New York City,New York,East,Furniture,Bookcases,353.568,6,2
2015-11-26,Standard Class,Home Office,San Francisco,California,West,Office Supplies,Paper,81.98,11,4
2018-03-19,Second Class,Consumer,Fresno,California,West,Office Supplies,Binders,14.624,3,1
2018-03-19,Second Class,Consumer,Fresno,California,West,Furniture,Furnishings,30.93,3,1
2018-03-19,Second Class,Consumer,Fresno,California,West,Office Supplies,Binders,27.496,3,1
2018-08-22,First Class,Consumer,San Francisco,California,West,Furniture,Tables,210.008,8,3
2017-11-19,First Class,Corporate,Indianapolis,Indiana,Central,Office Supplies,Appliances,54.96,11,4
2015-09-20,Standard Class,Consumer,Columbia,Maryland,East,Furniture,Furnishings,164.22,9,3
2015-09-20,Standard Class,Consumer,Columbia,Maryland,East,Furniture,Bookcases,362.94,9,3
2015-09-20,Standard Class,Consumer,Columbia,Maryland,East,Technology,Accessories,59.98,9,3
2017-09-11,Standard Class,Consumer,San Jose,California,West,Office Supplies,Storage,332.94,9,3
2017-09-11,Standard Class,Consumer,San Jose,California,West,Office Supplies,Binders,39.872,9,3
2017-09-23,Second Class,Corporate,Seattle,Washington,West,Office Supplies,Supplies,13.68,9,3
2018-08-04,Standard Class,Corporate,Carrollton,Texas,Central,Office Supplies,Binders,3.318,8,3
2017-07-25,First Class,Home Office,Arlington,Virginia,South,Office Supplies,Binders,10.44,7,3
2017-08-02,Second Class,Corporate,Los Angeles,California,West,Furniture,Tables,136.464,8,3
2017-08-02,Second Class,Corporate,Los Angeles,California,West,Technology,Phones,333.576,8,3
2017-08-02,Second Class,Corporate,Los Angeles,California,West,Office Supplies,Binders,12.544,8,3
2016-05-21,Standard Class,Consumer,Frankfort,Illinois,Central,Office Supplies,Appliances,20.768,5,2
2018-11-03,Second Class,Consumer,Seattle,Washington,West,Technology,Accessories,43.5,11,4
2016-04-16,Standard Class,Corporate,Philadelphia,Pennsylvania,East,Office Supplies,Fasteners,12.576,4,2
2017-12-12,Standard Class,Consumer,Columbus,Georgia,South,Technology,Accessories,249.95,12,4
2017-12-12,Standard Class,Consumer,Columbus,Georgia,South,Office Supplies,Paper,49.12,12,4
2016-10-30,First Class,Consumer,Virginia Beach,Virginia,South,Office Supplies,Appliances,182.91,10,4
2015-03-07,Second Class,Home Office,Des Moines,Washington,West,Office Supplies,Binders,107.648,3,1
2016-03-05,Second Class,Corporate,Bethlehem,Pennsylvania,East,Furniture,Chairs,99.372,3,1
2016-03-05,Second Class,Corporate,Bethlehem,Pennsylvania,East,Furniture,Furnishings,33.568,3,1
2017-08-08,Standard Class,Consumer,Oklahoma City,Oklahoma,Central,Office Supplies,Paper,10.56,8,3
2018-01-03,Standard Class,Consumer,Rancho Cucamonga,California,West,Office Supplies,Paper,38.88,1,1
2018-10-09,First Class,Consumer,Los Angeles,California,West,Office Supplies,Paper,35.2,10,4
2018-10-20,Standard Class,Home Office,Philadelphia,Pennsylvania,East,Office Supplies,Paper,45.528,10,4
2015-09-07,First Class,Home Office,Houston,Texas,Central,Technology,Phones,196.776,9,3
2015-09-07,First Class,Home Office,Houston,Texas,Central,Office Supplies,Binders,2.92,9,3
2015-09-07,First Class,Home Office,Houston,Texas,Central,Furniture,Tables,200.795,9,3
2015-09-07,First Class,Home Office,Houston,Texas,Central,Technology,Accessories,46.688,9,3
2015-09-07,First Class,Home Office,Houston,Texas,Central,Office Supplies,Art,21.864,9,3
2018-09-30,First Class,Corporate,Seattle,Washington,West,Office Supplies,Paper,11.76,9,3
2018-09-30,First Class,Corporate,Seattle,Washington,West,Office Supplies,Paper,167.94,9,3
2018-09-30,First Class,Corporate,Seattle,Washington,West,Office Supplies,Appliances,3.89,9,3
2018-11-16,Standard Class,Home Office,Yonkers,New York,East,Technology,Machines,52.44,11,4
2018-09-11,Same Day,Consumer,San Francisco,California,West,Furniture,Furnishings,32.36,9,3
2018-09-11,Same Day,Consumer,San Francisco,California,West,Office Supplies,Appliances,406.6,9,3
2018-01-16,Same Day,Corporate,Los Angeles,California,West,Furniture,Furnishings,27.92,1,1
2018-01-16,Same Day,Corporate,Los Angeles,California,West,Furniture,Tables,399.672,1,1
2017-11-26,First Class,Home Office,Miami,Florida,South,Office Supplies,Binders,3.744,11,4
2018-12-14,Standard Class,Corporate,Fayetteville,Arkansas,South,Technology,Accessories,159.8,12,4
2018-12-14,Standard Class,Corporate,Fayetteville,Arkansas,South,Technology,Accessories,44.75,12,4
2015-09-13,Standard Class,Home Office,Odessa,Texas,Central,Furniture,Chairs,340.116,9,3
2015-12-07,Standard Class,Consumer,Virginia Beach,Virginia,South,Office Supplies,Paper,105.52,12,4
2018-09-07,Standard Class,Consumer,Milwaukee,Wisconsin,Central,Technology,Accessories,13.48,9,3
2018-10-07,Standard Class,Consumer,Detroit,Michigan,Central,Office Supplies,Storage,85.52,10,4
2016-09-05,Standard Class,Corporate,Rochester,Minnesota,Central,Furniture,Furnishings,6.16,9,3
2016-09-05,Standard Class,Corporate,Rochester,Minnesota,Central,Office Supplies,Paper,36.84,9,3
2015-03-30,Standard Class,Corporate,Seattle,Washington,West,Office Supplies,Storage,15.84,3,1
2015-03-30,Standard Class,Corporate,Seattle,Washington,West,Office Supplies,Labels,44.4,3,1
2018-05-05,First Class,Consumer,Louisville,Colorado,West,Office Supplies,Envelopes,21.24,5,2
2018-05-05,First Class,Consumer,Louisville,Colorado,West,Office Supplies,Binders,9.552,5,2
2018-05-05,First Class,Consumer,Louisville,Colorado,West,Furniture,Bookcases,89.991,5,2
2018-04-30,Standard Class,Home Office,San Francisco,California,West,Office Supplies,Paper,163.96,4,2
2015-09-08,Standard Class,Consumer,Houston,Texas,Central,Office Supplies,Paper,17.904,9,3
2015-09-08,Standard Class,Consumer,Houston,Texas,Central,Office Supplies,Paper,182.112,9,3
2018-06-20,First Class,Consumer,Miami,Florida,South,Office Supplies,Storage,4.464,6,2
2016-12-26,Standard Class,Consumer,Medina,Ohio,East,Furniture,Tables,51.588,12,4
2018-08-15,Standard Class,Corporate,Roseville,Minnesota,Central,Office Supplies,Labels,50.4,8,3
2018-03-04,Standard Class,Consumer,Houston,Texas,Central,Office Supplies,Paper,89.568,3,1
2018-07-27,Standard Class,Consumer,Yonkers,New York,East,Furniture,Furnishings,14.89,7,3
2017-09-23,First Class,Corporate,San Diego,California,West,Office Supplies,Envelopes,4.08,9,3
2017-09-23,First Class,Corporate,San Diego,California,West,Office Supplies,Labels,18.9,9,3
2017-05-30,Standard Class,Corporate,Springfield,Virginia,South,Office Supplies,Labels,62.1,5,2
2015-11-16,Standard Class,Consumer,Decatur,Illinois,Central,Furniture,Chairs,37.296,11,4
2015-09-21,First Class,Home Office,Garland,Texas,Central,Furniture,Furnishings,8.544,9,3
2017-02-21,Standard Class,Corporate,Oceanside,New York,East,Furniture,Furnishings,68.95,2,1
2017-02-21,Standard Class,Corporate,Oceanside,New York,East,Office Supplies,Storage,296.37,2,1
2017-02-21,Standard Class,Corporate,Oceanside,New York,East,Technology,Phones,39.98,2,1
2018-11-19,First Class,Consumer,Houston,Texas,Central,Furniture,Chairs,191.058,11,4
2018-11-19,First Class,Consumer,Houston,Texas,Central,Office Supplies,Art,13.04,11,4
2017-08-21,Standard Class,Home Office,Greenville,North Carolina,South,Office Supplies,Labels,9.216,8,3
2017-08-21,Standard Class,Home Office,Greenville,North Carolina,South,Office Supplies,Supplies,28.048,8,3
2018-04-30,Standard Class,Corporate,San Francisco,California,West,Furniture,Furnishings,64.96,4,2
2018-04-30,Standard Class,Corporate,San Francisco,California,West,Office Supplies,Envelopes,30.56,4,2
2017-05-02,Standard Class,Consumer,Greensboro,North Carolina,South,Furniture,Chairs,187.056,5,2
2018-10-02,First Class,Home Office,Knoxville,Tennessee,South,Furniture,Furnishings,11.808,10,4
2018-10-02,First Class,Home Office,Knoxville,Tennessee,South,Furniture,Furnishings,9.656,10,4
2018-10-02,First Class,Home Office,Knoxville,Tennessee,South,Office Supplies,Paper,20.736,10,4
2018-10-02,First Class,Home Office,Knoxville,Tennessee,South,Office Supplies,Binders,27.36,10,4
2018-10-02,First Class,Home Office,Knoxville,Tennessee,South,Office Supplies,Binders,34.236,10,4
2018-10-02,First Class,Home Office,Knoxville,Tennessee,South,Furniture,Furnishings,19.76,10,4
2018-09-18,Second Class,Consumer,Grand Island,Nebraska,Central,Office Supplies,Paper,15.96,9,3
2016-12-04,Standard Class,Consumer,Lakewood,California,West,Office Supplies,Art,16.9,12,4
2016-12-04,Standard Class,Consumer,Lakewood,California,West,Furniture,Furnishings,25.08,12,4
2016-01-17,Standard Class,Corporate,Lawrence,Massachusetts,East,Office Supplies,Art,6.68,1,1
2015-01-06,Second Class,Consumer,Los Angeles,California,West,Office Supplies,Paper,19.44,1,1
2016-03-05,Standard Class,Consumer,Houston,Texas,Central,Technology,Phones,31.92,3,1
2017-12-25,Second Class,Consumer,New York City,New York,East,Office Supplies,Binders,33.568,12,4
2017-09-04,Standard Class,Consumer,New York City,New York,East,Furniture,Furnishings,63.94,9,3
2017-09-04,Standard Class,Consumer,New York City,New York,East,Office Supplies,Binders,60.6,9,3
2017-09-04,Standard Class,Consumer,New York City,New York,East,Office Supplies,Supplies,22.72,9,3
2015-08-26,Standard Class,Consumer,Newark,Delaware,East,Furniture,Furnishings,10.68,8,3
2015-08-26,Standard Class,Consumer,Newark,Delaware,East,Office Supplies,Paper,17.34,8,3
2015-08-26,Standard Class,Consumer,Newark,Delaware,East,Office Supplies,Paper,3.38,8,3
2016-05-21,Standard Class,Corporate,Seattle,Washington,West,Office Supplies,Binders,26.976,5,2
2018-10-16,Standard Class,Corporate,Scottsdale,Arizona,West,Office Supplies,Paper,307.776,10,4
2016-11-09,Second Class,Consumer,Oceanside,New York,East,Office Supplies,Storage,244.55,11,4
2016-11-09,Second Class,Consumer,Oceanside,New York,East,Office Supplies,Envelopes,12.24,11,4
2016-11-09,Second Class,Consumer,Oceanside,New York,East,Technology,Accessories,13.98,11,4
2015-11-21,Standard Class,Corporate,Dallas,Texas,Central,Office Supplies,Envelopes,1.632,11,4
2015-11-21,Standard Class,Corporate,Dallas,Texas,Central,Technology,Phones,267.96,11,4
2016-10-11,Second Class,Consumer,Rochester,New York,East,Technology,Accessories,31.95,10,4
2018-03-21,Second Class,Consumer,Los Angeles,California,West,Office Supplies,Binders,10.896,3,1
2018-03-21,Second Class,Consumer,Los Angeles,California,West,Office Supplies,Binders,8.544,3,1
2016-01-04,Standard Class,Corporate,Woodbury,Minnesota,Central,Office Supplies,Binders,32.34,1,1
2016-01-04,Standard Class,Corporate,Woodbury,Minnesota,Central,Office Supplies,Paper,39.9,1,1
2018-12-09,Standard Class,Consumer,Park Ridge,Illinois,Central,Office Supplies,Paper,143.856,12,4
2017-09-06,Standard Class,Corporate,Dallas,Texas,Central,Office Supplies,Paper,41.92,9,3
2017-09-06,Standard Class,Corporate,Dallas,Texas,Central,Technology,Phones,329.584,9,3
2017-09-03,First Class,Corporate,Monroe,Louisiana,South,Office Supplies,Binders,87.28,9,3
2015-05-13,Standard Class,Corporate,Los Angeles,California,West,Furniture,Chairs,279.456,5,2
2015-05-13,Standard Class,Corporate,Los Angeles,California,West,Office Supplies,Paper,8.0,5,2
2017-09-29,Standard Class,Consumer,San Francisco,California,West,Office Supplies,Binders,27.24,9,3
2015-08-05,Standard Class,Consumer,San Francisco,California,West,Technology,Accessories,16.36,8,3
2015-08-05,Standard Class,Consumer,San Francisco,California,West,Office Supplies,Storage,15.78,8,3
2015-08-05,Standard Class,Consumer,San Francisco,California,West,Office Supplies,Art,45.98,8,3
2018-04-14,Standard Class,Corporate,Fayetteville,North Carolina,South,Furniture,Bookcases,198.272,4,2
2017-12-29,Standard Class,Consumer,Wichita,Kansas,Central,Furniture,Furnishings,70.56,12,4
2017-12-29,Standard Class,Consumer,Wichita,Kansas,Central,Office Supplies,Appliances,81.96,12,4
2015-01-18,Second Class,Corporate,Springfield,Oregon,West,Office Supplies,Appliances,64.864,1,1
2017-11-20,Standard Class,Consumer,Houston,Texas,Central,Technology,Phones,151.192,11,4
2018-06-10,Standard Class,Consumer,Seattle,Washington,West,Technology,Phones,88.776,6,2
2018-06-10,Standard Class,Consumer,Seattle,Washington,West,Office Supplies,Labels,11.56,6,2
2018-06-10,Standard Class,Consumer,Seattle,Washington,West,Office Supplies,Storage,15.58,6,2
2018-09-10,First Class,Corporate,Akron,Ohio,East,Office Supplies,Paper,85.056,9,3
2018-04-08,Standard Class,Corporate,Oak Park,Michigan,Central,Furniture,Furnishings,273.96,4,2
2018-04-08,Standard Class,Corporate,Oak Park,Michigan,Central,Furniture,Furnishings,306.9,4,2
2016-10-24,Standard Class,Corporate,Houston,Texas,Central,Office Supplies,Paper,15.552,10,4
2016-10-24,Standard Class,Corporate,Houston,Texas,Central,Furniture,Tables,347.361,10,4
2016-10-24,Standard Class,Corporate,Houston,Texas,Central,Office Supplies,Paper,10.368,10,4
2018-05-27,Standard Class,Corporate,Seattle,Washington,West,Technology,Accessories,98.16,5,2
2018-05-27,Standard Class,Corporate,Seattle,Washington,West,Office Supplies,Art,31.44,5,2
2015-12-05,First Class,Corporate,Philadelphia,Pennsylvania,East,Office Supplies,Envelopes,348.488,12,4
2015-12-05,First Class,Corporate,Philadelphia,Pennsylvania,East,Office Supplies,Storage,172.736,12,4
2017-08-14,Standard Class,Consumer,Los Angeles,California,West,Office Supplies,Paper,15.54,8,3
2017-08-14,Standard Class,Consumer,Los Angeles,California,West,Technology,Machines,105.552,8,3
2017-09-05,Second Class,Corporate,Houston,Texas,Central,Office Supplies,Paper,25.92,9,3
2017-09-05,Second Class,Corporate,Houston,Texas,Central,Office Supplies,Fasteners,15.808,9,3
2017-09-05,Second Class,Corporate,Houston,Texas,Central,Office Supplies,Paper,10.368,9,3
2018-06-26,Standard Class,Consumer,Philadelphia,Pennsylvania,East,Technology,Phones,358.2,6,2
2018-03-12,Standard Class,Consumer,Rogers,Arkansas,South,Office Supplies,Binders,40.41,3,1
2018-02-18,Second Class,Corporate,Los Angeles,California,West,Technology,Phones,167.976,2,1
2018-02-18,Second Class,Corporate,Los Angeles,California,West,Technology,Accessories,109.53,2,1
2018-02-18,Second Class,Corporate,Los Angeles,California,West,Office Supplies,Labels,9.82,2,1
2018-11-10,Second Class,Corporate,Seattle,Washington,West,Office Supplies,Binders,26.352,11,4
2015-11-19,Standard Class,Corporate,Wilmington,Delaware,East,Office Supplies,Labels,22.5,11,4
2015-11-19,Standard Class,Corporate,Wilmington,Delaware,East,Office Supplies,Labels,9.96,11,4
2015-11-19,Standard Class,Corporate,Wilmington,Delaware,East,Office Supplies,Binders,213.08,11,4
2015-11-18,Second Class,Corporate,Provo,Utah,West,Office Supplies,Paper,21.98,11,4
2017-09-24,Same Day,Corporate,San Francisco,California,West,Furniture,Furnishings,63.2,9,3
2017-11-20,Standard Class,Corporate,Los Angeles,California,West,Office Supplies,Appliances,39.0,11,4
2017-09-27,Standard Class,Corporate,Lancaster,Ohio,East,Office Supplies,Binders,2.907,9,3
2018-09-21,First Class,Consumer,Seattle,Washington,West,Technology,Accessories,71.98,9,3
2018-09-21,First Class,Consumer,Seattle,Washington,West,Technology,Accessories,79.98,9,3
2018-08-24,Standard Class,Corporate,New York City,New York,East,Office Supplies,Binders,24.672,8,3
2018-08-24,Standard Class,Corporate,New York City,New York,East,Office Supplies,Binders,3.744,8,3
2017-02-22,Standard Class,Consumer,Los Angeles,California,West,Technology,Phones,445.96,2,1
2017-02-22,Standard Class,Consumer,Los Angeles,California,West,Technology,Accessories,36.24,2,1
2017-02-22,Standard Class,Consumer,Los Angeles,California,West,Office Supplies,Fasteners,10.65,2,1
2018-12-08,Standard Class,Corporate,San Francisco,California,West,Office Supplies,Paper,87.92,12,4
2018-12-08,Standard Class,Corporate,San Francisco,California,West,Office Supplies,Binders,22.424,12,4
2018-12-08,Standard Class,Corporate,San Francisco,California,West,Office Supplies,Binders,90.48,12,4
2018-12-08,Standard Class,Corporate,San Francisco,California,West,Office Supplies,Storage,42.76,12,4
2018-09-18,Standard Class,Consumer,Clovis,New Mexico,West,Office Supplies,Binders,10.08,9,3
2018-09-18,Standard Class,Consumer,Clovis,New Mexico,West,Technology,Accessories,101.34,9,3
2017-09-11,First Class,Consumer,Wichita,Kansas,Central,Technology,Phones,224.75,9,3
2018-09-23,Standard Class,Consumer,Chicago,Illinois,Central,Office Supplies,Appliances,73.176,9,3
2018-09-23,Standard Class,Consumer,Chicago,Illinois,Central,Office Supplies,Paper,20.736,9,3
2018-09-23,Standard Class,Consumer,Chicago,Illinois,Central,Technology,Phones,39.984,9,3
2015-10-06,Second Class,Corporate,Omaha,Nebraska,Central,Office Supplies,Binders,15.36,10,4
2016-10-23,First Class,Consumer,Houston,Texas,Central,Office Supplies,Paper,36.288,10,4
2016-10-23,First Class,Consumer,Houston,Texas,Central,Technology,Phones,150.384,10,4
2017-03-31,Second Class,Consumer,Philadelphia,Pennsylvania,East,Technology,Phones,280.782,3,1
2017-03-31,Second Class,Consumer,Philadelphia,Pennsylvania,East,Technology,Accessories,31.984,3,1
2017-12-29,Standard Class,Consumer,Los Angeles,California,West,Office Supplies,Binders,11.232,12,4
2018-11-03,Second Class,Corporate,Richmond,Kentucky,South,Office Supplies,Paper,26.4,11,4
2018-01-20,Standard Class,Consumer,Waterbury,Connecticut,East,Office Supplies,Art,3.52,1,1
2017-12-03,First Class,Consumer,Los Angeles,California,West,Furniture,Furnishings,111.9,12,4
2017-09-02,First Class,Home Office,San Francisco,California,West,Office Supplies,Storage,46.53,9,3
2015-09-05,First Class,Consumer,Saint Petersburg,Florida,South,Furniture,Furnishings,31.984,9,3
2018-10-21,Standard Class,Home Office,Lakewood,Ohio,East,Office Supplies,Appliances,161.568,10,4
2018-10-21,Standard Class,Home Office,Lakewood,Ohio,East,Office Supplies,Paper,4.064,10,4
2018-10-21,Standard Class,Home Office,Lakewood,Ohio,East,Office Supplies,Binders,6.216,10,4
2018-04-25,Standard Class,Consumer,Chandler,Arizona,West,Office Supplies,Art,8.896,4,2
2016-10-19,Standard Class,Home Office,Los Angeles,California,West,Technology,Accessories,270.0,10,4
2015-07-05,First Class,Corporate,Palm Coast,Florida,South,Furniture,Furnishings,19.52,7,3
2015-07-05,First Class,Corporate,Palm Coast,Florida,South,Office Supplies,Binders,9.81,7,3
2015-07-05,First Class,Corporate,Palm Coast,Florida,South,Furniture,Furnishings,213.216,7,3
2018-11-13,Second Class,Consumer,Jupiter,Florida,South,Office Supplies,Art,2.064,11,4
2018-09-09,Standard Class,Consumer,Glendale,Arizona,West,Office Supplies,Paper,6.368,9,3
2016-04-17,Standard Class,Consumer,New York City,New York,East,Technology,Accessories,99.6,4,2
2016-04-17,Standard Class,Consumer,New York City,New York,East,Office Supplies,Binders,62.296,4,2
2016-04-17,Standard Class,Consumer,New York City,New York,East,Office Supplies,Art,10.71,4,2
2017-07-25,Standard Class,Home Office,Houston,Texas,Central,Office Supplies,Envelopes,20.936,7,3
2017-08-26,Standard Class,Corporate,New York City,New York,East,Technology,Phones,33.0,8,3
2017-08-26,Standard Class,Corporate,New York City,New York,East,Technology,Accessories,249.95,8,3
2015-09-12,Standard Class,Home Office,Olathe,Kansas,Central,Office Supplies,Supplies,357.93,9,3
2015-09-12,Standard Class,Home Office,Olathe,Kansas,Central,Technology,Accessories,57.4,9,3
2015-09-12,Standard Class,Home Office,Olathe,Kansas,Central,Office Supplies,Binders,331.96,9,3
2015-09-12,Standard Class,Home Office,Olathe,Kansas,Central,Furniture,Furnishings,40.56,9,3
2017-07-22,Standard Class,Home Office,Sparks,Nevada,West,Office Supplies,Supplies,86.2,7,3
2018-05-19,Standard Class,Corporate,Rockford,Illinois,Central,Office Supplies,Paper,38.016,5,2
2018-04-28,Standard Class,Corporate,Philadelphia,Pennsylvania,East,Office Supplies,Storage,8.384,4,2
2018-04-28,Standard Class,Corporate,Philadelphia,Pennsylvania,East,Office Supplies,Art,6.848,4,2
2018-12-29,Standard Class,Consumer,Edmonds,Washington,West,Office Supplies,Fasteners,19.6,12,4
2018-12-29,Standard Class,Consumer,Edmonds,Washington,West,Furniture,Furnishings,68.46,12,4
2018-09-04,Second Class,Consumer,San Francisco,California,West,Office Supplies,Binders,13.344,9,3
2015-03-21,Standard Class,Corporate,Asheville,North Carolina,South,Office Supplies,Storage,16.272,3,1
2018-09-28,Standard Class,Consumer,Los Angeles,California,West,Furniture,Furnishings,9.24,9,3
2015-01-19,First Class,Consumer,Scottsdale,Arizona,West,Office Supplies,Binders,32.34,1,1
2015-01-19,First Class,Consumer,Scottsdale,Arizona,West,Office Supplies,Paper,56.064,1,1
2015-01-19,First Class,Consumer,Scottsdale,Arizona,West,Office Supplies,Envelopes,108.72,1,1
2015-01-19,First Class,Consumer,Scottsdale,Arizona,West,Furniture,Bookcases,181.47,1,1
2015-02-14,Second Class,Consumer,Houston,Texas,Central,Office Supplies,Paper,16.176,2,1
2017-06-09,Standard Class,Consumer,San Francisco,California,West,Furniture,Chairs,122.352,6,2
2015-09-26,First Class,Home Office,San Diego,California,West,Office Supplies,Paper,19.44,9,3
2017-05-30,Standard Class,Consumer,Hamilton,Ohio,East,Office Supplies,Appliances,123.92,5,2
2018-12-19,Standard Class,Consumer,Parker,Colorado,West,Furniture,Furnishings,13.36,12,4
2018-12-19,Standard Class,Consumer,Parker,Colorado,West,Office Supplies,Storage,78.256,12,4
2018-12-19,Standard Class,Consumer,Parker,Colorado,West,Furniture,Bookcases,102.018,12,4
2018-06-15,First Class,Home Office,Maple Grove,Minnesota,Central,Office Supplies,Labels,44.4,6,2
2018-06-15,First Class,Home Office,Maple Grove,Minnesota,Central,Office Supplies,Storage,84.55,6,2
2018-06-15,First Class,Home Office,Maple Grove,Minnesota,Central,Office Supplies,Paper,17.94,6,2
2017-11-20,Standard Class,Consumer,Newark,Delaware,East,Office Supplies,Binders,128.4,11,4
2015-03-31,Standard Class,Corporate,Miami,Florida,South,Office Supplies,Binders,1.869,3,1
2018-10-08,Standard Class,Corporate,San Diego,California,West,Technology,Phones,103.192,10,4
2018-10-08,Standard Class,Corporate,San Diego,California,West,Technology,Accessories,36.0,10,4
2018-10-08,Standard Class,Corporate,San Diego,California,West,Technology,Accessories,239.96,10,4
2018-10-08,Standard Class,Corporate,San Diego,California,West,Office Supplies,Storage,40.68,10,4
2018-01-30,Standard Class,Consumer,Miami,Florida,South,Furniture,Chairs,419.136,1,1
2015-12-12,Standard Class,Consumer,Miami,Florida,South,Office Supplies,Envelopes,23.472,12,4
2016-10-24,Standard Class,Home Office,San Antonio,Texas,Central,Office Supplies,Binders,3.592,10,4
2018-04-01,Second Class,Corporate,Jacksonville,Florida,South,Technology,Phones,23.976,4,2
2018-04-01,Second Class,Corporate,Jacksonville,Florida,South,Office Supplies,Labels,6.264,4,2
2018-04-01,Second Class,Corporate,Jacksonville,Florida,South,Office Supplies,Appliances,20.808,4,2
2018-04-01,Second Class,Corporate,Jacksonville,Florida,South,Furniture,Chairs,218.352,4,2
2018-01-26,First Class,Consumer,Houston,Texas,Central,Office Supplies,Storage,18.16,1,1
2015-11-28,Same Day,Home Office,San Francisco,California,West,Office Supplies,Supplies,7.36,11,4
2015-11-28,Same Day,Home Office,San Francisco,California,West,Office Supplies,Labels,41.4,11,4
2015-11-28,Same Day,Home Office,San Francisco,California,West,Furniture,Bookcases,411.332,11,4
2016-09-04,Standard Class,Corporate,Philadelphia,Pennsylvania,East,Office Supplies,Binders,7.656,9,3
2018-06-12,Standard Class,Consumer,Marion,Ohio,East,Technology,Accessories,63.92,6,2
2018-07-15,Second Class,Consumer,New York City,New York,East,Office Supplies,Art,6.56,7,3
2018-07-15,Second Class,Consumer,New York City,New York,East,Office Supplies,Labels,7.83,7,3
2018-07-15,Second Class,Consumer,New York City,New York,East,Technology,Accessories,41.9,7,3
2018-07-15,Second Class,Consumer,New York City,New York,East,Office Supplies,Paper,8.96,7,3
2018-11-02,Standard Class,Corporate,Philadelphia,Pennsylvania,East,Furniture,Furnishings,3.312,11,4
2018-11-02,Standard Class,Corporate,Philadelphia,Pennsylvania,East,Office Supplies,Appliances,20.136,11,4
2018-11-02,Standard Class,Corporate,Philadelphia,Pennsylvania,East,Office Supplies,Envelopes,8.856,11,4
2017-10-08,Same Day,Consumer,Los Angeles,California,West,Office Supplies,Paper,61.96,10,4
2017-04-08,Standard Class,Consumer,Smyrna,Georgia,South,Office Supplies,Envelopes,17.92,4,2
2016-10-08,Standard Class,Consumer,San Francisco,California,West,Furniture,Furnishings,145.9,10,4
2018-05-15,Standard Class,Consumer,Chicago,Illinois,Central,Office Supplies,Paper,56.704,5,2
2018-05-15,Standard Class,Consumer,Chicago,Illinois,Central,Technology,Phones,11.12,5,2
2015-02-24,Standard Class,Consumer,Medford,Oregon,West,Office Supplies,Paper,32.896,2,1
2015-02-24,Standard Class,Consumer,Medford,Oregon,West,Office Supplies,Paper,22.776,2,1
2016-05-30,First Class,Consumer,New York City,New York,East,Technology,Phones,239.97,5,2
2016-05-30,First Class,Consumer,New York City,New York,East,Office Supplies,Appliances,160.32,5,2
2016-05-30,First Class,Consumer,New York City,New York,East,Technology,Phones,128.85,5,2
2018-12-04,Standard Class,Corporate,Philadelphia,Pennsylvania,East,Furniture,Chairs,239.96,12,4
2018-12-04,Standard Class,Corporate,Philadelphia,Pennsylvania,East,Furniture,Furnishings,54.768,12,4
2018-12-04,Standard Class,Corporate,Philadelphia,Pennsylvania,East,Office Supplies,Art,13.392,12,4
2018-12-04,Standard Class,Corporate,Philadelphia,Pennsylvania,East,Office Supplies,Paper,23.92,12,4
2018-12-04,Standard Class,Corporate,Philadelphia,Pennsylvania,East,Technology,Accessories,255.968,12,4
2017-06-05,First Class,Consumer,Santa Clara,California,West,Office Supplies,Binders,21.552,6,2
2017-06-05,First Class,Consumer,Santa Clara,California,West,Office Supplies,Appliances,58.24,6,2
2017-12-10,First Class,Home Office,Long Beach,California,West,Office Supplies,Paper,80.28,12,4
2018-04-30,Standard Class,Corporate,Los Angeles,California,West,Office Supplies,Art,9.78,4,2
2018-04-24,Standard Class,Home Office,Santa Barbara,California,West,Office Supplies,Fasteners,1.81,4,2
2016-05-08,First Class,Home Office,New York City,New York,East,Office Supplies,Paper,37.94,5,2
2016-03-31,Standard Class,Corporate,Jacksonville,Florida,South,Technology,Phones,79.96,3,1
2018-08-06,Standard Class,Corporate,Cedar Hill,Texas,Central,Office Supplies,Paper,115.296,8,3
2017-06-06,First Class,Consumer,Little Rock,Arkansas,South,Technology,Accessories,179.94,6,2
2017-06-06,First Class,Consumer,Little Rock,Arkansas,South,Technology,Accessories,26.85,6,2
2017-06-06,First Class,Consumer,Little Rock,Arkansas,South,Technology,Accessories,323.37,6,2
2017-06-06,First Class,Consumer,Little Rock,Arkansas,South,Office Supplies,Paper,59.94,6,2
2017-06-06,First Class,Consumer,Little Rock,Arkansas,South,Office Supplies,Binders,64.14,6,2
2017-06-06,First Class,Consumer,Little Rock,Arkansas,South,Office Supplies,Binders,11.67,6,2
2017-06-06,First Class,Consumer,Little Rock,Arkansas,South,Office Supplies,Paper,12.96,6,2
2016-04-13,Standard Class,Consumer,Norfolk,Nebraska,Central,Office Supplies,Binders,17.43,4,2
2018-05-22,Standard Class,Consumer,Chicago,Illinois,Central,Furniture,Chairs,181.986,5,2
2018-05-22,Standard Class,Consumer,Chicago,Illinois,Central,Office Supplies,Binders,1.592,5,2
2018-05-22,Standard Class,Consumer,Chicago,Illinois,Central,Office Supplies,Supplies,22.344,5,2
2017-12-19,Standard Class,Corporate,Tucson,Arizona,West,Furniture,Tables,455.97,12,4
2017-12-19,Standard Class,Corporate,Tucson,Arizona,West,Office Supplies,Binders,10.44,12,4
2017-12-19,Standard Class,Corporate,Tucson,Arizona,West,Office Supplies,Binders,5.214,12,4
2018-09-22,Standard Class,Home Office,Concord,New Hampshire,East,Office Supplies,Storage,67.4,9,3
2018-09-07,First Class,Consumer,Draper,Utah,West,Furniture,Furnishings,25.16,9,3
2018-09-07,First Class,Consumer,Draper,Utah,West,Technology,Phones,126.56,9,3
2015-11-28,First Class,Consumer,San Francisco,California,West,Office Supplies,Appliances,43.68,11,4
2015-11-28,First Class,Consumer,San Francisco,California,West,Technology,Accessories,139.93,11,4
2015-11-12,Standard Class,Corporate,Houston,Texas,Central,Office Supplies,Art,2.672,11,4
2015-11-12,Standard Class,Corporate,Houston,Texas,Central,Office Supplies,Supplies,16.656,11,4
2015-11-12,Standard Class,Corporate,Houston,Texas,Central,Technology,Accessories,79.512,11,4
2015-11-12,Standard Class,Corporate,Houston,Texas,Central,Office Supplies,Paper,36.288,11,4
2015-11-12,Standard Class,Corporate,Houston,Texas,Central,Furniture,Bookcases,67.9932,11,4
2018-10-02,Second Class,Corporate,Montgomery,Alabama,South,Furniture,Furnishings,10.16,10,4
2016-12-14,Standard Class,Corporate,Jackson,Mississippi,South,Furniture,Furnishings,6.16,12,4
2016-12-14,Standard Class,Corporate,Jackson,Mississippi,South,Office Supplies,Art,56.3,12,4
2016-12-06,Standard Class,Consumer,North Las Vegas,Nevada,West,Office Supplies,Paper,6.48,12,4
2016-12-06,Standard Class,Consumer,North Las Vegas,Nevada,West,Office Supplies,Labels,14.94,12,4
2018-03-31,Second Class,Corporate,Atlanta,Georgia,South,Office Supplies,Binders,34.54,3,1
2018-03-31,Second Class,Corporate,Atlanta,Georgia,South,Office Supplies,Binders,64.12,3,1
2018-03-13,Same Day,Home Office,Chicago,Illinois,Central,Office Supplies,Art,19.456,3,1
2018-03-13,Same Day,Home Office,Chicago,Illinois,Central,Technology,Machines,209.986,3,1
2018-03-13,Same Day,Home Office,Chicago,Illinois,Central,Office Supplies,Art,29.76,3,1
2018-03-13,Same Day,Home Office,Chicago,Illinois,Central,Furniture,Chairs,89.768,3,1
2018-03-13,Same Day,Home Office,Chicago,Illinois,Central,Office Supplies,Paper,15.552,3,1
2018-03-13,Same Day,Home Office,Chicago,Illinois,Central,Technology,Phones,34.36,3,1
2015-12-05,Standard Class,Corporate,Columbus,Ohio,East,Office Supplies,Paper,98.376,12,4
2015-12-05,Standard Class,Corporate,Columbus,Ohio,East,Office Supplies,Binders,29.94,12,4
2015-12-05,Standard Class,Corporate,Columbus,Ohio,East,Office Supplies,Paper,17.472,12,4
2015-12-05,Standard Class,Corporate,Columbus,Ohio,East,Technology,Phones,36.738,12,4
2015-12-05,Standard Class,Corporate,Columbus,Ohio,East,Technology,Phones,179.94,12,4
2017-12-12,Standard Class,Consumer,Pasadena,California,West,Furniture,Furnishings,383.64,12,4
2017-12-12,Standard Class,Consumer,Pasadena,California,West,Office Supplies,Appliances,56.52,12,4
2018-09-09,Second Class,Consumer,Los Angeles,California,West,Office Supplies,Art,6.56,9,3
2018-09-09,Second Class,Consumer,Los Angeles,California,West,Furniture,Chairs,243.92,9,3
2018-09-09,Second Class,Consumer,Los Angeles,California,West,Office Supplies,Paper,47.52,9,3
2018-10-04,Standard Class,Home Office,Clinton,Maryland,East,Furniture,Furnishings,19.98,10,4
2017-05-09,Standard Class,Home Office,New York City,New York,East,Office Supplies,Art,8.0,5,2
2015-12-15,Second Class,Consumer,San Diego,California,West,Furniture,Furnishings,6.16,12,4
2018-11-30,Standard Class,Home Office,New York City,New York,East,Office Supplies,Storage,83.56,11,4
2018-11-30,Standard Class,Home Office,New York City,New York,East,Office Supplies,Storage,269.49,11,4
2016-03-19,First Class,Consumer,Lancaster,California,West,Office Supplies,Fasteners,10.9,3,1
2015-07-19,Standard Class,Home Office,Great Falls,Montana,West,Office Supplies,Binders,6.096,7,3
2017-12-08,Second Class,Consumer,San Francisco,California,West,Office Supplies,Storage,34.05,12,4
2017-12-08,Second Class,Consumer,San Francisco,California,West,Office Supplies,Storage,352.38,12,4
2015-10-13,Second Class,Corporate,Lakewood,New Jersey,East,Furniture,Chairs,245.98,10,4
2015-10-13,Second Class,Corporate,Lakewood,New Jersey,East,Office Supplies,Binders,18.94,10,4
2018-11-19,Standard Class,Consumer,Cleveland,Ohio,East,Office Supplies,Binders,59.913,11,4
2018-09-24,Same Day,Corporate,Lawrence,Massachusetts,East,Technology,Phones,391.98,9,3
2018-09-24,Same Day,Corporate,Lawrence,Massachusetts,East,Technology,Phones,437.85,9,3
2016-09-25,Standard Class,Consumer,Concord,New Hampshire,East,Office Supplies,Binders,68.62,9,3
2018-02-13,Standard Class,Consumer,Baltimore,Maryland,East,Office Supplies,Supplies,25.02,2,1
2018-02-13,Standard Class,Consumer,Baltimore,Maryland,East,Office Supplies,Art,10.71,2,1
2015-10-03,Same Day,Consumer,Columbus,Ohio,East,Office Supplies,Art,55.984,10,4
2015-10-03,Same Day,Consumer,Columbus,Ohio,East,Office Supplies,Envelopes,14.48,10,4
2015-10-03,Same Day,Consumer,Columbus,Ohio,East,Technology,Accessories,142.488,10,4
2017-08-27,Second Class,Corporate,Houston,Texas,Central,Office Supplies,Storage,14.16,8,3
2017-08-27,Second Class,Corporate,Houston,Texas,Central,Office Supplies,Paper,79.92,8,3
2017-09-20,Standard Class,Corporate,Greensboro,North Carolina,South,Furniture,Furnishings,17.088,9,3
2017-09-20,Standard Class,Corporate,Greensboro,North Carolina,South,Furniture,Chairs,98.392,9,3
2018-03-25,Standard Class,Consumer,New York City,New York,East,Office Supplies,Art,11.05,3,1
2016-12-06,Standard Class,Consumer,San Francisco,California,West,Office Supplies,Appliances,7.78,12,4
2016-10-05,First Class,Consumer,Cincinnati,Ohio,East,Technology,Accessories,53.04,10,4
2017-02-02,Standard Class,Consumer,New York City,New York,East,Office Supplies,Storage,117.96,2,1
2017-08-23,Standard Class,Corporate,New York City,New York,East,Office Supplies,Art,21.3,8,3
2017-08-23,Standard Class,Corporate,New York City,New York,East,Office Supplies,Art,29.34,8,3
2018-06-30,Standard Class,Corporate,Memphis,Tennessee,South,Furniture,Furnishings,19.52,6,2
2016-09-18,First Class,Consumer,San Diego,California,West,Office Supplies,Storage,443.92,9,3
2017-09-25,Standard Class,Corporate,La Crosse,Wisconsin,Central,Technology,Accessories,499.95,9,3
2017-09-25,Standard Class,Corporate,La Crosse,Wisconsin,Central,Office Supplies,Art,3.04,9,3
2017-09-25,Standard Class,Corporate,La Crosse,Wisconsin,Central,Furniture,Chairs,201.96,9,3
2017-09-25,Standard Class,Corporate,La Crosse,Wisconsin,Central,Furniture,Furnishings,68.64,9,3
2017-10-24,Second Class,Corporate,Los Angeles,California,West,Technology,Accessories,100.0,10,4
2017-10-24,Second Class,Corporate,Los Angeles,California,West,Technology,Accessories,359.98,10,4
2015-09-29,Second Class,Home Office,Seattle,Washington,West,Furniture,Furnishings,6.16,9,3
2018-06-26,Standard Class,Corporate,Miami,Florida,South,Office Supplies,Labels,13.872,6,2
2018-06-26,Standard Class,Corporate,Miami,Florida,South,Furniture,Chairs,273.552,6,2
2015-02-11,Standard Class,Consumer,Chesapeake,Virginia,South,Technology,Accessories,234.45,2,1
2015-02-11,Standard Class,Consumer,Chesapeake,Virginia,South,Office Supplies,Binders,17.46,2,1
2017-09-23,Second Class,Home Office,New York City,New York,East,Office Supplies,Binders,10.528,9,3
2016-12-05,First Class,Home Office,Ann Arbor,Michigan,Central,Office Supplies,Binders,152.8,12,4
2018-09-03,Standard Class,Home Office,La Mesa,California,West,Office Supplies,Binders,82.56,9,3
2018-09-03,Standard Class,Home Office,La Mesa,California,West,Technology,Accessories,284.97,9,3
2018-03-26,Standard Class,Corporate,Dearborn,Michigan,Central,Furniture,Furnishings,60.84,3,1
2015-09-23,Standard Class,Home Office,Lakewood,Ohio,East,Office Supplies,Paper,28.8,9,3
2018-04-02,First Class,Home Office,Meriden,Connecticut,East,Office Supplies,Art,11.12,4,2
2017-04-01,Second Class,Home Office,Columbus,Georgia,South,Furniture,Furnishings,7.04,4,2
2016-05-15,Second Class,Corporate,Roswell,Georgia,South,Office Supplies,Envelopes,17.94,5,2
2018-03-23,First Class,Home Office,Seattle,Washington,West,Office Supplies,Binders,34.76,3,1
2018-04-14,Standard Class,Corporate,Morristown,New Jersey,East,Furniture,Furnishings,74.45,4,2
2016-01-04,Standard Class,Corporate,Alexandria,Virginia,South,Furniture,Furnishings,192.22,1,1
2018-11-02,Standard Class,Consumer,Salt Lake City,Utah,West,Office Supplies,Paper,19.44,11,4
2018-07-17,Second Class,Corporate,Apple Valley,California,West,Office Supplies,Paper,32.4,7,3
2018-07-17,Second Class,Corporate,Apple Valley,California,West,Office Supplies,Envelopes,57.9,7,3
2018-07-17,Second Class,Corporate,Apple Valley,California,West,Office Supplies,Storage,10.56,7,3
2018-10-06,Standard Class,Corporate,New York City,New York,East,Office Supplies,Paper,40.99,10,4
2015-11-04,Standard Class,Corporate,Long Beach,California,West,Office Supplies,Art,2.94,11,4
2017-12-18,First Class,Home Office,Salem,Oregon,West,Office Supplies,Binders,45.24,12,4
2017-12-18,First Class,Home Office,Salem,Oregon,West,Office Supplies,Art,18.688,12,4
2017-12-18,First Class,Home Office,Salem,Oregon,West,Office Supplies,Paper,11.648,12,4
2017-12-18,First Class,Home Office,Salem,Oregon,West,Technology,Accessories,112.776,12,4
2017-12-18,First Class,Home Office,Salem,Oregon,West,Furniture,Tables,377.45,12,4
2017-12-18,First Class,Home Office,Salem,Oregon,West,Office Supplies,Labels,15.936,12,4
2017-12-18,First Class,Home Office,Salem,Oregon,West,Technology,Phones,28.68,12,4
2017-09-24,Standard Class,Home Office,Aurora,Colorado,West,Furniture,Furnishings,21.44,9,3
2017-07-21,Same Day,Corporate,Newark,Ohio,East,Office Supplies,Art,18.656,7,3
2017-07-21,Same Day,Corporate,Newark,Ohio,East,Office Supplies,Binders,11.088,7,3
2017-07-21,Same Day,Corporate,Newark,Ohio,East,Office Supplies,Storage,66.688,7,3
2017-07-21,Same Day,Corporate,Newark,Ohio,East,Office Supplies,Storage,99.488,7,3
2017-06-11,Standard Class,Consumer,Seattle,Washington,West,Office Supplies,Labels,14.62,6,2
2017-06-11,Standard Class,Consumer,Seattle,Washington,West,Office Supplies,Binders,53.984,6,2
2017-06-11,Standard Class,Consumer,Seattle,Washington,West,Technology,Accessories,389.97,6,2
2016-06-09,Second Class,Consumer,Pocatello,Idaho,West,Furniture,Furnishings,355.36,6,2
2016-06-09,Second Class,Consumer,Pocatello,Idaho,West,Technology,Phones,140.376,6,2
2018-10-27,Standard Class,Corporate,Dallas,Texas,Central,Office Supplies,Envelopes,15.84,10,4
2018-10-27,Standard Class,Corporate,Dallas,Texas,Central,Office Supplies,Paper,8.448,10,4
2017-01-22,Standard Class,Consumer,Seattle,Washington,West,Office Supplies,Paper,12.96,1,1
2015-05-28,Standard Class,Corporate,Seattle,Washington,West,Technology,Phones,57.408,5,2
2015-05-28,Standard Class,Corporate,Seattle,Washington,West,Technology,Accessories,27.6,5,2
2015-12-29,Standard Class,Consumer,Chicago,Illinois,Central,Furniture,Furnishings,38.976,12,4
2017-07-28,Standard Class,Home Office,Holland,Michigan,Central,Office Supplies,Fasteners,20.44,7,3
2017-07-28,Standard Class,Home Office,Holland,Michigan,Central,Office Supplies,Paper,109.92,7,3
2017-09-24,Standard Class,Consumer,Broken Arrow,Oklahoma,Central,Office Supplies,Binders,6.38,9,3
2017-09-24,Standard Class,Consumer,Broken Arrow,Oklahoma,Central,Office Supplies,Paper,6.48,9,3
2015-04-02,Standard Class,Consumer,Athens,Georgia,South,Office Supplies,Paper,15.84,4,2
2015-04-02,Standard Class,Consumer,Athens,Georgia,South,Office Supplies,Appliances,154.9,4,2
2016-11-05,Same Day,Consumer,Seattle,Washington,West,Office Supplies,Binders,98.352,11,4
2015-07-28,Same Day,Consumer,Apopka,Florida,South,Office Supplies,Fasteners,14.32,7,3
2015-07-28,Same Day,Consumer,Apopka,Florida,South,Furniture,Furnishings,129.888,7,3
2015-07-28,Same Day,Consumer,Apopka,Florida,South,Office Supplies,Envelopes,48.944,7,3
2016-12-26,Standard Class,Home Office,Houston,Texas,Central,Furniture,Chairs,275.058,12,4
2016-12-10,Standard Class,Corporate,Baltimore,Maryland,East,Office Supplies,Art,27.36,12,4
2016-12-10,Standard Class,Corporate,Baltimore,Maryland,East,Office Supplies,Paper,44.75,12,4
2016-12-10,Standard Class,Corporate,Baltimore,Maryland,East,Technology,Phones,134.99,12,4
2016-12-10,Standard Class,Corporate,Baltimore,Maryland,East,Office Supplies,Paper,26.4,12,4
2017-05-05,Second Class,Consumer,San Francisco,California,West,Furniture,Tables,71.088,5,2
2018-10-14,Standard Class,Home Office,Chicago,Illinois,Central,Office Supplies,Binders,27.396,10,4
2018-10-14,Standard Class,Home Office,Chicago,Illinois,Central,Office Supplies,Binders,13.456,10,4
2017-11-05,Same Day,Consumer,Laredo,Texas,Central,Office Supplies,Labels,11.84,11,4
2018-11-03,Standard Class,Consumer,San Francisco,California,West,Office Supplies,Paper,35.88,11,4
2017-11-24,First Class,Home Office,Cleveland,Ohio,East,Office Supplies,Envelopes,40.752,11,4
2017-11-24,First Class,Home Office,Cleveland,Ohio,East,Technology,Accessories,139.96,11,4
2015-12-14,Standard Class,Consumer,Marion,Ohio,East,Office Supplies,Art,2.624,12,4
2015-12-14,Standard Class,Consumer,Marion,Ohio,East,Furniture,Tables,136.53,12,4
2015-12-14,Standard Class,Consumer,Marion,Ohio,East,Technology,Accessories,263.96,12,4
2015-11-03,Standard Class,Consumer,Fairfield,Connecticut,East,Office Supplies,Supplies,11.64,11,4
2018-09-22,Second Class,Corporate,New York City,New York,East,Office Supplies,Binders,40.176,9,3
2016-05-08,Standard Class,Consumer,New York City,New York,East,Furniture,Furnishings,79.44,5,2
2016-05-08,Standard Class,Consumer,New York City,New York,East,Office Supplies,Supplies,357.93,5,2
2016-05-08,Standard Class,Consumer,New York City,New York,East,Furniture,Chairs,127.764,5,2
2016-05-08,Standard Class,Consumer,New York City,New York,East,Office Supplies,Paper,19.44,5,2
2018-07-31,Same Day,Consumer,Chicago,Illinois,Central,Technology,Phones,36.792,7,3
2015-03-01,Standard Class,Home Office,New York City,New York,East,Technology,Phones,5.94,3,1
2018-09-25,Standard Class,Consumer,Richmond,Virginia,South,Office Supplies,Storage,177.55,9,3
2016-10-09,Second Class,Corporate,Ann Arbor,Michigan,Central,Technology,Phones,29.16,10,4
2016-10-09,Second Class,Corporate,Ann Arbor,Michigan,Central,Office Supplies,Envelopes,57.96,10,4
2016-10-09,Second Class,Corporate,Ann Arbor,Michigan,Central,Office Supplies,Appliances,29.403,10,4
2018-03-29,Second Class,Consumer,Lafayette,Indiana,Central,Office Supplies,Storage,81.4,3,1
2016-11-14,First Class,Corporate,Springfield,Oregon,West,Office Supplies,Fasteners,8.72,11,4
2016-11-14,First Class,Corporate,Springfield,Oregon,West,Technology,Accessories,91.176,11,4
2016-11-14,First Class,Corporate,Springfield,Oregon,West,Technology,Accessories,159.968,11,4
2017-09-26,Standard Class,Corporate,San Francisco,California,West,Office Supplies,Paper,12.96,9,3
2015-09-22,Standard Class,Corporate,Chicago,Illinois,Central,Office Supplies,Storage,331.536,9,3
2018-12-08,Standard Class,Consumer,Madison,Wisconsin,Central,Technology,Accessories,178.11,12,4
2018-12-08,Standard Class,Consumer,Madison,Wisconsin,Central,Office Supplies,Labels,61.06,12,4
2018-12-08,Standard Class,Consumer,Madison,Wisconsin,Central,Furniture,Bookcases,459.92,12,4
2018-12-08,Standard Class,Consumer,Madison,Wisconsin,Central,Office Supplies,Paper,27.52,12,4
2018-06-29,First Class,Corporate,Milford,Connecticut,East,Office Supplies,Supplies,30.69,6,2
2018-06-29,First Class,Corporate,Milford,Connecticut,East,Furniture,Furnishings,25.16,6,2
2015-06-29,Standard Class,Consumer,New York City,New York,East,Office Supplies,Binders,13.92,6,2
2015-01-20,Standard Class,Consumer,Los Angeles,California,West,Office Supplies,Paper,19.36,1,1
2015-01-20,Standard Class,Consumer,Los Angeles,California,West,Furniture,Furnishings,19.3,1,1
2017-12-31,Standard Class,Consumer,San Francisco,California,West,Office Supplies,Binders,38.376,12,4
2018-03-28,First Class,Corporate,Fairfield,California,West,Office Supplies,Paper,12.96,3,1
2018-03-28,First Class,Corporate,Fairfield,California,West,Furniture,Furnishings,26.48,3,1
2018-03-28,First Class,Corporate,Fairfield,California,West,Office Supplies,Paper,26.72,3,1
2018-03-28,First Class,Corporate,Fairfield,California,West,Office Supplies,Paper,20.04,3,1
2018-03-28,First Class,Corporate,Fairfield,California,West,Furniture,Furnishings,21.56,3,1
2017-12-08,Standard Class,Consumer,Greenville,North Carolina,South,Technology,Phones,249.584,12,4
2017-12-08,Standard Class,Consumer,Greenville,North Carolina,South,Technology,Accessories,68.112,12,4
2017-12-08,Standard Class,Consumer,Greenville,North Carolina,South,Technology,Accessories,16.56,12,4
2018-11-18,Standard Class,Consumer,Long Beach,New York,East,Technology,Phones,74.95,11,4
2015-05-30,Standard Class,Consumer,Buffalo Grove,Illinois,Central,Furniture,Tables,355.455,5,2
2017-01-22,Standard Class,Consumer,San Diego,California,West,Office Supplies,Labels,44.4,1,1
2017-01-22,Standard Class,Consumer,San Diego,California,West,Office Supplies,Labels,20.65,1,1
2016-03-29,Second Class,Consumer,Springfield,Virginia,South,Office Supplies,Art,5.56,3,1
2015-10-14,Standard Class,Consumer,Fort Worth,Texas,Central,Office Supplies,Appliances,3.16,10,4
2016-08-11,Standard Class,Consumer,Raleigh,North Carolina,South,Furniture,Furnishings,46.152,8,3
2016-11-22,First Class,Consumer,Hialeah,Florida,South,Technology,Machines,32.985,11,4
2017-12-30,Same Day,Home Office,Los Angeles,California,West,Office Supplies,Storage,481.32,12,4
2017-12-30,Same Day,Home Office,Los Angeles,California,West,Office Supplies,Binders,6.384,12,4
2018-08-12,First Class,Consumer,Lake Forest,California,West,Furniture,Furnishings,54.92,8,3
2016-09-10,Second Class,Consumer,Seattle,Washington,West,Office Supplies,Storage,353.88,9,3
2015-11-08,Standard Class,Consumer,Redding,California,West,Technology,Phones,333.576,11,4
2017-10-08,Standard Class,Home Office,San Antonio,Texas,Central,Office Supplies,Labels,60.144,10,4
2018-09-08,Second Class,Corporate,Houston,Texas,Central,Technology,Accessories,85.2,9,3
2016-02-25,Standard Class,Consumer,Leominster,Massachusetts,East,Office Supplies,Labels,3.15,2,1
2016-02-25,Standard Class,Consumer,Leominster,Massachusetts,East,Office Supplies,Paper,22.72,2,1
2016-09-24,Standard Class,Corporate,Los Angeles,California,West,Furniture,Furnishings,14.91,9,3
2017-08-31,Standard Class,Consumer,Waco,Texas,Central,Office Supplies,Storage,23.968,8,3
2017-04-12,Standard Class,Consumer,Los Angeles,California,West,Office Supplies,Binders,13.208,4,2
2017-12-04,Standard Class,Consumer,Auburn,New York,East,Office Supplies,Binders,15.528,12,4
2017-12-04,Standard Class,Consumer,San Francisco,California,West,Office Supplies,Paper,104.85,12,4
2015-11-11,Standard Class,Consumer,Los Angeles,California,West,Office Supplies,Art,30.48,11,4
2015-11-11,Standard Class,Consumer,Los Angeles,California,West,Furniture,Chairs,112.648,11,4
2016-04-02,Standard Class,Consumer,Los Angeles,California,West,Technology,Machines,71.976,4,2
2016-12-12,Second Class,Consumer,Chico,California,West,Office Supplies,Art,2.21,12,4
2016-12-12,Second Class,Consumer,Chico,California,West,Office Supplies,Envelopes,15.52,12,4
2016-12-12,Second Class,Consumer,Chico,California,West,Office Supplies,Paper,36.44,12,4
2018-10-02,Standard Class,Consumer,Springfield,Oregon,West,Furniture,Bookcases,217.764,10,4
2018-10-02,Standard Class,Consumer,Springfield,Oregon,West,Office Supplies,Supplies,39.072,10,4
2018-10-02,Standard Class,Consumer,Springfield,Oregon,West,Office Supplies,Binders,22.638,10,4
2018-10-02,Standard Class,Consumer,Springfield,Oregon,West,Office Supplies,Art,95.144,10,4
2018-04-10,Second Class,Corporate,Jacksonville,Florida,South,Furniture,Furnishings,12.32,4,2
2018-04-10,Second Class,Corporate,Jacksonville,Florida,South,Office Supplies,Binders,4.419,4,2
2018-09-29,First Class,Consumer,Bakersfield,California,West,Office Supplies,Fasteners,35.0,9,3
2018-09-29,First Class,Consumer,Bakersfield,California,West,Furniture,Chairs,72.784,9,3
2018-09-29,First Class,Consumer,Bakersfield,California,West,Office Supplies,Appliances,97.84,9,3
2018-09-29,First Class,Consumer,Bakersfield,California,West,Furniture,Furnishings,51.75,9,3
2018-09-29,First Class,Consumer,Bakersfield,California,West,Office Supplies,Binders,46.672,9,3
2015-09-29,Second Class,Consumer,New York City,New York,East,Furniture,Furnishings,117.36,9,3
2015-09-29,Second Class,Consumer,New York City,New York,East,Office Supplies,Labels,18.9,9,3
2015-09-29,Second Class,Consumer,New York City,New York,East,Office Supplies,Paper,77.52,9,3
2015-08-20,Second Class,Consumer,Chicago,Illinois,Central,Furniture,Chairs,421.372,8,3
2015-07-11,First Class,Consumer,El Paso,Texas,Central,Office Supplies,Paper,10.368,7,3
2016-03-22,First Class,Consumer,Thousand Oaks,California,West,Technology,Phones,15.984,3,1
2018-05-12,Standard Class,Home Office,Springfield,Ohio,East,Office Supplies,Art,10.272,5,2
2018-11-13,Standard Class,Corporate,Dallas,Texas,Central,Office Supplies,Storage,61.792,11,4
2018-11-13,Standard Class,Corporate,Dallas,Texas,Central,Furniture,Bookcases,205.9992,11,4
2017-09-04,Second Class,Consumer,Knoxville,Tennessee,South,Office Supplies,Paper,12.192,9,3
2017-09-04,Second Class,Consumer,Knoxville,Tennessee,South,Office Supplies,Appliances,87.168,9,3
2017-09-04,Second Class,Consumer,Knoxville,Tennessee,South,Office Supplies,Art,31.744,9,3
2017-02-06,Standard Class,Corporate,Chattanooga,Tennessee,South,Furniture,Furnishings,132.224,2,1
2016-03-22,Standard Class,Corporate,San Diego,California,West,Office Supplies,Paper,105.52,3,1
2016-03-22,Standard Class,Corporate,San Diego,California,West,Furniture,Furnishings,91.96,3,1
2016-07-02,First Class,Home Office,New York City,New York,East,Office Supplies,Paper,19.44,7,3
2016-06-15,First Class,Consumer,Tampa,Florida,South,Technology,Accessories,11.672,6,2
2015-11-26,Same Day,Consumer,Utica,New York,East,Technology,Phones,279.96,11,4
2015-11-26,Same Day,Consumer,Utica,New York,East,Office Supplies,Binders,12.912,11,4
2015-11-26,Same Day,Consumer,Utica,New York,East,Office Supplies,Binders,17.088,11,4
2015-11-26,Same Day,Consumer,Utica,New York,East,Office Supplies,Labels,93.15,11,4
2015-11-26,Same Day,Consumer,Utica,New York,East,Office Supplies,Labels,11.52,11,4
2018-05-12,Standard Class,Corporate,San Francisco,California,West,Office Supplies,Supplies,238.62,5,2
2018-05-12,Standard Class,Corporate,San Francisco,California,West,Office Supplies,Appliances,7.77,5,2
2018-05-12,Standard Class,Corporate,San Francisco,California,West,Furniture,Tables,285.48,5,2
2018-05-12,Standard Class,Corporate,San Francisco,California,West,Office Supplies,Binders,19.168,5,2
2015-05-02,Same Day,Consumer,Columbus,Ohio,East,Office Supplies,Appliances,26.136,5,2
2018-09-03,Second Class,Home Office,New York City,New York,East,Office Supplies,Paper,419.4,9,3
2018-09-03,Second Class,Home Office,New York City,New York,East,Furniture,Chairs,90.801,9,3
2018-09-03,Second Class,Home Office,New York City,New York,East,Furniture,Chairs,181.764,9,3
2018-09-03,Second Class,Home Office,New York City,New York,East,Office Supplies,Art,5.56,9,3
2017-12-03,Standard Class,Consumer,Richmond,Indiana,Central,Furniture,Chairs,29.98,12,4
2017-07-21,Standard Class,Consumer,Concord,North Carolina,South,Office Supplies,Labels,6.264,7,3
2017-07-21,Standard Class,Consumer,Concord,North Carolina,South,Furniture,Chairs,363.92,7,3
2016-06-09,Standard Class,Consumer,Miami,Florida,South,Office Supplies,Binders,64.2,6,2
2016-06-09,Standard Class,Consumer,Miami,Florida,South,Office Supplies,Binders,38.52,6,2
2016-06-09,Standard Class,Consumer,Miami,Florida,South,Technology,Accessories,72.6,6,2
2018-11-27,Standard Class,Consumer,Los Angeles,California,West,Technology,Phones,57.568,11,4
2016-03-27,Standard Class,Consumer,Seattle,Washington,West,Office Supplies,Storage,83.7,3,1
2016-09-22,Second Class,Home Office,Arlington,Virginia,South,Office Supplies,Paper,32.4,9,3
2016-09-22,Second Class,Home Office,Arlington,Virginia,South,Furniture,Furnishings,47.98,9,3
2016-11-17,Standard Class,Consumer,San Diego,California,West,Technology,Phones,415.968,11,4
2016-11-17,Standard Class,Consumer,San Diego,California,West,Office Supplies,Storage,304.9,11,4
2016-11-17,Standard Class,Consumer,San Diego,California,West,Furniture,Furnishings,80.96,11,4
2016-11-17,Standard Class,Consumer,San Diego,California,West,Office Supplies,Paper,32.4,11,4
2016-11-17,Standard Class,Consumer,San Diego,California,West,Furniture,Chairs,225.568,11,4
2016-11-17,Standard Class,Consumer,San Diego,California,West,Furniture,Furnishings,36.6,11,4
2016-11-10,Standard Class,Home Office,Roseville,Minnesota,Central,Office Supplies,Binders,74.76,11,4
2016-11-10,Standard Class,Home Office,Roseville,Minnesota,Central,Furniture,Furnishings,29.22,11,4
2015-09-10,Standard Class,Home Office,Virginia Beach,Virginia,South,Office Supplies,Binders,9.64,9,3
2016-08-05,Standard Class,Corporate,Dallas,Texas,Central,Office Supplies,Storage,33.488,8,3
2016-08-05,Standard Class,Corporate,Dallas,Texas,Central,Office Supplies,Supplies,23.04,8,3
2016-08-05,Standard Class,Corporate,Dallas,Texas,Central,Office Supplies,Binders,1.362,8,3
2016-08-05,Standard Class,Corporate,Dallas,Texas,Central,Furniture,Furnishings,14.76,8,3
2018-09-03,Second Class,Consumer,Concord,California,West,Furniture,Bookcases,239.666,9,3
2016-11-01,Standard Class,Consumer,Conway,Arkansas,South,Furniture,Tables,301.96,11,4
2016-04-29,Second Class,Home Office,Philadelphia,Pennsylvania,East,Office Supplies,Paper,7.968,4,2
2017-05-01,Second Class,Consumer,Little Rock,Arkansas,South,Office Supplies,Paper,109.92,5,2
2017-05-01,Second Class,Consumer,Little Rock,Arkansas,South,Office Supplies,Paper,19.44,5,2
2017-05-01,Second Class,Consumer,Little Rock,Arkansas,South,Office Supplies,Art,11.16,5,2
2015-08-05,Second Class,Corporate,Meriden,Connecticut,East,Office Supplies,Appliances,79.47,8,3
2015-08-05,Second Class,Corporate,Meriden,Connecticut,East,Office Supplies,Art,4.56,8,3
2017-01-04,Standard Class,Corporate,Philadelphia,Pennsylvania,East,Office Supplies,Art,4.672,1,1
2017-01-04,Standard Class,Corporate,Philadelphia,Pennsylvania,East,Office Supplies,Binders,104.58,1,1
2017-09-24,Standard Class,Consumer,Bloomington,Indiana,Central,Furniture,Furnishings,127.95,9,3
2018-03-30,Standard Class,Home Office,Columbus,Georgia,South,Office Supplies,Storage,59.76,3,1
2018-06-04,Same Day,Home Office,Jonesboro,Arkansas,South,Office Supplies,Binders,108.08,6,2
2018-06-04,Same Day,Home Office,Jonesboro,Arkansas,South,Office Supplies,Binders,9.54,6,2
2016-04-07,First Class,Home Office,Philadelphia,Pennsylvania,East,Office Supplies,Art,11.736,4,2
2015-05-21,Standard Class,Home Office,Lawrence,Massachusetts,East,Office Supplies,Binders,447.86,5,2
2015-05-21,Standard Class,Home Office,Lawrence,Massachusetts,East,Office Supplies,Paper,17.94,5,2
2015-05-21,Standard Class,Home Office,Lawrence,Massachusetts,East,Office Supplies,Appliances,245.88,5,2
2017-09-05,Standard Class,Consumer,New York City,New York,East,Office Supplies,Paper,192.16,9,3
2017-09-18,Standard Class,Corporate,San Diego,California,West,Office Supplies,Paper,368.91,9,3
2017-03-13,Second Class,Corporate,San Francisco,California,West,Furniture,Furnishings,28.28,3,1
2015-10-16,Same Day,Consumer,San Francisco,California,West,Office Supplies,Binders,14.352,10,4
2015-10-16,Same Day,Consumer,San Francisco,California,West,Technology,Accessories,179.97,10,4
2018-10-08,First Class,Corporate,Cranston,Rhode Island,East,Office Supplies,Storage,42.76,10,4
2016-05-07,Standard Class,Consumer,Owensboro,Kentucky,South,Office Supplies,Paper,45.68,5,2
2017-04-14,First Class,Consumer,Baltimore,Maryland,East,Office Supplies,Binders,25.06,4,2
2017-11-21,Standard Class,Consumer,Chicago,Illinois,Central,Office Supplies,Paper,38.432,11,4
2017-11-21,Standard Class,Consumer,Chicago,Illinois,Central,Office Supplies,Storage,21.568,11,4
2017-11-21,Standard Class,Consumer,Chicago,Illinois,Central,Technology,Accessories,81.576,11,4
2018-09-10,Standard Class,Consumer,Atlanta,Georgia,South,Office Supplies,Binders,2.78,9,3
2018-09-09,Standard Class,Corporate,Los Angeles,California,West,Office Supplies,Storage,99.87,9,3
2015-11-01,Standard Class,Home Office,Los Angeles,California,West,Office Supplies,Labels,44.4,11,4
2015-11-01,Standard Class,Home Office,Los Angeles,California,West,Office Supplies,Paper,21.4,11,4
2017-04-03,Standard Class,Consumer,Richmond,Indiana,Central,Furniture,Furnishings,71.12,4,2
2017-04-03,Standard Class,Consumer,Richmond,Indiana,Central,Technology,Phones,259.96,4,2
2018-01-12,Standard Class,Corporate,San Francisco,California,West,Office Supplies,Envelopes,9.78,1,1
2016-11-20,Standard Class,Home Office,San Francisco,California,West,Office Supplies,Binders,24.192,11,4
2017-11-27,Standard Class,Corporate,Westfield,New Jersey,East,Furniture,Furnishings,31.56,11,4
2018-11-06,Same Day,Home Office,San Francisco,California,West,Office Supplies,Paper,59.94,11,4
2018-11-06,Same Day,Home Office,San Francisco,California,West,Office Supplies,Paper,45.36,11,4
2018-11-06,Same Day,Home Office,San Francisco,California,West,Office Supplies,Paper,26.4,11,4
2018-11-06,Same Day,Home Office,San Francisco,California,West,Office Supplies,Labels,41.4,11,4
2018-11-06,Same Day,Home Office,San Francisco,California,West,Technology,Accessories,16.95,11,4
2017-12-02,Standard Class,Corporate,San Jose,California,West,Office Supplies,Binders,24.704,12,4
2017-12-02,Standard Class,Corporate,San Jose,California,West,Office Supplies,Appliances,59.7,12,4
2017-12-02,Standard Class,Corporate,San Jose,California,West,Furniture,Furnishings,14.52,12,4
2017-12-02,Standard Class,Corporate,San Jose,California,West,Office Supplies,Binders,104.184,12,4
2017-12-17,Standard Class,Home Office,Seattle,Washington,West,Office Supplies,Storage,46.53,12,4
2015-08-24,Second Class,Corporate,Owensboro,Kentucky,South,Office Supplies,Supplies,25.5,8,3
2016-09-17,Standard Class,Consumer,New York City,New York,East,Office Supplies,Storage,14.9,9,3
2016-09-17,Standard Class,Consumer,New York City,New York,East,Office Supplies,Labels,87.71,9,3
2016-09-17,Standard Class,Consumer,New York City,New York,East,Furniture,Chairs,199.764,9,3
2016-09-17,Standard Class,Consumer,New York City,New York,East,Office Supplies,Storage,94.6,9,3
2016-09-17,Standard Class,Consumer,New York City,New York,East,Technology,Phones,209.97,9,3
2016-09-17,Standard Class,Consumer,New York City,New York,East,Office Supplies,Paper,110.96,9,3
2016-09-17,Standard Class,Consumer,New York City,New York,East,Technology,Phones,67.8,9,3
2017-11-26,Second Class,Corporate,New York City,New York,East,Furniture,Tables,313.176,11,4
2018-11-19,Second Class,Consumer,Springfield,Virginia,South,Office Supplies,Art,22.96,11,4
2015-10-11,Standard Class,Corporate,Fayetteville,Arkansas,South,Office Supplies,Labels,7.31,10,4
2015-10-11,Standard Class,Corporate,Fayetteville,Arkansas,South,Furniture,Furnishings,8.92,10,4
2018-07-07,First Class,Consumer,Philadelphia,Pennsylvania,East,Furniture,Bookcases,87.21,7,3
2018-07-07,First Class,Consumer,Philadelphia,Pennsylvania,East,Office Supplies,Paper,15.552,7,3
2018-07-07,First Class,Consumer,Philadelphia,Pennsylvania,East,Office Supplies,Storage,13.392,7,3
2018-07-07,First Class,Consumer,Philadelphia,Pennsylvania,East,Technology,Accessories,16.776,7,3
2017-07-04,Same Day,Home Office,Seattle,Washington,West,Furniture,Furnishings,25.4,7,3
2017-07-04,Same Day,Home Office,Seattle,Washington,West,Technology,Phones,177.48,7,3
2017-07-04,Same Day,Home Office,Seattle,Washington,West,Technology,Phones,71.976,7,3
2018-05-19,Standard Class,Consumer,Plano,Texas,Central,Technology,Phones,95.992,5,2
2018-05-19,Standard Class,Consumer,Plano,Texas,Central,Office Supplies,Labels,13.216,5,2
2018-10-12,Second Class,Consumer,Los Angeles,California,West,Technology,Accessories,435.84,10,4
2018-10-12,Second Class,Consumer,Los Angeles,California,West,Office Supplies,Art,5.88,10,4
2017-08-06,Standard Class,Consumer,Los Angeles,California,West,Technology,Phones,211.168,8,3
2015-08-25,Standard Class,Corporate,Los Angeles,California,West,Furniture,Furnishings,6.28,8,3
2015-08-25,Standard Class,Corporate,Los Angeles,California,West,Technology,Accessories,95.1,8,3
2015-08-25,Standard Class,Corporate,Los Angeles,California,West,Office Supplies,Paper,25.92,8,3
2015-08-25,Standard Class,Corporate,Los Angeles,California,West,Office Supplies,Storage,48.84,8,3
2016-09-14,Second Class,Home Office,Des Moines,Iowa,Central,Office Supplies,Binders,25.9,9,3
2018-03-05,Same Day,Corporate,Southaven,Mississippi,South,Office Supplies,Envelopes,42.68,3,1
2018-03-05,Same Day,Corporate,Southaven,Mississippi,South,Technology,Accessories,299.97,3,1
2018-03-05,Same Day,Corporate,Southaven,Mississippi,South,Office Supplies,Appliances,262.24,3,1
2018-03-05,Same Day,Corporate,Southaven,Mississippi,South,Office Supplies,Binders,234.36,3,1
2018-04-15,Standard Class,Home Office,Houston,Texas,Central,Office Supplies,Paper,20.736,4,2
2015-03-30,First Class,Corporate,New York City,New York,East,Office Supplies,Art,10.5,3,1
2015-11-11,Second Class,Corporate,Reading,Pennsylvania,East,Furniture,Furnishings,23.968,11,4
2017-03-12,Second Class,Corporate,San Francisco,California,West,Office Supplies,Appliances,154.9,3,1
2017-03-12,Second Class,Corporate,San Francisco,California,West,Office Supplies,Envelopes,30.56,3,1
2018-02-09,Second Class,Corporate,Los Angeles,California,West,Furniture,Furnishings,21.12,2,1
2015-11-11,Second Class,Home Office,Los Angeles,California,West,Office Supplies,Appliances,7.78,11,4
2015-11-11,Second Class,Home Office,Los Angeles,California,West,Office Supplies,Paper,123.92,11,4
2018-08-20,Standard Class,Corporate,San Francisco,California,West,Office Supplies,Supplies,17.22,8,3
2018-08-20,Standard Class,Corporate,San Francisco,California,West,Office Supplies,Storage,226.56,8,3
2018-08-20,Standard Class,Corporate,San Francisco,California,West,Technology,Phones,107.88,8,3
2017-01-15,First Class,Home Office,New York City,New York,East,Office Supplies,Paper,81.98,1,1
2015-07-20,First Class,Consumer,San Diego,California,West,Office Supplies,Paper,104.85,7,3
2015-07-20,First Class,Consumer,San Diego,California,West,Office Supplies,Binders,8.704,7,3
2015-07-20,First Class,Consumer,San Diego,California,West,Office Supplies,Paper,19.92,7,3
2015-07-20,First Class,Consumer,San Diego,California,West,Furniture,Furnishings,43.02,7,3
2018-02-06,Standard Class,Consumer,New York City,New York,East,Furniture,Bookcases,240.784,2,1
2016-12-25,Standard Class,Home Office,New York City,New York,East,Office Supplies,Appliances,414.96,12,4
2017-10-08,Standard Class,Consumer,Charlotte,North Carolina,South,Office Supplies,Storage,387.72,10,4
2018-07-13,Standard Class,Corporate,Overland Park,Kansas,Central,Office Supplies,Storage,360.38,7,3
2018-07-13,Standard Class,Corporate,Overland Park,Kansas,Central,Office Supplies,Paper,13.56,7,3
2015-09-07,Standard Class,Home Office,Tulsa,Oklahoma,Central,Furniture,Tables,429.9,9,3
2015-09-07,Standard Class,Home Office,Tulsa,Oklahoma,Central,Office Supplies,Binders,32.06,9,3
2015-09-07,Standard Class,Home Office,Tulsa,Oklahoma,Central,Furniture,Chairs,161.96,9,3
2015-09-07,Standard Class,Home Office,Tulsa,Oklahoma,Central,Office Supplies,Storage,19.86,9,3
2017-11-21,Standard Class,Consumer,New York City,New York,East,Office Supplies,Paper,12.96,11,4
2018-09-16,Second Class,Consumer,Philadelphia,Pennsylvania,East,Office Supplies,Paper,20.544,9,3
2017-07-19,Standard Class,Consumer,Hattiesburg,Mississippi,South,Furniture,Furnishings,185.58,7,3
2017-07-19,Standard Class,Consumer,Hattiesburg,Mississippi,South,Office Supplies,Binders,77.56,7,3
2017-07-19,Standard Class,Consumer,Hattiesburg,Mississippi,South,Office Supplies,Storage,87.92,7,3
2017-07-19,Standard Class,Consumer,Hattiesburg,Mississippi,South,Office Supplies,Paper,245.94,7,3
2017-07-19,Standard Class,Consumer,Hattiesburg,Mississippi,South,Office Supplies,Binders,8.6,7,3
2018-09-15,Standard Class,Consumer,Los Angeles,California,West,Technology,Phones,369.544,9,3
2018-09-15,Standard Class,Consumer,Los Angeles,California,West,Furniture,Chairs,184.752,9,3
2017-12-11,Same Day,Corporate,Columbus,Ohio,East,Office Supplies,Storage,64.96,12,4
2017-12-11,Same Day,Corporate,Columbus,Ohio,East,Office Supplies,Supplies,13.52,12,4
2017-12-11,Same Day,Corporate,Columbus,Ohio,East,Furniture,Chairs,458.43,12,4
2017-12-11,Same Day,Corporate,Columbus,Ohio,East,Office Supplies,Appliances,387.136,12,4
2017-12-11,Same Day,Corporate,Columbus,Ohio,East,Furniture,Tables,328.59,12,4
2015-12-10,Standard Class,Corporate,Caldwell,Idaho,West,Furniture,Chairs,338.352,12,4
2015-12-10,Standard Class,Corporate,Caldwell,Idaho,West,Office Supplies,Paper,25.92,12,4
2015-12-10,Standard Class,Corporate,Caldwell,Idaho,West,Office Supplies,Paper,91.36,12,4
2015-12-13,Standard Class,Corporate,Phoenix,Arizona,West,Furniture,Furnishings,87.96,12,4
2015-12-13,Standard Class,Corporate,Phoenix,Arizona,West,Office Supplies,Binders,5.214,12,4
2018-09-21,Standard Class,Consumer,Miami,Florida,South,Office Supplies,Binders,12.294,9,3
2018-09-07,Standard Class,Consumer,Los Angeles,California,West,Furniture,Furnishings,19.76,9,3
2016-11-02,Standard Class,Consumer,Troy,New York,East,Furniture,Chairs,109.764,11,4
2018-12-11,Standard Class,Corporate,New Bedford,Massachusetts,East,Technology,Phones,128.85,12,4
2018-04-01,First Class,Corporate,Florence,South Carolina,South,Furniture,Furnishings,127.95,4,2
2016-12-30,Standard Class,Consumer,Los Angeles,California,West,Office Supplies,Paper,68.52,12,4
2016-12-30,Standard Class,Consumer,Los Angeles,California,West,Office Supplies,Storage,74.94,12,4
2016-12-30,Standard Class,Consumer,Los Angeles,California,West,Office Supplies,Envelopes,271.44,12,4
2016-12-30,Standard Class,Consumer,Los Angeles,California,West,Technology,Phones,287.88,12,4
2017-03-10,First Class,Home Office,Los Angeles,California,West,Office Supplies,Paper,14.9,3,1
2015-04-06,Standard Class,Corporate,Los Angeles,California,West,Furniture,Furnishings,91.96,4,2
2015-04-06,Standard Class,Corporate,Los Angeles,California,West,Furniture,Furnishings,33.11,4,2
2015-04-06,Standard Class,Corporate,Los Angeles,California,West,Office Supplies,Paper,19.44,4,2
2015-04-06,Standard Class,Corporate,Los Angeles,California,West,Office Supplies,Paper,55.48,4,2
2015-10-05,Second Class,Consumer,Columbus,Ohio,East,Office Supplies,Appliances,91.92,10,4
2017-08-13,Same Day,Consumer,Kenner,Louisiana,South,Office Supplies,Appliances,17.34,8,3
2017-08-13,Same Day,Consumer,Kenner,Louisiana,South,Technology,Accessories,71.98,8,3
2015-11-17,Standard Class,Consumer,Cedar Hill,Texas,Central,Office Supplies,Envelopes,7.08,11,4
2018-04-24,First Class,Corporate,Providence,Rhode Island,East,Technology,Accessories,69.98,4,2
2018-08-24,Second Class,Consumer,Lancaster,Ohio,East,Office Supplies,Paper,10.368,8,3
2018-02-23,Standard Class,Corporate,Seattle,Washington,West,Office Supplies,Fasteners,8.4,2,1
2018-02-23,Standard Class,Corporate,Seattle,Washington,West,Technology,Phones,71.96,2,1
2017-11-19,First Class,Consumer,Jacksonville,North Carolina,South,Office Supplies,Art,18.48,11,4
2017-11-14,First Class,Consumer,Los Angeles,California,West,Office Supplies,Art,9.84,11,4
2018-07-06,Same Day,Consumer,Miami,Florida,South,Furniture,Chairs,239.24,7,3
2017-12-25,Standard Class,Corporate,Nashua,New Hampshire,East,Furniture,Furnishings,21.12,12,4
2018-04-23,First Class,Consumer,New York City,New York,East,Office Supplies,Supplies,54.9,4,2
2016-12-14,Standard Class,Home Office,Los Angeles,California,West,Furniture,Furnishings,15.24,12,4
2016-04-19,Standard Class,Consumer,Carrollton,Texas,Central,Office Supplies,Appliances,19.568,4,2
2016-04-19,Standard Class,Consumer,Carrollton,Texas,Central,Office Supplies,Binders,310.392,4,2
2017-09-04,Standard Class,Consumer,Georgetown,Kentucky,South,Furniture,Furnishings,42.6,9,3
2017-09-04,Standard Class,Consumer,Georgetown,Kentucky,South,Office Supplies,Binders,113.94,9,3
2017-09-04,Standard Class,Consumer,Georgetown,Kentucky,South,Office Supplies,Storage,129.92,9,3
2017-09-04,Standard Class,Consumer,Georgetown,Kentucky,South,Office Supplies,Art,5.28,9,3
2017-02-04,Standard Class,Consumer,Sierra Vista,Arizona,West,Furniture,Furnishings,14.368,2,1
2018-05-19,Second Class,Corporate,Knoxville,Tennessee,South,Furniture,Chairs,314.352,5,2
2018-05-19,Second Class,Corporate,Knoxville,Tennessee,South,Office Supplies,Paper,27.888,5,2
2016-09-03,Standard Class,Corporate,Tucson,Arizona,West,Furniture,Furnishings,238.152,9,3
2016-11-07,Standard Class,Corporate,Miami,Florida,South,Office Supplies,Binders,16.146,11,4
2017-06-15,First Class,Consumer,Houston,Texas,Central,Office Supplies,Paper,173.488,6,2
2016-04-25,Standard Class,Consumer,Milwaukee,Wisconsin,Central,Office Supplies,Art,57.75,4,2
2016-04-25,Standard Class,Consumer,Milwaukee,Wisconsin,Central,Office Supplies,Appliances,272.4,4,2
2017-09-23,Second Class,Home Office,Lancaster,Ohio,East,Office Supplies,Paper,11.952,9,3
2017-09-23,Second Class,Home Office,Lancaster,Ohio,East,Furniture,Furnishings,28.0,9,3
2017-09-23,Second Class,Home Office,Lancaster,Ohio,East,Office Supplies,Binders,12.201,9,3
2017-08-18,First Class,Consumer,Edinburg,Texas,Central,Office Supplies,Binders,2.068,8,3
2017-08-18,First Class,Consumer,Edinburg,Texas,Central,Office Supplies,Paper,83.84,8,3
2015-03-02,Standard Class,Home Office,New York City,New York,East,Office Supplies,Envelopes,11.36,3,1
2015-03-02,Standard Class,Home Office,New York City,New York,East,Office Supplies,Paper,36.4,3,1
2015-12-30,Standard Class,Consumer,Philadelphia,Pennsylvania,East,Technology,Accessories,27.968,12,4
2016-04-10,Standard Class,Home Office,Rochester,New York,East,Office Supplies,Storage,142.04,4,2
2016-04-10,Standard Class,Home Office,Rochester,New York,East,Office Supplies,Art,14.67,4,2
2016-12-25,Second Class,Consumer,San Diego,California,West,Office Supplies,Paper,12.6,12,4
2016-12-25,Second Class,Consumer,San Diego,California,West,Office Supplies,Paper,17.94,12,4
2016-04-05,First Class,Consumer,Philadelphia,Pennsylvania,East,Office Supplies,Labels,23.904,4,2
2016-01-17,Standard Class,Consumer,Bartlett,Tennessee,South,Office Supplies,Supplies,88.96,1,1
2018-05-20,Standard Class,Home Office,Lakewood,California,West,Furniture,Furnishings,6.98,5,2
2018-05-20,Standard Class,Home Office,Lakewood,California,West,Technology,Machines,343.2,5,2
2018-08-13,Standard Class,Corporate,Philadelphia,Pennsylvania,East,Office Supplies,Labels,17.544,8,3
2016-12-31,Standard Class,Consumer,Austin,Texas,Central,Office Supplies,Storage,152.688,12,4
2016-12-31,Standard Class,Consumer,Austin,Texas,Central,Office Supplies,Fasteners,3.488,12,4
2016-12-31,Standard Class,Consumer,Austin,Texas,Central,Office Supplies,Supplies,5.888,12,4
2018-12-25,Standard Class,Corporate,Los Angeles,California,West,Office Supplies,Binders,153.552,12,4
2018-12-25,Standard Class,Corporate,Los Angeles,California,West,Office Supplies,Storage,270.62,12,4
2017-09-01,Standard Class,Consumer,New York City,New York,East,Technology,Accessories,468.9,9,3
2017-09-01,Standard Class,Consumer,New York City,New York,East,Technology,Accessories,72.48,9,3
2017-09-01,Standard Class,Consumer,New York City,New York,East,Office Supplies,Supplies,10.95,9,3
2017-09-01,Standard Class,Consumer,New York City,New York,East,Furniture,Furnishings,191.82,9,3
2018-08-05,First Class,Home Office,Houston,Texas,Central,Office Supplies,Storage,151.056,8,3
2015-02-18,Same Day,Consumer,Lubbock,Texas,Central,Furniture,Furnishings,25.16,2,1
2017-11-22,Standard Class,Consumer,Houston,Texas,Central,Office Supplies,Binders,6.216,11,4
2017-11-22,Standard Class,Consumer,Houston,Texas,Central,Office Supplies,Art,23.616,11,4
2017-11-22,Standard Class,Consumer,Houston,Texas,Central,Technology,Accessories,24.032,11,4
2017-11-22,Standard Class,Consumer,Houston,Texas,Central,Office Supplies,Labels,2.088,11,4
2017-11-22,Standard Class,Consumer,Houston,Texas,Central,Office Supplies,Binders,4.488,11,4
2016-12-14,Standard Class,Consumer,Costa Mesa,California,West,Furniture,Furnishings,29.22,12,4
2016-06-13,Standard Class,Corporate,Roswell,Georgia,South,Office Supplies,Paper,6.48,6,2
2018-12-28,Second Class,Corporate,Loveland,Colorado,West,Office Supplies,Binders,1.188,12,4
2018-09-20,Standard Class,Consumer,New York City,New York,East,Furniture,Chairs,272.646,9,3
2018-09-20,Standard Class,Consumer,New York City,New York,East,Technology,Accessories,212.8,9,3
2018-09-20,Standard Class,Consumer,New York City,New York,East,Office Supplies,Paper,38.52,9,3
2018-09-20,Standard Class,Consumer,New York City,New York,East,Technology,Accessories,72.64,9,3
2018-09-20,Standard Class,Consumer,New York City,New York,East,Office Supplies,Storage,45.4,9,3
2018-09-20,Standard Class,Consumer,New York City,New York,East,Office Supplies,Paper,13.76,9,3
2018-09-20,Standard Class,Consumer,New York City,New York,East,Furniture,Chairs,80.991,9,3
2018-09-20,Standard Class,Consumer,New York City,New York,East,Office Supplies,Binders,11.784,9,3
2018-09-20,Standard Class,Consumer,New York City,New York,East,Office Supplies,Fasteners,4.36,9,3
2018-09-20,Standard Class,Consumer,New York City,New York,East,Technology,Phones,104.85,9,3
2018-09-20,Standard Class,Consumer,New York City,New York,East,Technology,Accessories,59.97,9,3
2018-08-22,First Class,Home Office,Philadelphia,Pennsylvania,East,Furniture,Tables,314.532,8,3
2016-06-18,Standard Class,Corporate,Miami,Florida,South,Office Supplies,Art,13.632,6,2
2015-12-20,Standard Class,Consumer,Grand Prairie,Texas,Central,Office Supplies,Appliances,19.432,12,4
2015-12-20,Standard Class,Consumer,Grand Prairie,Texas,Central,Technology,Accessories,65.44,12,4
2017-09-11,Standard Class,Consumer,Chicago,Illinois,Central,Office Supplies,Labels,6.0,9,3
2017-09-11,Standard Class,Consumer,Chicago,Illinois,Central,Office Supplies,Binders,1.908,9,3
2017-11-12,Standard Class,Consumer,Parma,Ohio,East,Office Supplies,Appliances,110.096,11,4
2017-11-12,Standard Class,Consumer,Parma,Ohio,East,Office Supplies,Fasteners,16.752,11,4
2017-11-12,Standard Class,Consumer,Parma,Ohio,East,Furniture,Chairs,449.372,11,4
2017-03-14,Standard Class,Corporate,Redwood City,California,West,Office Supplies,Binders,41.904,3,1
2017-11-13,Standard Class,Home Office,New York City,New York,East,Office Supplies,Labels,14.94,11,4
2018-09-19,Standard Class,Corporate,Springfield,Oregon,West,Technology,Phones,191.976,9,3
2018-09-19,Standard Class,Corporate,Springfield,Oregon,West,Office Supplies,Art,23.832,9,3
2018-09-19,Standard Class,Corporate,Springfield,Oregon,West,Furniture,Furnishings,409.216,9,3
2018-09-19,Standard Class,Corporate,Springfield,Oregon,West,Furniture,Bookcases,72.588,9,3
2018-12-04,Standard Class,Consumer,Chicago,Illinois,Central,Office Supplies,Storage,61.568,12,4
2016-08-31,Standard Class,Home Office,Bedford,Texas,Central,Office Supplies,Paper,20.96,8,3
2018-06-03,Standard Class,Corporate,Los Angeles,California,West,Technology,Accessories,44.75,6,2
2018-06-03,Standard Class,Corporate,Los Angeles,California,West,Office Supplies,Paper,11.96,6,2
2018-06-03,Standard Class,Corporate,Los Angeles,California,West,Office Supplies,Binders,3.912,6,2
2017-03-31,Standard Class,Consumer,New York City,New York,East,Furniture,Chairs,327.996,3,1
2015-10-25,First Class,Corporate,San Francisco,California,West,Office Supplies,Binders,49.408,10,4
2018-03-26,Standard Class,Home Office,Virginia Beach,Virginia,South,Technology,Accessories,53.25,3,1
2018-03-26,Standard Class,Home Office,Virginia Beach,Virginia,South,Office Supplies,Fasteners,3.76,3,1
2018-09-15,Standard Class,Consumer,Lebanon,Tennessee,South,Office Supplies,Paper,163.96,9,3
2017-08-16,First Class,Corporate,Los Angeles,California,West,Furniture,Tables,161.28,8,3
2017-11-04,Same Day,Consumer,Chula Vista,California,West,Office Supplies,Art,192.8,11,4
2016-10-18,Standard Class,Home Office,Mcallen,Texas,Central,Technology,Accessories,27.696,10,4
2016-10-18,Standard Class,Home Office,Mcallen,Texas,Central,Office Supplies,Appliances,73.164,10,4
2017-10-31,Second Class,Consumer,Hollywood,Florida,South,Office Supplies,Paper,32.064,10,4
2015-03-30,Standard Class,Consumer,San Francisco,California,West,Furniture,Bookcases,205.666,3,1
2016-04-18,First Class,Consumer,Santa Maria,California,West,Office Supplies,Storage,115.44,4,2
2018-07-09,Standard Class,Consumer,Manchester,Connecticut,East,Office Supplies,Paper,274.8,7,3
2018-07-09,Standard Class,Consumer,Manchester,Connecticut,East,Office Supplies,Storage,195.64,7,3
2018-07-09,Standard Class,Consumer,Manchester,Connecticut,East,Technology,Phones,257.98,7,3
2018-07-09,Standard Class,Consumer,Manchester,Connecticut,East,Office Supplies,Art,119.04,7,3
2018-06-27,Standard Class,Consumer,Omaha,Nebraska,Central,Office Supplies,Paper,20.07,6,2
2015-12-22,Standard Class,Consumer,San Jose,California,West,Office Supplies,Art,11.76,12,4
2018-11-21,Standard Class,Corporate,San Francisco,California,West,Office Supplies,Art,11.76,11,4
2018-11-21,Standard Class,Corporate,San Francisco,California,West,Office Supplies,Binders,40.736,11,4
2017-06-27,Second Class,Consumer,San Francisco,California,West,Technology,Phones,201.584,6,2
2018-12-28,First Class,Corporate,Long Beach,California,West,Furniture,Chairs,340.704,12,4
2017-04-08,First Class,Consumer,Columbus,Georgia,South,Furniture,Bookcases,354.9,4,2
2018-07-03,Standard Class,Consumer,Los Angeles,California,West,Office Supplies,Storage,87.92,7,3
2018-04-20,First Class,Corporate,Philadelphia,Pennsylvania,East,Furniture,Furnishings,51.968,4,2
2018-04-20,First Class,Corporate,Philadelphia,Pennsylvania,East,Office Supplies,Storage,51.336,4,2
2018-04-20,First Class,Corporate,Philadelphia,Pennsylvania,East,Office Supplies,Storage,332.704,4,2
2018-04-20,First Class,Corporate,Philadelphia,Pennsylvania,East,Furniture,Furnishings,42.408,4,2
2017-08-03,Second Class,Consumer,Tulsa,Oklahoma,Central,Office Supplies,Envelopes,81.54,8,3
2017-08-03,Second Class,Consumer,Tulsa,Oklahoma,Central,Technology,Accessories,167.28,8,3
2015-03-19,First Class,Corporate,Lakeland,Florida,South,Technology,Phones,323.976,3,1
2015-03-19,First Class,Corporate,Lakeland,Florida,South,Office Supplies,Labels,11.808,3,1
2015-03-19,First Class,Corporate,Lakeland,Florida,South,Office Supplies,Storage,26.16,3,1
2015-03-19,First Class,Corporate,Lakeland,Florida,South,Office Supplies,Binders,33.57,3,1
2015-03-19,First Class,Corporate,Lakeland,Florida,South,Furniture,Furnishings,4.992,3,1
2015-03-19,First Class,Corporate,Lakeland,Florida,South,Furniture,Furnishings,20.016,3,1
2015-03-19,First Class,Corporate,Lakeland,Florida,South,Technology,Accessories,170.24,3,1
2016-04-20,Standard Class,Consumer,Houston,Texas,Central,Office Supplies,Paper,117.456,4,2
2016-09-19,Second Class,Corporate,Los Angeles,California,West,Office Supplies,Paper,22.96,9,3
2015-08-27,Second Class,Consumer,Springfield,Virginia,South,Office Supplies,Paper,13.36,8,3
2017-12-19,Second Class,Corporate,New York City,New York,East,Office Supplies,Binders,34.248,12,4
2017-12-19,Second Class,Corporate,New York City,New York,East,Office Supplies,Art,3.52,12,4
2015-08-02,Standard Class,Home Office,Springfield,Missouri,Central,Office Supplies,Binders,26.7,8,3
2015-08-02,Standard Class,Home Office,Springfield,Missouri,Central,Technology,Accessories,21.2,8,3
2016-09-21,Standard Class,Consumer,Columbia,South Carolina,South,Office Supplies,Storage,85.96,9,3
2016-09-21,Standard Class,Consumer,Columbia,South Carolina,South,Office Supplies,Envelopes,121.96,9,3
2016-09-21,Standard Class,Consumer,Columbia,South Carolina,South,Office Supplies,Paper,23.92,9,3
2016-09-21,Standard Class,Consumer,Columbia,South Carolina,South,Office Supplies,Storage,63.96,9,3
2016-09-21,Standard Class,Consumer,Columbia,South Carolina,South,Technology,Phones,113.73,9,3
2016-09-21,Standard Class,Consumer,Columbia,South Carolina,South,Office Supplies,Binders,14.6,9,3
2017-12-11,First Class,Home Office,Portland,Oregon,West,Furniture,Chairs,403.92,12,4
2016-08-07,Standard Class,Consumer,Philadelphia,Pennsylvania,East,Office Supplies,Art,106.8,8,3
2016-11-15,First Class,Corporate,New York City,New York,East,Office Supplies,Storage,70.95,11,4
2016-11-15,First Class,Corporate,New York City,New York,East,Office Supplies,Binders,34.944,11,4
2016-11-15,First Class,Corporate,New York City,New York,East,Office Supplies,Art,119.04,11,4
2018-04-04,Standard Class,Consumer,Des Plaines,Illinois,Central,Technology,Phones,383.84,4,2
2018-12-13,Same Day,Consumer,Seattle,Washington,West,Office Supplies,Storage,31.44,12,4
2018-12-22,Standard Class,Consumer,Houston,Texas,Central,Office Supplies,Paper,25.92,12,4
2018-12-22,Standard Class,Consumer,Houston,Texas,Central,Office Supplies,Binders,6.33,12,4
2018-12-22,Standard Class,Consumer,Houston,Texas,Central,Office Supplies,Paper,75.88,12,4
2018-10-21,Standard Class,Consumer,Philadelphia,Pennsylvania,East,Technology,Phones,329.988,10,4
2018-10-21,Standard Class,Consumer,Philadelphia,Pennsylvania,East,Office Supplies,Storage,71.376,10,4
2016-11-13,Standard Class,Consumer,Columbus,Indiana,Central,Office Supplies,Paper,63.77,11,4
2016-11-13,Standard Class,Consumer,Columbus,Indiana,Central,Technology,Phones,50.97,11,4
2016-11-13,Standard Class,Consumer,Columbus,Indiana,Central,Office Supplies,Paper,96.08,11,4
2016-04-16,Standard Class,Consumer,Evanston,Illinois,Central,Technology,Accessories,43.56,4,2
2017-10-21,Standard Class,Consumer,Columbus,Ohio,East,Technology,Phones,235.152,10,4
2018-12-01,First Class,Home Office,Marion,Ohio,East,Furniture,Furnishings,7.712,12,4
2017-10-20,Second Class,Consumer,Houston,Texas,Central,Office Supplies,Paper,51.016,10,4
2017-10-20,Second Class,Consumer,Houston,Texas,Central,Office Supplies,Fasteners,25.248,10,4
2017-10-20,Second Class,Consumer,Houston,Texas,Central,Furniture,Chairs,56.686,10,4
2018-09-29,Standard Class,Corporate,Marion,Ohio,East,Office Supplies,Storage,51.168,9,3
2018-08-18,Standard Class,Corporate,Seattle,Washington,West,Furniture,Furnishings,65.94,8,3
2018-11-12,Second Class,Consumer,Longview,Washington,West,Office Supplies,Fasteners,18.24,11,4
2018-11-12,Second Class,Consumer,Longview,Washington,West,Office Supplies,Appliances,76.12,11,4
2015-10-11,Standard Class,Consumer,Redondo Beach,California,West,Office Supplies,Envelopes,7.64,10,4
2016-11-28,Standard Class,Corporate,New York City,New York,East,Furniture,Furnishings,68.16,11,4
2016-11-28,Standard Class,Corporate,New York City,New York,East,Office Supplies,Envelopes,62.24,11,4
2016-07-27,Standard Class,Consumer,Louisville,Kentucky,South,Technology,Phones,29.97,7,3
2017-10-20,Standard Class,Consumer,Trenton,Michigan,Central,Technology,Phones,125.7,10,4
2017-10-20,Standard Class,Consumer,Trenton,Michigan,Central,Technology,Phones,191.98,10,4
2017-10-20,Standard Class,Consumer,Trenton,Michigan,Central,Office Supplies,Storage,20.86,10,4
2018-09-14,Second Class,Consumer,Los Angeles,California,West,Office Supplies,Labels,56.7,9,3
2018-12-23,Standard Class,Consumer,Hendersonville,Tennessee,South,Furniture,Furnishings,72.704,12,4
2018-12-23,Standard Class,Consumer,Hendersonville,Tennessee,South,Office Supplies,Art,12.264,12,4
2018-12-23,Standard Class,Consumer,Hendersonville,Tennessee,South,Office Supplies,Storage,218.352,12,4
2016-10-05,Standard Class,Consumer,Portland,Oregon,West,Furniture,Bookcases,66.294,10,4
2016-10-05,Standard Class,Consumer,Portland,Oregon,West,Furniture,Chairs,291.168,10,4
2015-11-02,Standard Class,Consumer,Irving,Texas,Central,Technology,Phones,88.776,11,4
2017-01-22,Standard Class,Home Office,Cleveland,Ohio,East,Technology,Phones,110.376,1,1
2017-01-22,Standard Class,Home Office,Cleveland,Ohio,East,Technology,Accessories,55.176,1,1
2018-07-11,Standard Class,Consumer,Waterloo,Iowa,Central,Office Supplies,Art,30.32,7,3
2018-09-11,Same Day,Consumer,Seattle,Washington,West,Furniture,Chairs,177.568,9,3
2018-09-11,Same Day,Consumer,Seattle,Washington,West,Office Supplies,Paper,19.44,9,3
2018-09-11,Same Day,Consumer,Seattle,Washington,West,Office Supplies,Paper,71.28,9,3
2018-09-11,Same Day,Consumer,Seattle,Washington,West,Technology,Phones,79.96,9,3
2017-02-23,Standard Class,Corporate,Philadelphia,Pennsylvania,East,Office Supplies,Envelopes,57.576,2,1
2017-01-22,Standard Class,Consumer,New York City,New York,East,Office Supplies,Binders,26.336,1,1
2016-12-12,Standard Class,Consumer,San Jose,California,West,Furniture,Furnishings,166.5,12,4
2016-12-12,Standard Class,Consumer,San Jose,California,West,Office Supplies,Storage,360.38,12,4
2017-10-29,Second Class,Consumer,Los Angeles,California,West,Office Supplies,Binders,11.744,10,4
2018-05-28,Second Class,Corporate,Concord,New Hampshire,East,Furniture,Furnishings,247.44,5,2
2015-12-21,Standard Class,Home Office,Columbia,Tennessee,South,Office Supplies,Binders,18.24,12,4
2017-11-24,Standard Class,Home Office,Bellevue,Washington,West,Office Supplies,Supplies,25.35,11,4
2016-11-20,Standard Class,Home Office,Seattle,Washington,West,Office Supplies,Art,119.04,11,4
2016-11-20,Standard Class,Home Office,Seattle,Washington,West,Furniture,Furnishings,22.14,11,4
2016-11-20,Standard Class,Home Office,Seattle,Washington,West,Technology,Accessories,13.98,11,4
2018-05-29,Standard Class,Consumer,Columbus,Indiana,Central,Office Supplies,Binders,43.41,5,2
2018-05-29,Standard Class,Consumer,Columbus,Indiana,Central,Furniture,Furnishings,6.24,5,2
2018-05-29,Standard Class,Consumer,Columbus,Indiana,Central,Office Supplies,Appliances,465.16,5,2
2018-05-29,Standard Class,Consumer,Columbus,Indiana,Central,Office Supplies,Paper,7.98,5,2
2015-12-02,First Class,Consumer,Chicago,Illinois,Central,Office Supplies,Appliances,2.394,12,4
2015-04-07,Same Day,Home Office,Marietta,Georgia,South,Office Supplies,Paper,58.32,4,2
2015-04-07,Same Day,Home Office,Marietta,Georgia,South,Technology,Phones,200.97,4,2
2016-09-08,Standard Class,Corporate,Montgomery,Alabama,South,Furniture,Furnishings,21.36,9,3
2018-09-09,Standard Class,Corporate,Plano,Texas,Central,Office Supplies,Labels,9.856,9,3
2016-09-06,Second Class,Home Office,Tamarac,Florida,South,Office Supplies,Binders,3.444,9,3
2018-11-02,Second Class,Corporate,Columbus,Ohio,East,Office Supplies,Supplies,384.592,11,4
2016-03-28,Second Class,Consumer,New York City,New York,East,Office Supplies,Envelopes,22.92,3,1
2016-08-13,Second Class,Consumer,Richmond,Indiana,Central,Office Supplies,Binders,11.36,8,3
2016-05-12,Standard Class,Consumer,Seattle,Washington,West,Office Supplies,Binders,14.592,5,2
2018-07-23,Standard Class,Corporate,Long Beach,New York,East,Office Supplies,Labels,41.4,7,3
2017-09-24,First Class,Corporate,Rockford,Illinois,Central,Office Supplies,Binders,442.372,9,3
2018-05-05,Standard Class,Corporate,Columbus,Georgia,South,Office Supplies,Binders,34.5,5,2
2017-10-06,Same Day,Consumer,Tulsa,Oklahoma,Central,Office Supplies,Binders,28.85,10,4
2015-11-03,Standard Class,Consumer,Nashville,Tennessee,South,Office Supplies,Paper,3.488,11,4
2015-11-03,Standard Class,Consumer,Nashville,Tennessee,South,Office Supplies,Paper,143.856,11,4
2016-10-01,Second Class,Home Office,Cambridge,Massachusetts,East,Technology,Phones,311.98,10,4
2016-10-01,Second Class,Home Office,Cambridge,Massachusetts,East,Office Supplies,Binders,22.45,10,4
2018-12-02,Standard Class,Corporate,Oakland,California,West,Technology,Phones,39.992,12,4
2018-12-02,Standard Class,Corporate,Oakland,California,West,Office Supplies,Art,179.9,12,4
2018-12-11,First Class,Corporate,Palatine,Illinois,Central,Technology,Accessories,116.312,12,4
2017-07-17,Second Class,Consumer,Seattle,Washington,West,Furniture,Furnishings,12.42,7,3
2017-07-17,Second Class,Consumer,Seattle,Washington,West,Technology,Accessories,428.4,7,3
2017-07-17,Second Class,Consumer,Seattle,Washington,West,Furniture,Furnishings,24.75,7,3
2017-07-17,Second Class,Consumer,Seattle,Washington,West,Office Supplies,Labels,87.71,7,3
2017-07-17,Second Class,Consumer,Seattle,Washington,West,Office Supplies,Storage,69.52,7,3
2017-07-17,Second Class,Consumer,Seattle,Washington,West,Technology,Phones,20.784,7,3
2017-07-17,Second Class,Consumer,Seattle,Washington,West,Office Supplies,Binders,12.816,7,3
2018-05-12,Standard Class,Consumer,Cincinnati,Ohio,East,Office Supplies,Labels,5.904,5,2
2016-11-20,Standard Class,Consumer,Marion,Ohio,East,Furniture,Furnishings,63.824,11,4
2016-11-20,Standard Class,Consumer,Marion,Ohio,East,Office Supplies,Storage,141.552,11,4
2017-09-24,Standard Class,Corporate,Los Angeles,California,West,Office Supplies,Envelopes,304.9,9,3
2017-10-24,Standard Class,Home Office,Lebanon,Tennessee,South,Technology,Phones,239.976,10,4
2015-07-08,Standard Class,Corporate,San Francisco,California,West,Office Supplies,Binders,196.704,7,3
2016-03-13,Second Class,Home Office,Chico,California,West,Furniture,Furnishings,327.76,3,1
2016-04-22,Standard Class,Consumer,Los Angeles,California,West,Technology,Phones,88.776,4,2
2016-04-22,Standard Class,Consumer,Los Angeles,California,West,Office Supplies,Art,64.14,4,2
2015-09-16,First Class,Corporate,New York City,New York,East,Office Supplies,Binders,33.552,9,3
2015-12-28,Standard Class,Corporate,Beverly,Massachusetts,East,Office Supplies,Paper,141.76,12,4
2015-10-21,Standard Class,Corporate,San Diego,California,West,Office Supplies,Binders,36.36,10,4
2018-11-30,First Class,Home Office,San Francisco,California,West,Furniture,Furnishings,25.83,11,4
2015-06-06,Standard Class,Consumer,Chicago,Illinois,Central,Office Supplies,Binders,24.588,6,2
2015-06-06,Standard Class,Consumer,Chicago,Illinois,Central,Office Supplies,Envelopes,13.984,6,2
2018-11-23,Standard Class,Consumer,Dallas,Texas,Central,Technology,Phones,195.96,11,4
2018-06-18,Second Class,Home Office,Corpus Christi,Texas,Central,Office Supplies,Paper,74.352,6,2
2018-05-05,Same Day,Consumer,New York City,New York,East,Office Supplies,Paper,6.68,5,2
2017-11-04,Second Class,Corporate,Eugene,Oregon,West,Office Supplies,Supplies,17.584,11,4
2017-11-04,Second Class,Corporate,Eugene,Oregon,West,Furniture,Chairs,104.784,11,4
2017-11-04,Second Class,Corporate,Eugene,Oregon,West,Office Supplies,Paper,47.952,11,4
2017-11-04,Second Class,Corporate,Eugene,Oregon,West,Office Supplies,Paper,15.176,11,4
2015-09-11,Standard Class,Consumer,Oxnard,California,West,Furniture,Furnishings,127.95,9,3
2018-02-16,Standard Class,Corporate,Fairfield,Connecticut,East,Technology,Phones,14.99,2,1
2015-11-24,Standard Class,Corporate,Jackson,Michigan,Central,Office Supplies,Art,151.92,11,4
2015-11-24,Standard Class,Corporate,Jackson,Michigan,Central,Office Supplies,Labels,196.62,11,4
2015-11-24,Standard Class,Corporate,Jackson,Michigan,Central,Office Supplies,Paper,144.12,11,4
2015-11-24,Standard Class,Corporate,Jackson,Michigan,Central,Office Supplies,Paper,15.96,11,4
2018-11-25,Second Class,Corporate,Laguna Niguel,California,West,Technology,Phones,39.96,11,4
2018-11-25,Second Class,Corporate,Laguna Niguel,California,West,Office Supplies,Paper,34.08,11,4
2018-09-28,Standard Class,Corporate,Jacksonville,Florida,South,Office Supplies,Paper,10.368,9,3
2015-10-13,Standard Class,Corporate,Mount Vernon,New York,East,Office Supplies,Binders,7.752,10,4
2015-06-03,Second Class,Home Office,Midland,Michigan,Central,Office Supplies,Envelopes,15.28,6,2
2015-06-17,Standard Class,Consumer,Newark,Delaware,East,Technology,Machines,65.97,6,2
2016-10-29,Standard Class,Corporate,San Francisco,California,West,Office Supplies,Paper,33.4,10,4
2016-10-29,Standard Class,Corporate,San Francisco,California,West,Office Supplies,Envelopes,210.84,10,4
2015-01-20,Standard Class,Consumer,Westland,Michigan,Central,Office Supplies,Storage,13.98,1,1
2015-01-20,Standard Class,Consumer,Westland,Michigan,Central,Furniture,Furnishings,272.94,1,1
2015-01-20,Standard Class,Consumer,Westland,Michigan,Central,Office Supplies,Binders,19.05,1,1
2015-01-20,Standard Class,Consumer,Westland,Michigan,Central,Office Supplies,Appliances,247.716,1,1
2015-01-20,Standard Class,Consumer,Westland,Michigan,Central,Office Supplies,Storage,66.58,1,1
2015-01-20,Standard Class,Consumer,Westland,Michigan,Central,Office Supplies,Art,43.92,1,1
2015-01-20,Standard Class,Consumer,Westland,Michigan,Central,Furniture,Furnishings,14.73,1,1
2015-01-20,Standard Class,Consumer,Westland,Michigan,Central,Office Supplies,Binders,29.7,1,1
2015-07-11,Standard Class,Consumer,New York City,New York,East,Office Supplies,Paper,49.12,7,3
2015-07-11,Standard Class,Consumer,New York City,New York,East,Office Supplies,Binders,18.28,7,3
2017-08-30,Standard Class,Consumer,Los Angeles,California,West,Furniture,Furnishings,47.04,8,3
2017-08-30,Standard Class,Consumer,Los Angeles,California,West,Technology,Phones,339.96,8,3
2018-10-05,Standard Class,Corporate,New York City,New York,East,Technology,Phones,87.8,10,4
2018-10-05,Standard Class,Corporate,New York City,New York,East,Furniture,Chairs,221.382,10,4
2017-12-31,First Class,Consumer,Lancaster,Ohio,East,Office Supplies,Storage,156.512,12,4
2016-03-07,First Class,Home Office,Newark,Delaware,East,Technology,Accessories,119.85,3,1
2016-03-07,First Class,Home Office,Newark,Delaware,East,Office Supplies,Binders,30.44,3,1
2016-03-07,First Class,Home Office,Newark,Delaware,East,Office Supplies,Binders,69.28,3,1
2018-10-20,Same Day,Home Office,New York City,New York,East,Office Supplies,Labels,24.55,10,4
2016-05-01,Standard Class,Consumer,San Francisco,California,West,Office Supplies,Binders,12.176,5,2
2016-05-01,Standard Class,Consumer,San Francisco,California,West,Office Supplies,Storage,37.32,5,2
2016-05-01,Standard Class,Consumer,San Francisco,California,West,Office Supplies,Supplies,35.06,5,2
2018-09-03,Standard Class,Consumer,Dallas,Texas,Central,Furniture,Furnishings,108.4,9,3
2018-11-03,Standard Class,Corporate,Miami,Florida,South,Technology,Phones,361.376,11,4
2016-09-13,Standard Class,Consumer,Philadelphia,Pennsylvania,East,Office Supplies,Binders,2.412,9,3
2016-09-06,Standard Class,Corporate,New York City,New York,East,Office Supplies,Appliances,8.39,9,3
2016-09-06,Standard Class,Corporate,New York City,New York,East,Technology,Phones,337.98,9,3
2015-10-06,Standard Class,Consumer,Philadelphia,Pennsylvania,East,Office Supplies,Storage,83.92,10,4
2018-01-23,Standard Class,Corporate,Seattle,Washington,West,Office Supplies,Binders,19.68,1,1
2018-01-23,Standard Class,Corporate,Seattle,Washington,West,Office Supplies,Paper,25.92,1,1
2018-01-23,Standard Class,Corporate,Seattle,Washington,West,Office Supplies,Paper,6.48,1,1
2018-01-23,Standard Class,Corporate,Seattle,Washington,West,Technology,Phones,86.352,1,1
2016-12-10,Standard Class,Home Office,Los Angeles,California,West,Office Supplies,Art,56.3,12,4
2015-11-25,Standard Class,Consumer,Springfield,Oregon,West,Office Supplies,Art,51.016,11,4
2018-11-21,Standard Class,Consumer,Renton,Washington,West,Office Supplies,Binders,150.8,11,4
2018-11-21,Standard Class,Consumer,Renton,Washington,West,Office Supplies,Paper,51.84,11,4
2018-04-04,First Class,Home Office,New York City,New York,East,Technology,Phones,41.22,4,2
2018-04-04,First Class,Home Office,New York City,New York,East,Office Supplies,Supplies,240.37,4,2
2018-04-04,First Class,Home Office,New York City,New York,East,Technology,Phones,119.02,4,2
2018-05-19,Standard Class,Consumer,San Jose,California,West,Office Supplies,Binders,133.12,5,2
2017-10-03,Standard Class,Corporate,Grand Prairie,Texas,Central,Furniture,Furnishings,38.08,10,4
2017-11-21,Same Day,Home Office,New York City,New York,East,Furniture,Bookcases,113.568,11,4
2018-10-03,Second Class,Home Office,New York City,New York,East,Furniture,Furnishings,83.92,10,4
2018-10-03,Second Class,Home Office,New York City,New York,East,Office Supplies,Art,6.63,10,4
2018-10-03,Second Class,Home Office,New York City,New York,East,Technology,Accessories,371.97,10,4
2015-04-29,Standard Class,Corporate,Memphis,Tennessee,South,Office Supplies,Storage,99.92,4,2
2017-10-07,First Class,Home Office,Philadelphia,Pennsylvania,East,Office Supplies,Labels,4.928,10,4
2017-12-15,Standard Class,Consumer,Los Angeles,California,West,Furniture,Furnishings,14.76,12,4
2018-04-10,Standard Class,Home Office,Waterbury,Connecticut,East,Technology,Accessories,99.99,4,2
2018-04-10,Standard Class,Home Office,Waterbury,Connecticut,East,Office Supplies,Storage,286.15,4,2
2015-04-08,Standard Class,Home Office,Chandler,Arizona,West,Office Supplies,Fasteners,49.792,4,2
2017-03-29,Standard Class,Consumer,Springfield,Ohio,East,Furniture,Bookcases,299.975,3,1
2017-03-29,Standard Class,Consumer,Springfield,Ohio,East,Technology,Phones,158.376,3,1
2018-01-15,First Class,Consumer,Austin,Texas,Central,Office Supplies,Binders,32.784,1,1
2018-01-15,First Class,Consumer,Austin,Texas,Central,Technology,Accessories,47.984,1,1
2018-01-15,First Class,Consumer,Austin,Texas,Central,Technology,Accessories,62.592,1,1
2018-01-15,First Class,Consumer,Austin,Texas,Central,Office Supplies,Binders,4.276,1,1
2015-01-30,Standard Class,Consumer,Detroit,Michigan,Central,Office Supplies,Paper,10.56,1,1
2015-01-30,Standard Class,Consumer,Detroit,Michigan,Central,Office Supplies,Storage,229.94,1,1
2016-02-07,Standard Class,Corporate,Springfield,Virginia,South,Office Supplies,Envelopes,311.15,2,1
2016-02-07,Standard Class,Corporate,Springfield,Virginia,South,Office Supplies,Paper,12.96,2,1
2017-12-14,Standard Class,Consumer,New York City,New York,East,Office Supplies,Paper,14.62,12,4
2017-12-14,Standard Class,Consumer,New York City,New York,East,Office Supplies,Labels,5.76,12,4
2017-12-14,Standard Class,Consumer,New York City,New York,East,Office Supplies,Fasteners,21.48,12,4
2017-12-14,Standard Class,Consumer,New York City,New York,East,Furniture,Furnishings,396.92,12,4
2017-12-14,Standard Class,Consumer,New York City,New York,East,Office Supplies,Storage,17.15,12,4
2017-12-14,Standard Class,Consumer,New York City,New York,East,Office Supplies,Binders,23.12,12,4
2018-10-31,Standard Class,Home Office,Dallas,Texas,Central,Office Supplies,Art,5.248,10,4
2018-08-06,Standard Class,Home Office,Concord,New Hampshire,East,Office Supplies,Labels,24.64,8,3
2018-08-06,Standard Class,Home Office,Concord,New Hampshire,East,Office Supplies,Art,227.88,8,3
2018-05-30,First Class,Consumer,Lafayette,Louisiana,South,Furniture,Bookcases,241.96,5,2
2018-05-30,First Class,Consumer,Lafayette,Louisiana,South,Office Supplies,Binders,3.89,5,2
2018-05-30,First Class,Consumer,Lafayette,Louisiana,South,Furniture,Furnishings,8.01,5,2
2016-11-30,Standard Class,Consumer,Raleigh,North Carolina,South,Technology,Phones,177.48,11,4
2018-08-31,Second Class,Corporate,Spokane,Washington,West,Office Supplies,Storage,149.73,8,3
2018-05-14,First Class,Consumer,Houston,Texas,Central,Office Supplies,Art,46.2,5,2
2018-05-14,First Class,Consumer,Houston,Texas,Central,Office Supplies,Paper,47.952,5,2
2018-05-14,First Class,Consumer,Houston,Texas,Central,Technology,Phones,7.992,5,2
2018-05-14,First Class,Consumer,Houston,Texas,Central,Office Supplies,Paper,76.864,5,2
2018-08-17,Standard Class,Home Office,Louisville,Kentucky,South,Office Supplies,Binders,102.93,8,3
2018-08-17,Standard Class,Home Office,Louisville,Kentucky,South,Technology,Accessories,98.16,8,3
2018-11-10,Second Class,Home Office,Hollywood,Florida,South,Office Supplies,Binders,11.52,11,4
2018-08-21,Same Day,Corporate,Chandler,Arizona,West,Office Supplies,Paper,83.88,8,3
2017-03-08,Standard Class,Consumer,Philadelphia,Pennsylvania,East,Technology,Phones,108.576,3,1
2017-03-08,Standard Class,Consumer,Philadelphia,Pennsylvania,East,Office Supplies,Fasteners,5.984,3,1
2017-10-31,Standard Class,Corporate,Tulsa,Oklahoma,Central,Office Supplies,Supplies,21.96,10,4
2017-10-31,Standard Class,Corporate,Tulsa,Oklahoma,Central,Furniture,Chairs,368.97,10,4
2017-10-31,Standard Class,Corporate,Tulsa,Oklahoma,Central,Office Supplies,Art,12.39,10,4
2017-10-31,Standard Class,Corporate,Tulsa,Oklahoma,Central,Office Supplies,Storage,332.94,10,4
2015-07-26,Standard Class,Corporate,Draper,Utah,West,Technology,Accessories,111.93,7,3
2016-10-24,First Class,Home Office,Oakland,California,West,Furniture,Chairs,454.272,10,4
2018-08-19,Standard Class,Consumer,Lawrence,Massachusetts,East,Office Supplies,Paper,19.44,8,3
2017-05-23,Standard Class,Consumer,Philadelphia,Pennsylvania,East,Office Supplies,Binders,6.294,5,2
2017-05-23,Standard Class,Consumer,Philadelphia,Pennsylvania,East,Office Supplies,Paper,10.368,5,2
2017-05-23,Standard Class,Consumer,Philadelphia,Pennsylvania,East,Technology,Phones,122.382,5,2
2015-11-03,Standard Class,Consumer,Jacksonville,North Carolina,South,Office Supplies,Storage,25.984,11,4
2015-11-03,Standard Class,Consumer,Jacksonville,North Carolina,South,Office Supplies,Binders,14.301,11,4
2015-11-03,Standard Class,Consumer,Jacksonville,North Carolina,South,Furniture,Furnishings,410.352,11,4
2016-03-30,Standard Class,Corporate,Chicago,Illinois,Central,Office Supplies,Paper,23.52,3,1
2016-03-30,Standard Class,Corporate,Chicago,Illinois,Central,Technology,Phones,180.96,3,1
2018-05-27,First Class,Consumer,Pocatello,Idaho,West,Furniture,Furnishings,35.0,5,2
2018-05-27,First Class,Consumer,Pocatello,Idaho,West,Office Supplies,Storage,477.15,5,2
2018-05-27,First Class,Consumer,Pocatello,Idaho,West,Technology,Phones,302.376,5,2
2017-10-13,Standard Class,Corporate,New York City,New York,East,Office Supplies,Art,34.7,10,4
2017-10-13,Standard Class,Corporate,New York City,New York,East,Office Supplies,Storage,99.87,10,4
2017-10-13,Standard Class,Corporate,New York City,New York,East,Office Supplies,Paper,37.94,10,4
2017-10-13,Standard Class,Corporate,New York City,New York,East,Office Supplies,Labels,24.9,10,4
2017-10-13,Standard Class,Corporate,New York City,New York,East,Furniture,Furnishings,82.26,10,4
2016-03-05,Standard Class,Consumer,Chicago,Illinois,Central,Office Supplies,Fasteners,7.104,3,1
2018-03-04,Second Class,Home Office,Houston,Texas,Central,Furniture,Furnishings,103.5,3,1
2018-03-04,Second Class,Home Office,Houston,Texas,Central,Office Supplies,Labels,2.464,3,1
2018-03-04,Second Class,Home Office,Houston,Texas,Central,Office Supplies,Storage,8.72,3,1
2016-09-25,Standard Class,Consumer,Meriden,Connecticut,East,Office Supplies,Binders,10.76,9,3
2016-09-25,Standard Class,Consumer,Meriden,Connecticut,East,Office Supplies,Paper,45.68,9,3
2016-09-25,Standard Class,Consumer,Meriden,Connecticut,East,Office Supplies,Art,6.7,9,3
2016-12-19,Second Class,Consumer,Glenview,Illinois,Central,Technology,Phones,158.376,12,4
2016-10-08,Standard Class,Consumer,Houston,Texas,Central,Office Supplies,Art,3.44,10,4
2018-07-31,First Class,Consumer,San Francisco,California,West,Office Supplies,Storage,56.56,7,3
2018-07-31,First Class,Consumer,San Francisco,California,West,Furniture,Furnishings,36.96,7,3
2015-08-05,Standard Class,Corporate,New York City,New York,East,Technology,Phones,135.99,8,3
2015-08-05,Standard Class,Corporate,New York City,New York,East,Office Supplies,Art,15.96,8,3
2018-05-14,First Class,Corporate,Baltimore,Maryland,East,Office Supplies,Art,3.76,5,2
2018-05-14,First Class,Corporate,Baltimore,Maryland,East,Office Supplies,Art,14.7,5,2
2018-05-14,First Class,Corporate,Baltimore,Maryland,East,Office Supplies,Art,37.2,5,2
2018-05-14,First Class,Corporate,Baltimore,Maryland,East,Technology,Accessories,89.97,5,2
2018-05-14,First Class,Corporate,Baltimore,Maryland,East,Furniture,Chairs,261.96,5,2
2018-05-14,First Class,Corporate,Baltimore,Maryland,East,Office Supplies,Labels,74.0,5,2
2017-09-22,Standard Class,Home Office,Louisville,Kentucky,South,Furniture,Furnishings,13.28,9,3
2016-11-13,Standard Class,Consumer,Lebanon,Tennessee,South,Office Supplies,Storage,84.96,11,4
2018-05-22,Second Class,Consumer,Los Angeles,California,West,Technology,Accessories,68.46,5,2
2017-12-02,Standard Class,Home Office,Providence,Rhode Island,East,Furniture,Furnishings,72.42,12,4
2016-08-29,Standard Class,Home Office,Detroit,Michigan,Central,Technology,Phones,131.98,8,3
2016-08-29,Standard Class,Home Office,Detroit,Michigan,Central,Technology,Accessories,114.52,8,3
2015-06-06,Standard Class,Home Office,Houston,Texas,Central,Office Supplies,Labels,100.24,6,2
2015-01-14,First Class,Corporate,Philadelphia,Pennsylvania,East,Furniture,Bookcases,61.96,1,1
2018-06-03,Standard Class,Consumer,Pembroke Pines,Florida,South,Office Supplies,Binders,4.554,6,2
2018-06-03,Standard Class,Consumer,Pembroke Pines,Florida,South,Office Supplies,Appliances,5.2,6,2
2018-06-03,Standard Class,Consumer,Pembroke Pines,Florida,South,Technology,Accessories,205.992,6,2
2018-06-03,Standard Class,Consumer,Pembroke Pines,Florida,South,Office Supplies,Paper,15.552,6,2
2018-06-03,Standard Class,Consumer,Pembroke Pines,Florida,South,Office Supplies,Appliances,24.472,6,2
2018-06-03,Standard Class,Consumer,Pembroke Pines,Florida,South,Furniture,Bookcases,241.568,6,2
2018-06-03,Standard Class,Consumer,Pembroke Pines,Florida,South,Technology,Accessories,110.4,6,2
2018-06-03,Standard Class,Corporate,New York City,New York,East,Furniture,Tables,384.768,6,2
2018-06-03,Standard Class,Corporate,New York City,New York,East,Technology,Machines,78.66,6,2
2018-06-03,Standard Class,Corporate,New York City,New York,East,Office Supplies,Paper,45.36,6,2
2016-03-21,Standard Class,Consumer,Jacksonville,North Carolina,South,Office Supplies,Binders,12.843,3,1
2016-03-21,Standard Class,Consumer,Jacksonville,North Carolina,South,Office Supplies,Paper,295.456,3,1
2018-09-19,Standard Class,Consumer,New York City,New York,East,Office Supplies,Paper,32.4,9,3
2015-09-15,Standard Class,Corporate,Philadelphia,Pennsylvania,East,Furniture,Furnishings,103.936,9,3
2017-11-20,Standard Class,Corporate,Orlando,Florida,South,Furniture,Bookcases,289.568,11,4
2017-11-20,Standard Class,Corporate,Orlando,Florida,South,Office Supplies,Storage,39.72,11,4
2017-11-20,Standard Class,Corporate,Orlando,Florida,South,Technology,Phones,244.768,11,4
2018-10-28,Second Class,Consumer,Houston,Texas,Central,Technology,Accessories,24.0,10,4
2018-10-28,Second Class,Consumer,Houston,Texas,Central,Office Supplies,Paper,15.552,10,4
2018-10-28,Second Class,Consumer,Houston,Texas,Central,Technology,Accessories,26.176,10,4
2016-07-24,Standard Class,Home Office,Louisville,Kentucky,South,Furniture,Furnishings,20.94,7,3
2016-07-24,Standard Class,Home Office,Louisville,Kentucky,South,Office Supplies,Binders,135.09,7,3
2016-07-24,Standard Class,Home Office,Louisville,Kentucky,South,Technology,Accessories,279.86,7,3
2016-07-24,Standard Class,Home Office,Louisville,Kentucky,South,Office Supplies,Binders,90.06,7,3
2015-11-02,Standard Class,Consumer,Medina,Ohio,East,Technology,Phones,50.232,11,4
2015-11-02,Standard Class,Consumer,Medina,Ohio,East,Office Supplies,Binders,19.242,11,4
2017-06-26,Standard Class,Corporate,Chicago,Illinois,Central,Office Supplies,Art,5.304,6,2
2017-10-09,Second Class,Corporate,Philadelphia,Pennsylvania,East,Office Supplies,Paper,19.136,10,4
2017-10-09,Second Class,Corporate,Philadelphia,Pennsylvania,East,Furniture,Furnishings,332.832,10,4
2018-12-20,Standard Class,Corporate,New York City,New York,East,Office Supplies,Paper,279.9,12,4
2018-12-20,Standard Class,Corporate,New York City,New York,East,Office Supplies,Binders,50.352,12,4
2018-12-20,Standard Class,Corporate,New York City,New York,East,Office Supplies,Paper,34.02,12,4
2018-03-06,Standard Class,Home Office,San Francisco,California,West,Office Supplies,Art,23.88,3,1
2018-03-06,Standard Class,Home Office,San Francisco,California,West,Office Supplies,Labels,11.52,3,1
2018-03-06,Standard Class,Home Office,San Francisco,California,West,Office Supplies,Paper,286.93,3,1
2018-03-06,Standard Class,Home Office,San Francisco,California,West,Technology,Phones,206.384,3,1
2018-09-15,Standard Class,Consumer,San Francisco,California,West,Furniture,Chairs,218.352,9,3
2018-09-15,Standard Class,Consumer,San Francisco,California,West,Office Supplies,Art,99.3,9,3
2018-09-15,Standard Class,Consumer,San Francisco,California,West,Office Supplies,Appliances,108.96,9,3
2018-09-15,Standard Class,Consumer,San Francisco,California,West,Office Supplies,Binders,2.688,9,3
2018-01-16,Second Class,Consumer,Jackson,Michigan,Central,Furniture,Chairs,302.67,1,1
2018-01-16,Second Class,Consumer,Jackson,Michigan,Central,Office Supplies,Paper,56.07,1,1
2017-07-07,Standard Class,Home Office,Philadelphia,Pennsylvania,East,Office Supplies,Labels,10.08,7,3
2017-07-07,Standard Class,Home Office,Philadelphia,Pennsylvania,East,Technology,Phones,59.994,7,3
2017-07-07,Standard Class,Home Office,Philadelphia,Pennsylvania,East,Office Supplies,Binders,5.715,7,3
2017-07-07,Standard Class,Home Office,Philadelphia,Pennsylvania,East,Office Supplies,Binders,9.42,7,3
2015-12-22,Standard Class,Home Office,New York City,New York,East,Office Supplies,Storage,216.4,12,4
2015-02-23,Standard Class,Home Office,El Paso,Texas,Central,Office Supplies,Labels,6.936,2,1
2015-02-23,Standard Class,Home Office,El Paso,Texas,Central,Office Supplies,Binders,4.428,2,1
2018-12-04,Standard Class,Consumer,Rochester,Minnesota,Central,Office Supplies,Art,8.8,12,4
2018-12-04,Standard Class,Consumer,Rochester,Minnesota,Central,Technology,Accessories,142.8,12,4
2018-12-04,Standard Class,Consumer,Rochester,Minnesota,Central,Technology,Accessories,399.95,12,4
2015-10-20,First Class,Corporate,Knoxville,Tennessee,South,Furniture,Tables,328.59,10,4
2015-10-20,First Class,Corporate,Knoxville,Tennessee,South,Office Supplies,Storage,98.352,10,4
2016-10-25,Standard Class,Corporate,Newark,Delaware,East,Technology,Phones,158.99,10,4
2016-10-25,Standard Class,Corporate,Newark,Delaware,East,Furniture,Chairs,291.1,10,4
2018-11-16,First Class,Consumer,Seattle,Washington,West,Office Supplies,Paper,73.68,11,4
2018-11-16,First Class,Consumer,Seattle,Washington,West,Furniture,Furnishings,139.92,11,4
2018-11-16,First Class,Consumer,Seattle,Washington,West,Technology,Phones,107.88,11,4
2018-11-16,First Class,Consumer,Seattle,Washington,West,Office Supplies,Storage,33.29,11,4
2018-05-14,Standard Class,Consumer,Cleveland,Ohio,East,Office Supplies,Binders,58.17,5,2
2018-05-14,Standard Class,Consumer,Cleveland,Ohio,East,Office Supplies,Labels,5.04,5,2
2018-05-14,Standard Class,Consumer,Cleveland,Ohio,East,Office Supplies,Paper,24.784,5,2
2015-03-01,Standard Class,Home Office,Elmhurst,Illinois,Central,Office Supplies,Paper,17.472,3,1
2016-07-30,First Class,Home Office,Lakeville,Minnesota,Central,Furniture,Chairs,155.88,7,3
2016-11-01,Second Class,Consumer,New York City,New York,East,Furniture,Chairs,327.564,11,4
2018-12-16,Second Class,Home Office,Los Angeles,California,West,Office Supplies,Paper,13.36,12,4
2018-12-16,Second Class,Home Office,Los Angeles,California,West,Office Supplies,Storage,158.9,12,4
2015-10-20,Second Class,Home Office,Chicago,Illinois,Central,Technology,Accessories,319.968,10,4
2015-10-20,Second Class,Home Office,Chicago,Illinois,Central,Office Supplies,Paper,3.808,10,4
2015-10-20,Second Class,Home Office,Chicago,Illinois,Central,Office Supplies,Binders,8.682,10,4
2015-10-20,Second Class,Home Office,Chicago,Illinois,Central,Office Supplies,Labels,24.424,10,4
2017-07-21,Standard Class,Corporate,Roseville,California,West,Office Supplies,Envelopes,419.9,7,3
2017-07-21,Standard Class,Corporate,Roseville,California,West,Office Supplies,Labels,3.15,7,3
2018-03-31,First Class,Corporate,Arlington,Texas,Central,Office Supplies,Appliances,33.62,3,1
2015-05-07,Standard Class,Consumer,Lawrence,Massachusetts,East,Office Supplies,Binders,16.14,5,2
2015-05-07,Standard Class,Consumer,Lawrence,Massachusetts,East,Furniture,Tables,194.25,5,2
2015-05-07,Standard Class,Consumer,Lawrence,Massachusetts,East,Office Supplies,Art,8.64,5,2
2018-02-05,Second Class,Consumer,Waco,Texas,Central,Office Supplies,Binders,243.992,2,1
2018-02-05,Second Class,Consumer,Waco,Texas,Central,Office Supplies,Art,7.12,2,1
2015-04-18,Standard Class,Consumer,Houston,Texas,Central,Office Supplies,Art,2.688,4,2
2015-04-18,Standard Class,Consumer,Houston,Texas,Central,Furniture,Chairs,317.058,4,2
2015-04-18,Standard Class,Consumer,Houston,Texas,Central,Office Supplies,Envelopes,149.352,4,2
2015-04-18,Standard Class,Consumer,Houston,Texas,Central,Technology,Accessories,227.976,4,2
2017-05-10,Standard Class,Consumer,Seattle,Washington,West,Office Supplies,Paper,11.96,5,2
2017-11-25,Standard Class,Corporate,Plainfield,New Jersey,East,Technology,Machines,319.92,11,4
2018-03-03,Standard Class,Consumer,Los Angeles,California,West,Furniture,Chairs,170.352,3,1
2016-12-06,Second Class,Consumer,Arlington,Virginia,South,Technology,Phones,173.94,12,4
2017-10-22,Same Day,Consumer,Seattle,Washington,West,Office Supplies,Paper,6.68,10,4
2017-10-22,Same Day,Consumer,Seattle,Washington,West,Office Supplies,Art,8.34,10,4
2017-10-22,Same Day,Consumer,Seattle,Washington,West,Furniture,Furnishings,101.94,10,4
2017-08-07,Standard Class,Corporate,Edmonds,Washington,West,Technology,Accessories,179.97,8,3
2018-07-21,Standard Class,Consumer,Salem,Virginia,South,Office Supplies,Art,101.94,7,3
2018-07-21,Standard Class,Consumer,Salem,Virginia,South,Technology,Phones,271.96,7,3
2018-07-21,Standard Class,Consumer,Salem,Virginia,South,Furniture,Furnishings,8.8,7,3
2018-07-21,Standard Class,Consumer,Salem,Virginia,South,Office Supplies,Art,19.68,7,3
2018-07-21,Standard Class,Consumer,Salem,Virginia,South,Furniture,Bookcases,302.94,7,3
2018-07-21,Standard Class,Consumer,Salem,Virginia,South,Office Supplies,Binders,14.94,7,3
2018-07-21,Standard Class,Consumer,Salem,Virginia,South,Office Supplies,Supplies,231.72,7,3
2015-03-23,First Class,Consumer,Delray Beach,Florida,South,Office Supplies,Labels,9.912,3,1
2016-04-30,Standard Class,Corporate,San Francisco,California,West,Office Supplies,Art,34.65,4,2
2016-04-30,Standard Class,Corporate,San Francisco,California,West,Technology,Phones,19.8,4,2
2017-06-13,Second Class,Consumer,New York City,New York,East,Office Supplies,Binders,33.568,6,2
2016-05-04,Standard Class,Corporate,Indianapolis,Indiana,Central,Office Supplies,Art,125.93,5,2
2018-04-23,First Class,Corporate,Columbus,Ohio,East,Office Supplies,Binders,11.76,4,2
2018-04-23,First Class,Corporate,Columbus,Ohio,East,Office Supplies,Paper,5.344,4,2
2015-06-06,Standard Class,Consumer,Jacksonville,Florida,South,Office Supplies,Binders,1.365,6,2
2015-06-06,Standard Class,Consumer,Jacksonville,Florida,South,Office Supplies,Paper,62.016,6,2
2015-12-02,Standard Class,Corporate,Clinton,Maryland,East,Furniture,Furnishings,60.72,12,4
2015-12-02,Standard Class,Corporate,Clinton,Maryland,East,Office Supplies,Paper,146.82,12,4
2015-12-02,Standard Class,Corporate,Clinton,Maryland,East,Furniture,Chairs,239.84,12,4
2015-12-02,Standard Class,Corporate,Clinton,Maryland,East,Office Supplies,Labels,15.66,12,4
2018-06-17,First Class,Consumer,Commerce City,Colorado,West,Office Supplies,Storage,146.352,6,2
2017-05-26,Standard Class,Consumer,Santa Ana,California,West,Office Supplies,Fasteners,5.94,5,2
2017-05-26,Standard Class,Consumer,Santa Ana,California,West,Office Supplies,Paper,45.36,5,2
2017-05-26,Standard Class,Consumer,Santa Ana,California,West,Technology,Phones,211.168,5,2
2017-05-26,Standard Class,Consumer,Santa Ana,California,West,Furniture,Chairs,484.704,5,2
2017-05-26,Standard Class,Consumer,Santa Ana,California,West,Technology,Machines,371.976,5,2
2016-03-10,Same Day,Corporate,Clinton,Maryland,East,Office Supplies,Storage,89.82,3,1
2017-10-20,First Class,Corporate,Los Angeles,California,West,Office Supplies,Binders,19.296,10,4
2016-04-21,Standard Class,Consumer,Louisville,Kentucky,South,Furniture,Chairs,191.96,4,2
2016-04-21,Standard Class,Consumer,Louisville,Kentucky,South,Office Supplies,Binders,21.3,4,2
2016-04-21,Standard Class,Consumer,Louisville,Kentucky,South,Technology,Phones,469.95,4,2
2016-04-21,Standard Class,Consumer,Louisville,Kentucky,South,Furniture,Furnishings,209.88,4,2
2017-06-17,First Class,Consumer,Los Angeles,California,West,Furniture,Bookcases,239.666,6,2
2017-06-17,First Class,Consumer,Los Angeles,California,West,Office Supplies,Labels,22.5,6,2
2017-06-17,First Class,Consumer,Los Angeles,California,West,Office Supplies,Paper,219.84,6,2
2018-01-13,Second Class,Corporate,Springfield,Missouri,Central,Office Supplies,Paper,32.4,1,1
2018-01-13,Second Class,Corporate,Springfield,Missouri,Central,Office Supplies,Art,209.94,1,1
2018-01-13,Second Class,Corporate,Springfield,Missouri,Central,Furniture,Bookcases,212.94,1,1
2015-09-06,First Class,Corporate,San Francisco,California,West,Furniture,Furnishings,41.88,9,3
2015-09-06,First Class,Corporate,San Francisco,California,West,Office Supplies,Labels,58.48,9,3
2016-01-19,Standard Class,Consumer,Texas City,Texas,Central,Furniture,Tables,102.438,1,1
2016-01-19,Standard Class,Consumer,Texas City,Texas,Central,Furniture,Chairs,199.304,1,1
2015-05-23,Standard Class,Consumer,Bellevue,Washington,West,Office Supplies,Paper,12.96,5,2
2016-09-19,Second Class,Consumer,New York City,New York,East,Technology,Phones,279.86,9,3
2016-10-02,Standard Class,Home Office,Wilson,North Carolina,South,Office Supplies,Binders,7.38,10,4
2017-05-06,Second Class,Home Office,Springfield,Missouri,Central,Office Supplies,Appliances,54.48,5,2
2017-10-24,Same Day,Consumer,San Francisco,California,West,Technology,Accessories,199.99,10,4
2018-05-06,Same Day,Consumer,Charlotte,North Carolina,South,Office Supplies,Binders,68.541,5,2
2018-05-06,Same Day,Consumer,Charlotte,North Carolina,South,Office Supplies,Labels,122.12,5,2
2018-11-27,Second Class,Consumer,New York City,New York,East,Office Supplies,Art,6.99,11,4
2018-11-27,Second Class,Consumer,New York City,New York,East,Office Supplies,Binders,107.424,11,4
2018-08-05,Standard Class,Consumer,Indianapolis,Indiana,Central,Office Supplies,Binders,125.88,8,3
2018-08-05,Standard Class,Consumer,Indianapolis,Indiana,Central,Technology,Accessories,79.78,8,3
2018-08-05,Standard Class,Consumer,Indianapolis,Indiana,Central,Office Supplies,Labels,133.2,8,3
2016-08-10,Standard Class,Consumer,Redmond,Oregon,West,Technology,Phones,438.368,8,3
2016-08-10,Standard Class,Consumer,Redmond,Oregon,West,Technology,Phones,139.944,8,3
2016-08-10,Standard Class,Consumer,Redmond,Oregon,West,Office Supplies,Appliances,133.472,8,3
2017-12-15,Standard Class,Home Office,Springfield,Oregon,West,Office Supplies,Appliances,87.168,12,4
2018-09-08,First Class,Corporate,Arlington,Texas,Central,Office Supplies,Binders,42.616,9,3
2018-09-08,First Class,Corporate,Arlington,Texas,Central,Technology,Copiers,319.984,9,3
2018-09-08,First Class,Corporate,Arlington,Texas,Central,Office Supplies,Fasteners,45.92,9,3
2018-09-08,First Class,Corporate,Arlington,Texas,Central,Furniture,Furnishings,21.184,9,3
2018-09-08,First Class,Corporate,Arlington,Texas,Central,Office Supplies,Paper,20.736,9,3
2018-09-08,First Class,Corporate,Arlington,Texas,Central,Furniture,Chairs,213.43,9,3
2018-02-20,Standard Class,Home Office,Gilbert,Arizona,West,Technology,Phones,333.576,2,1
2018-02-20,Standard Class,Home Office,Gilbert,Arizona,West,Technology,Accessories,31.992,2,1
2018-02-20,Standard Class,Home Office,Gilbert,Arizona,West,Office Supplies,Storage,51.168,2,1
2018-02-20,Standard Class,Home Office,Gilbert,Arizona,West,Office Supplies,Envelopes,10.64,2,1
2018-02-20,Standard Class,Home Office,Gilbert,Arizona,West,Furniture,Furnishings,68.704,2,1
2018-02-20,Standard Class,Home Office,Gilbert,Arizona,West,Furniture,Tables,386.91,2,1
2016-08-08,Second Class,Consumer,Lawrence,Massachusetts,East,Office Supplies,Art,39.66,8,3
2016-08-08,Second Class,Consumer,Lawrence,Massachusetts,East,Office Supplies,Appliances,113.92,8,3
2016-08-08,Second Class,Consumer,Lawrence,Massachusetts,East,Office Supplies,Binders,447.86,8,3
2018-10-26,Standard Class,Consumer,Virginia Beach,Virginia,South,Furniture,Tables,356.85,10,4
2018-10-26,Standard Class,Consumer,Virginia Beach,Virginia,South,Office Supplies,Envelopes,251.58,10,4
2017-07-14,Second Class,Consumer,Irving,Texas,Central,Office Supplies,Paper,219.84,7,3
2018-05-12,Second Class,Consumer,Vineland,New Jersey,East,Furniture,Furnishings,42.85,5,2
2018-05-12,Second Class,Consumer,Vineland,New Jersey,East,Office Supplies,Labels,6.16,5,2
2018-05-12,Second Class,Consumer,Vineland,New Jersey,East,Office Supplies,Supplies,17.0,5,2
2018-05-12,Second Class,Consumer,Vineland,New Jersey,East,Technology,Accessories,87.4,5,2
2018-05-25,Standard Class,Home Office,Columbus,Georgia,South,Office Supplies,Binders,29.84,5,2
2015-08-23,Second Class,Corporate,Los Angeles,California,West,Office Supplies,Binders,49.568,8,3
2016-09-11,Standard Class,Corporate,San Diego,California,West,Office Supplies,Art,265.86,9,3
2016-09-05,Standard Class,Home Office,Charlottesville,Virginia,South,Furniture,Furnishings,67.96,9,3
2016-11-21,Second Class,Consumer,Lawrence,Indiana,Central,Office Supplies,Art,10.92,11,4
2016-11-21,Second Class,Consumer,Lawrence,Indiana,Central,Technology,Machines,83.9,11,4
2016-11-21,Second Class,Consumer,Lawrence,Indiana,Central,Office Supplies,Appliances,19.75,11,4
2016-11-21,Second Class,Consumer,Lawrence,Indiana,Central,Technology,Accessories,393.54,11,4
2015-10-10,Standard Class,Home Office,Phoenix,Arizona,West,Furniture,Furnishings,46.872,10,4
2018-09-02,Second Class,Consumer,Meriden,Connecticut,East,Office Supplies,Storage,10.9,9,3
2018-09-02,Second Class,Consumer,Meriden,Connecticut,East,Office Supplies,Paper,79.92,9,3
2018-09-02,Second Class,Consumer,Meriden,Connecticut,East,Office Supplies,Paper,146.82,9,3
2018-01-01,First Class,Home Office,Franklin,Wisconsin,Central,Office Supplies,Binders,3.6,1,1
2015-11-05,Standard Class,Home Office,Los Angeles,California,West,Furniture,Furnishings,20.04,11,4
2016-12-17,Standard Class,Consumer,Bloomington,Illinois,Central,Office Supplies,Storage,180.016,12,4
2016-12-17,Standard Class,Consumer,Bloomington,Illinois,Central,Furniture,Furnishings,41.552,12,4
2016-12-17,Standard Class,Consumer,Bloomington,Illinois,Central,Office Supplies,Art,13.12,12,4
2018-03-10,Second Class,Corporate,San Francisco,California,West,Technology,Accessories,111.96,3,1
2018-12-02,Standard Class,Corporate,Houston,Texas,Central,Office Supplies,Art,12.16,12,4
2018-07-31,Standard Class,Corporate,Milwaukee,Wisconsin,Central,Office Supplies,Binders,17.52,7,3
2018-07-31,Standard Class,Corporate,Milwaukee,Wisconsin,Central,Office Supplies,Appliances,155.88,7,3
2018-08-11,Second Class,Home Office,Lake Charles,Louisiana,South,Office Supplies,Binders,477.51,8,3
2018-09-30,Second Class,Consumer,Baltimore,Maryland,East,Office Supplies,Paper,164.88,9,3
2017-08-26,Standard Class,Home Office,Franklin,Wisconsin,Central,Technology,Accessories,47.97,8,3
2017-12-02,Standard Class,Consumer,New York City,New York,East,Office Supplies,Binders,415.176,12,4
2017-12-02,Standard Class,Consumer,New York City,New York,East,Office Supplies,Binders,35.232,12,4
2017-12-02,Standard Class,Consumer,New York City,New York,East,Office Supplies,Paper,54.96,12,4
2018-07-21,Standard Class,Consumer,San Diego,California,West,Office Supplies,Paper,16.34,7,3
2018-07-21,Standard Class,Consumer,San Diego,California,West,Furniture,Chairs,225.296,7,3
2018-07-21,Standard Class,Consumer,San Diego,California,West,Office Supplies,Binders,50.352,7,3
2016-05-20,Standard Class,Consumer,Wilson,North Carolina,South,Furniture,Furnishings,163.136,5,2
2016-05-20,Standard Class,Consumer,Wilson,North Carolina,South,Office Supplies,Binders,6.408,5,2
2016-06-23,Standard Class,Consumer,Long Beach,California,West,Technology,Phones,217.584,6,2
2016-06-23,Standard Class,Consumer,Long Beach,California,West,Office Supplies,Fasteners,5.43,6,2
2016-06-23,Standard Class,Consumer,Long Beach,California,West,Technology,Phones,143.976,6,2
2015-04-13,Standard Class,Home Office,Baltimore,Maryland,East,Office Supplies,Labels,7.83,4,2
2016-11-14,Standard Class,Consumer,Rio Rancho,New Mexico,West,Furniture,Chairs,230.352,11,4
2017-12-09,First Class,Corporate,Stockton,California,West,Office Supplies,Binders,273.92,12,4
2018-08-18,Second Class,Consumer,Columbus,Ohio,East,Office Supplies,Art,9.912,8,3
2018-12-14,Same Day,Consumer,Skokie,Illinois,Central,Furniture,Furnishings,266.352,12,4
2018-12-14,Same Day,Consumer,Skokie,Illinois,Central,Furniture,Furnishings,56.328,12,4
2018-12-14,Same Day,Consumer,Skokie,Illinois,Central,Technology,Accessories,39.264,12,4
2018-12-14,Same Day,Consumer,Skokie,Illinois,Central,Office Supplies,Art,95.232,12,4
2017-04-08,Standard Class,Home Office,Hot Springs,Arkansas,South,Office Supplies,Fasteners,30.0,4,2
2017-04-08,Standard Class,Home Office,Hot Springs,Arkansas,South,Office Supplies,Paper,25.92,4,2
2017-04-08,Standard Class,Home Office,Hot Springs,Arkansas,South,Furniture,Furnishings,159.92,4,2
2017-12-16,First Class,Consumer,Goldsboro,North Carolina,South,Office Supplies,Appliances,34.944,12,4
2018-09-19,Standard Class,Corporate,Los Angeles,California,West,Technology,Accessories,149.95,9,3
2018-09-19,Standard Class,Corporate,Los Angeles,California,West,Office Supplies,Art,23.32,9,3
2018-09-19,Standard Class,Corporate,Los Angeles,California,West,Office Supplies,Art,16.74,9,3
2018-09-04,Second Class,Consumer,Nashua,New Hampshire,East,Office Supplies,Fasteners,14.82,9,3
2017-09-12,Standard Class,Consumer,Seattle,Washington,West,Office Supplies,Fasteners,10.47,9,3
2017-09-12,Standard Class,Consumer,Seattle,Washington,West,Office Supplies,Labels,11.07,9,3
2017-09-12,Standard Class,Consumer,Seattle,Washington,West,Office Supplies,Binders,20.704,9,3
2018-08-10,Second Class,Corporate,Richmond,Indiana,Central,Office Supplies,Paper,177.2,8,3
2017-11-04,Standard Class,Corporate,Miami,Florida,South,Furniture,Furnishings,50.496,11,4
2016-06-18,First Class,Corporate,Smyrna,Tennessee,South,Office Supplies,Binders,6.129,6,2
2016-06-18,First Class,Corporate,Smyrna,Tennessee,South,Office Supplies,Paper,20.736,6,2
2015-07-04,First Class,Corporate,Aurora,Colorado,West,Office Supplies,Paper,177.536,7,3
2015-07-04,First Class,Corporate,Aurora,Colorado,West,Office Supplies,Appliances,32.432,7,3
2016-12-20,Standard Class,Home Office,Miami,Florida,South,Office Supplies,Labels,11.696,12,4
2017-04-10,Standard Class,Consumer,San Francisco,California,West,Office Supplies,Appliances,113.76,4,2
2017-04-10,Standard Class,Consumer,San Francisco,California,West,Office Supplies,Storage,150.66,4,2
2017-04-10,Standard Class,Consumer,San Francisco,California,West,Office Supplies,Binders,48.032,4,2
2015-05-26,Standard Class,Consumer,Chicago,Illinois,Central,Office Supplies,Storage,102.624,5,2
2015-05-26,Standard Class,Consumer,Chicago,Illinois,Central,Furniture,Chairs,359.772,5,2
2015-05-26,Standard Class,Consumer,Chicago,Illinois,Central,Office Supplies,Art,13.392,5,2
2018-07-06,Standard Class,Consumer,Los Angeles,California,West,Furniture,Chairs,122.136,7,3
2016-02-16,Standard Class,Corporate,Dover,New Hampshire,East,Office Supplies,Paper,35.88,2,1
2018-06-16,Second Class,Consumer,Dublin,Ohio,East,Technology,Accessories,479.952,6,2
2018-06-16,Second Class,Consumer,Dublin,Ohio,East,Office Supplies,Art,23.92,6,2
2018-12-11,Standard Class,Consumer,New York City,New York,East,Office Supplies,Binders,14.952,12,4
2018-12-11,Standard Class,Consumer,New York City,New York,East,Office Supplies,Paper,17.94,12,4
2018-12-11,Standard Class,Consumer,New York City,New York,East,Technology,Phones,116.98,12,4
2017-06-28,Second Class,Consumer,Paterson,New Jersey,East,Furniture,Chairs,121.96,6,2
2017-06-28,Second Class,Consumer,Paterson,New Jersey,East,Office Supplies,Appliances,8.74,6,2
2017-06-28,Second Class,Consumer,Paterson,New Jersey,East,Office Supplies,Paper,61.96,6,2
2017-06-28,Second Class,Consumer,Paterson,New Jersey,East,Office Supplies,Binders,7.96,6,2
2017-06-28,Second Class,Consumer,Paterson,New Jersey,East,Office Supplies,Appliances,275.24,6,2
2018-09-15,Standard Class,Corporate,Lakewood,New Jersey,East,Furniture,Furnishings,47.4,9,3
2018-09-15,Standard Class,Corporate,Lakewood,New Jersey,East,Technology,Phones,395.94,9,3
2018-09-15,Standard Class,Corporate,Lakewood,New Jersey,East,Office Supplies,Storage,81.96,9,3
2018-12-02,Standard Class,Consumer,Greensboro,North Carolina,South,Office Supplies,Art,32.776,12,4
2018-06-26,Standard Class,Consumer,New York City,New York,East,Office Supplies,Storage,272.94,6,2
2017-07-24,Second Class,Corporate,New York City,New York,East,Furniture,Chairs,253.764,7,3
2017-09-02,Standard Class,Consumer,Chicago,Illinois,Central,Office Supplies,Labels,29.24,9,3
2017-09-02,Standard Class,Consumer,Chicago,Illinois,Central,Office Supplies,Storage,35.168,9,3
2018-04-20,Standard Class,Consumer,Chicago,Illinois,Central,Furniture,Chairs,317.058,4,2
2018-04-20,Standard Class,Consumer,Chicago,Illinois,Central,Office Supplies,Art,15.76,4,2
2018-04-20,Standard Class,Consumer,Chicago,Illinois,Central,Furniture,Furnishings,14.56,4,2
2015-08-12,Standard Class,Corporate,Lakewood,New Jersey,East,Office Supplies,Binders,196.21,8,3
2018-09-19,Standard Class,Home Office,Columbus,Georgia,South,Office Supplies,Art,35.4,9,3
2018-12-09,Standard Class,Corporate,Phoenix,Arizona,West,Office Supplies,Paper,419.4,12,4
2018-12-09,Standard Class,Corporate,Phoenix,Arizona,West,Office Supplies,Binders,13.005,12,4
2017-11-04,Standard Class,Home Office,Los Angeles,California,West,Office Supplies,Binders,7.712,11,4
2017-11-04,Standard Class,Home Office,Los Angeles,California,West,Office Supplies,Binders,4.176,11,4
2017-11-04,Standard Class,Home Office,Los Angeles,California,West,Office Supplies,Paper,38.88,11,4
2016-03-29,Standard Class,Consumer,New York City,New York,East,Office Supplies,Paper,17.64,3,1
2017-09-05,Standard Class,Consumer,San Antonio,Texas,Central,Office Supplies,Storage,93.456,9,3
2018-01-28,Standard Class,Home Office,New York City,New York,East,Technology,Accessories,449.91,1,1
2017-09-03,Second Class,Consumer,Baltimore,Maryland,East,Furniture,Bookcases,344.94,9,3
2017-09-03,Second Class,Consumer,Baltimore,Maryland,East,Furniture,Furnishings,14.76,9,3
2017-09-03,Second Class,Consumer,Baltimore,Maryland,East,Office Supplies,Binders,12.76,9,3
2017-09-03,Second Class,Consumer,Baltimore,Maryland,East,Office Supplies,Labels,58.48,9,3
2018-07-25,Second Class,Consumer,Philadelphia,Pennsylvania,East,Furniture,Furnishings,20.096,7,3
2018-07-25,Second Class,Consumer,Philadelphia,Pennsylvania,East,Office Supplies,Supplies,37.752,7,3
2018-07-25,Second Class,Consumer,Philadelphia,Pennsylvania,East,Furniture,Tables,138.588,7,3
2018-07-25,Second Class,Consumer,Philadelphia,Pennsylvania,East,Office Supplies,Storage,259.92,7,3
2018-07-25,Second Class,Consumer,Philadelphia,Pennsylvania,East,Office Supplies,Paper,20.736,7,3
2016-09-13,Standard Class,Consumer,Atlanta,Georgia,South,Furniture,Furnishings,129.93,9,3
2016-09-13,Standard Class,Consumer,Atlanta,Georgia,South,Office Supplies,Paper,69.93,9,3
2016-09-07,Second Class,Corporate,Durham,North Carolina,South,Office Supplies,Art,140.736,9,3
2017-11-16,First Class,Consumer,Roseville,California,West,Office Supplies,Binders,8.32,11,4
2017-11-10,Standard Class,Home Office,Sacramento,California,West,Furniture,Furnishings,9.98,11,4
2015-08-15,First Class,Consumer,Fairfield,Connecticut,East,Office Supplies,Binders,62.94,8,3
2016-11-16,Standard Class,Corporate,Chicago,Illinois,Central,Office Supplies,Storage,21.488,11,4
2016-11-16,Standard Class,Corporate,Chicago,Illinois,Central,Technology,Phones,239.976,11,4
2016-11-16,Standard Class,Corporate,Chicago,Illinois,Central,Furniture,Furnishings,34.504,11,4
2016-08-25,Same Day,Consumer,Houston,Texas,Central,Furniture,Furnishings,20.104,8,3
2016-08-25,Same Day,Consumer,Houston,Texas,Central,Office Supplies,Binders,3.798,8,3
2016-08-25,Same Day,Consumer,Houston,Texas,Central,Furniture,Furnishings,7.88,8,3
2017-12-25,Standard Class,Corporate,Phoenix,Arizona,West,Furniture,Tables,35.445,12,4
2017-12-25,Standard Class,Corporate,Phoenix,Arizona,West,Technology,Machines,269.97,12,4
2017-12-25,Standard Class,Corporate,Phoenix,Arizona,West,Technology,Accessories,45.12,12,4
2017-12-25,Standard Class,Corporate,Phoenix,Arizona,West,Technology,Accessories,100.8,12,4
2017-12-25,Standard Class,Corporate,Phoenix,Arizona,West,Furniture,Chairs,47.968,12,4
2015-10-05,First Class,Consumer,Pomona,California,West,Technology,Accessories,99.98,10,4
2015-11-22,First Class,Corporate,Atlanta,Georgia,South,Office Supplies,Paper,9.96,11,4
2018-12-25,Standard Class,Corporate,Everett,Washington,West,Office Supplies,Binders,3.856,12,4
2016-03-31,Standard Class,Corporate,Houston,Texas,Central,Office Supplies,Paper,98.376,3,1
2016-03-31,Standard Class,Corporate,Houston,Texas,Central,Furniture,Furnishings,22.38,3,1
2018-09-14,First Class,Consumer,Philadelphia,Pennsylvania,East,Office Supplies,Binders,3.882,9,3
2018-09-14,First Class,Consumer,Philadelphia,Pennsylvania,East,Technology,Machines,12.585,9,3
2018-09-14,First Class,Consumer,Philadelphia,Pennsylvania,East,Furniture,Chairs,113.372,9,3
2018-09-14,First Class,Consumer,Philadelphia,Pennsylvania,East,Office Supplies,Binders,18.312,9,3
2018-09-14,First Class,Consumer,Philadelphia,Pennsylvania,East,Furniture,Furnishings,127.936,9,3
2018-09-14,First Class,Consumer,Philadelphia,Pennsylvania,East,Technology,Machines,241.17,9,3
2015-06-17,Standard Class,Consumer,Seattle,Washington,West,Furniture,Furnishings,6.24,6,2
2015-06-17,Standard Class,Consumer,Seattle,Washington,West,Office Supplies,Fasteners,17.9,6,2
2018-12-28,Standard Class,Corporate,Peoria,Illinois,Central,Office Supplies,Binders,1.68,12,4
2018-12-28,Standard Class,Corporate,Peoria,Illinois,Central,Furniture,Furnishings,7.968,12,4
2018-12-28,Standard Class,Corporate,Peoria,Illinois,Central,Furniture,Chairs,113.372,12,4
2018-12-28,Standard Class,Corporate,Peoria,Illinois,Central,Furniture,Furnishings,2.96,12,4
2018-11-02,Standard Class,Consumer,Los Angeles,California,West,Office Supplies,Appliances,168.1,11,4
2016-07-25,Standard Class,Corporate,Montgomery,Alabama,South,Office Supplies,Envelopes,98.46,7,3
2016-07-25,Standard Class,Corporate,Montgomery,Alabama,South,Furniture,Tables,358.58,7,3
2017-10-02,Standard Class,Corporate,Lafayette,Indiana,Central,Office Supplies,Storage,32.48,10,4
2017-10-02,Standard Class,Corporate,Lafayette,Indiana,Central,Office Supplies,Binders,34.37,10,4
2017-10-02,Standard Class,Corporate,Lafayette,Indiana,Central,Office Supplies,Art,33.96,10,4
2017-12-24,Second Class,Corporate,New York City,New York,East,Technology,Phones,197.97,12,4
2018-07-21,Standard Class,Consumer,New York City,New York,East,Office Supplies,Appliances,17.48,7,3
2016-10-10,Standard Class,Consumer,Chicago,Illinois,Central,Office Supplies,Art,8.016,10,4
2017-09-08,Same Day,Consumer,Santa Ana,California,West,Furniture,Tables,146.04,9,3
2017-11-20,Standard Class,Corporate,Montebello,California,West,Technology,Accessories,27.88,11,4
2018-10-15,Standard Class,Corporate,Thousand Oaks,California,West,Office Supplies,Labels,152.65,10,4
2018-10-15,Standard Class,Corporate,Thousand Oaks,California,West,Furniture,Furnishings,22.72,10,4
2016-07-06,Standard Class,Corporate,Vineland,New Jersey,East,Office Supplies,Art,11.12,7,3
2018-02-05,Standard Class,Corporate,Torrance,California,West,Technology,Phones,371.2,2,1
2016-12-06,First Class,Home Office,Troy,Ohio,East,Office Supplies,Binders,14.832,12,4
2017-09-12,Standard Class,Corporate,Springfield,Virginia,South,Technology,Accessories,20.7,9,3
2017-09-12,Standard Class,Corporate,Springfield,Virginia,South,Office Supplies,Fasteners,11.34,9,3
2017-09-12,Standard Class,Corporate,Springfield,Virginia,South,Office Supplies,Storage,67.9,9,3
2015-07-06,Standard Class,Home Office,El Cajon,California,West,Furniture,Chairs,478.48,7,3
2017-05-09,Standard Class,Corporate,Los Angeles,California,West,Office Supplies,Paper,32.04,5,2
2017-07-18,Standard Class,Consumer,Phoenix,Arizona,West,Technology,Phones,55.992,7,3
2017-06-18,First Class,Consumer,Frankfort,Illinois,Central,Office Supplies,Paper,76.864,6,2
2015-04-20,Standard Class,Consumer,Los Angeles,California,West,Furniture,Furnishings,59.92,4,2
2017-01-08,Standard Class,Corporate,Franklin,Wisconsin,Central,Office Supplies,Binders,106.05,1,1
2018-12-23,Second Class,Corporate,Little Rock,Arkansas,South,Office Supplies,Storage,62.04,12,4
2018-12-23,Second Class,Corporate,Little Rock,Arkansas,South,Technology,Phones,494.97,12,4
2018-12-23,Second Class,Corporate,Little Rock,Arkansas,South,Office Supplies,Storage,367.96,12,4
2018-12-23,Second Class,Corporate,Little Rock,Arkansas,South,Office Supplies,Paper,44.96,12,4
2018-12-23,Second Class,Corporate,Little Rock,Arkansas,South,Office Supplies,Envelopes,182.94,12,4
2018-04-17,Standard Class,Consumer,Los Angeles,California,West,Office Supplies,Paper,28.14,4,2
2018-04-17,Standard Class,Consumer,Los Angeles,California,West,Office Supplies,Labels,7.38,4,2
2018-04-17,Standard Class,Consumer,Los Angeles,California,West,Office Supplies,Fasteners,10.9,4,2
2018-04-17,Standard Class,Consumer,Los Angeles,California,West,Technology,Accessories,274.89,4,2
2018-04-17,Standard Class,Consumer,Los Angeles,California,West,Office Supplies,Labels,23.04,4,2
2018-04-17,Standard Class,Consumer,Los Angeles,California,West,Furniture,Chairs,218.352,4,2
2018-12-01,Standard Class,Corporate,San Antonio,Texas,Central,Office Supplies,Paper,10.368,12,4
2017-08-21,Standard Class,Corporate,Los Angeles,California,West,Office Supplies,Binders,12.672,8,3
2017-08-21,Standard Class,Corporate,Los Angeles,California,West,Technology,Phones,91.96,8,3
2017-08-21,Standard Class,Corporate,Los Angeles,California,West,Technology,Accessories,254.97,8,3
2017-08-21,Standard Class,Corporate,Los Angeles,California,West,Technology,Phones,31.984,8,3
2017-08-21,Standard Class,Corporate,Los Angeles,California,West,Office Supplies,Paper,12.96,8,3
2017-08-21,Standard Class,Corporate,Los Angeles,California,West,Office Supplies,Paper,47.52,8,3
2017-12-05,Second Class,Corporate,Chicago,Illinois,Central,Office Supplies,Labels,11.952,12,4
2016-12-16,First Class,Consumer,Seattle,Washington,West,Office Supplies,Paper,4.98,12,4
2015-10-17,Second Class,Consumer,Beaumont,Texas,Central,Office Supplies,Binders,10.78,10,4
2015-10-17,Second Class,Consumer,Beaumont,Texas,Central,Technology,Accessories,119.976,10,4
2017-09-05,Standard Class,Consumer,Chesapeake,Virginia,South,Office Supplies,Labels,25.06,9,3
2016-10-15,Same Day,Consumer,Dallas,Texas,Central,Furniture,Furnishings,131.376,10,4
2016-10-15,Same Day,Consumer,Dallas,Texas,Central,Office Supplies,Paper,5.344,10,4
2016-12-01,Second Class,Home Office,Seattle,Washington,West,Office Supplies,Paper,32.4,12,4
2016-12-01,Second Class,Home Office,Seattle,Washington,West,Office Supplies,Storage,146.73,12,4
2016-12-01,Second Class,Home Office,Seattle,Washington,West,Office Supplies,Paper,114.2,12,4
2018-09-10,Standard Class,Consumer,Springfield,Ohio,East,Technology,Accessories,37.056,9,3
2018-09-10,Standard Class,Consumer,Springfield,Ohio,East,Technology,Phones,259.896,9,3
2018-04-25,Standard Class,Consumer,Los Angeles,California,West,Office Supplies,Paper,19.05,4,2
2018-04-25,Standard Class,Consumer,Los Angeles,California,West,Office Supplies,Binders,73.344,4,2
2018-09-18,Standard Class,Corporate,Columbus,Georgia,South,Technology,Phones,95.68,9,3
2018-09-18,Standard Class,Corporate,Columbus,Georgia,South,Office Supplies,Paper,50.96,9,3
2018-09-18,Standard Class,Corporate,Columbus,Georgia,South,Office Supplies,Art,113.94,9,3
2018-09-18,Standard Class,Corporate,Columbus,Georgia,South,Office Supplies,Paper,25.92,9,3
2018-09-18,Standard Class,Corporate,Columbus,Georgia,South,Furniture,Furnishings,20.32,9,3
2018-09-18,Standard Class,Corporate,Columbus,Georgia,South,Technology,Phones,411.98,9,3
2018-09-18,Standard Class,Corporate,Columbus,Georgia,South,Office Supplies,Supplies,34.48,9,3
2018-09-18,Standard Class,Corporate,Columbus,Georgia,South,Office Supplies,Paper,244.55,9,3
2018-08-18,Standard Class,Consumer,Lakewood,Ohio,East,Office Supplies,Binders,10.782,8,3
2016-05-24,Second Class,Consumer,Naperville,Illinois,Central,Office Supplies,Binders,7.656,5,2
2018-09-02,Standard Class,Corporate,Chicago,Illinois,Central,Office Supplies,Fasteners,16.0,9,3
2018-09-02,Standard Class,Corporate,Chicago,Illinois,Central,Office Supplies,Appliances,5.588,9,3
2018-09-02,Standard Class,Corporate,Chicago,Illinois,Central,Office Supplies,Storage,235.92,9,3
2018-12-06,Second Class,Corporate,Brentwood,California,West,Office Supplies,Storage,10.68,12,4
2018-05-20,Same Day,Corporate,Trenton,Michigan,Central,Office Supplies,Binders,41.28,5,2
2018-12-10,Standard Class,Corporate,North Charleston,South Carolina,South,Furniture,Furnishings,14.76,12,4
2015-09-13,Second Class,Consumer,Columbus,Ohio,East,Office Supplies,Binders,2.502,9,3
2018-07-29,Standard Class,Consumer,Seattle,Washington,West,Furniture,Bookcases,115.96,7,3
2018-08-01,Second Class,Consumer,San Francisco,California,West,Office Supplies,Storage,186.54,8,3
2018-05-02,Second Class,Corporate,Los Angeles,California,West,Technology,Accessories,159.56,5,2
2016-06-12,Standard Class,Consumer,West Palm Beach,Florida,South,Technology,Phones,55.984,6,2
2015-12-22,Standard Class,Consumer,Chicago,Illinois,Central,Office Supplies,Storage,132.16,12,4
2015-12-22,Standard Class,Consumer,Chicago,Illinois,Central,Office Supplies,Binders,17.904,12,4
2015-12-22,Standard Class,Consumer,Chicago,Illinois,Central,Office Supplies,Paper,124.032,12,4
2017-04-16,Second Class,Consumer,Seattle,Washington,West,Office Supplies,Supplies,28.8,4,2
2016-05-21,Standard Class,Corporate,Philadelphia,Pennsylvania,East,Office Supplies,Binders,24.588,5,2
2018-02-26,Standard Class,Consumer,Santa Barbara,California,West,Office Supplies,Appliances,356.79,2,1
2018-04-04,Standard Class,Home Office,New York City,New York,East,Office Supplies,Envelopes,16.98,4,2
2016-03-16,Second Class,Consumer,Auburn,Alabama,South,Office Supplies,Labels,491.55,3,1
2016-03-16,Second Class,Consumer,Auburn,Alabama,South,Office Supplies,Envelopes,7.38,3,1
2016-11-30,Standard Class,Consumer,New York City,New York,East,Office Supplies,Paper,23.66,11,4
2017-07-28,Standard Class,Consumer,Los Angeles,California,West,Office Supplies,Labels,18.9,7,3
2017-06-23,Second Class,Consumer,San Francisco,California,West,Office Supplies,Storage,93.68,6,2
2017-06-23,Second Class,Consumer,San Francisco,California,West,Office Supplies,Labels,21.93,6,2
2017-06-23,Second Class,Consumer,San Francisco,California,West,Office Supplies,Paper,19.98,6,2
2015-07-14,Standard Class,Consumer,Philadelphia,Pennsylvania,East,Technology,Phones,13.494,7,3
2015-07-14,Standard Class,Consumer,Philadelphia,Pennsylvania,East,Technology,Phones,23.988,7,3
2015-07-14,Standard Class,Consumer,Philadelphia,Pennsylvania,East,Furniture,Furnishings,31.984,7,3
2015-07-14,Standard Class,Consumer,Philadelphia,Pennsylvania,East,Office Supplies,Art,41.584,7,3
2018-11-30,Second Class,Corporate,El Paso,Texas,Central,Technology,Accessories,95.976,11,4
2017-09-02,First Class,Home Office,Chicago,Illinois,Central,Furniture,Furnishings,84.272,9,3
2015-06-15,Same Day,Consumer,El Paso,Texas,Central,Office Supplies,Paper,36.544,6,2
2017-11-05,Standard Class,Consumer,Seattle,Washington,West,Technology,Accessories,479.72,11,4
2018-06-26,Standard Class,Corporate,New York City,New York,East,Office Supplies,Binders,102.368,6,2
2018-06-26,Standard Class,Corporate,New York City,New York,East,Office Supplies,Supplies,28.4,6,2
2018-06-26,Standard Class,Corporate,New York City,New York,East,Office Supplies,Paper,68.52,6,2
2015-09-23,Standard Class,Corporate,Newark,Delaware,East,Office Supplies,Binders,11.12,9,3
2016-11-09,Standard Class,Home Office,Roseville,California,West,Office Supplies,Fasteners,2.48,11,4
2016-04-25,Standard Class,Consumer,Aurora,Illinois,Central,Office Supplies,Storage,221.024,4,2
2016-04-25,Standard Class,Consumer,Aurora,Illinois,Central,Furniture,Chairs,128.058,4,2
2018-11-19,Same Day,Home Office,New York City,New York,East,Office Supplies,Binders,58.408,11,4
2018-11-19,Same Day,Home Office,New York City,New York,East,Furniture,Tables,79.974,11,4
2016-11-20,Standard Class,Corporate,Dallas,Texas,Central,Technology,Machines,479.988,11,4
2016-10-02,First Class,Consumer,Los Angeles,California,West,Office Supplies,Binders,11.808,10,4
2016-10-02,First Class,Consumer,Los Angeles,California,West,Office Supplies,Binders,53.568,10,4
2016-04-25,Standard Class,Corporate,Los Angeles,California,West,Office Supplies,Envelopes,21.34,4,2
2017-07-14,Standard Class,Consumer,Columbus,Georgia,South,Office Supplies,Binders,36.4,7,3
2017-07-14,Standard Class,Consumer,Columbus,Georgia,South,Furniture,Furnishings,51.75,7,3
2016-09-27,Second Class,Home Office,San Francisco,California,West,Office Supplies,Storage,15.51,9,3
2016-09-27,Second Class,Home Office,San Francisco,California,West,Office Supplies,Paper,146.82,9,3
2016-09-27,Second Class,Home Office,San Francisco,California,West,Office Supplies,Paper,12.96,9,3
2018-11-10,Same Day,Home Office,Riverside,California,West,Office Supplies,Art,7.8,11,4
2017-07-16,Second Class,Corporate,Columbia,South Carolina,South,Office Supplies,Envelopes,10.2,7,3
2017-07-16,Second Class,Corporate,Columbia,South Carolina,South,Office Supplies,Art,22.32,7,3
2017-07-16,Second Class,Corporate,Columbia,South Carolina,South,Office Supplies,Binders,24.1,7,3
2017-07-16,Second Class,Corporate,Columbia,South Carolina,South,Technology,Accessories,75.98,7,3
2017-07-16,Second Class,Corporate,Columbia,South Carolina,South,Office Supplies,Binders,6.46,7,3
2017-07-16,Second Class,Corporate,Columbia,South Carolina,South,Office Supplies,Paper,60.12,7,3
2017-01-10,Second Class,Consumer,Longview,Washington,West,Furniture,Furnishings,24.85,1,1
2018-09-19,Standard Class,Consumer,Phoenix,Arizona,West,Office Supplies,Storage,12.624,9,3
2018-09-19,Standard Class,Consumer,Phoenix,Arizona,West,Technology,Accessories,89.584,9,3
2018-09-19,Standard Class,Consumer,Phoenix,Arizona,West,Technology,Phones,471.92,9,3
2018-09-19,Standard Class,Consumer,Phoenix,Arizona,West,Office Supplies,Binders,18.18,9,3
2018-09-15,Standard Class,Consumer,Houston,Texas,Central,Office Supplies,Art,31.744,9,3
2016-06-28,Standard Class,Corporate,Gilbert,Arizona,West,Office Supplies,Labels,5.904,6,2
2017-11-25,First Class,Consumer,Jonesboro,Arkansas,South,Technology,Phones,59.98,11,4
2018-11-25,Second Class,Consumer,Atlanta,Georgia,South,Office Supplies,Paper,48.87,11,4
2018-01-14,Standard Class,Consumer,Los Angeles,California,West,Office Supplies,Paper,154.9,1,1
2015-11-07,First Class,Corporate,New York City,New York,East,Office Supplies,Fasteners,5.92,11,4
2015-11-07,First Class,Corporate,New York City,New York,East,Office Supplies,Paper,30.18,11,4
2017-09-01,Standard Class,Consumer,Detroit,Michigan,Central,Office Supplies,Binders,24.1,9,3
2017-09-01,Standard Class,Consumer,Detroit,Michigan,Central,Technology,Phones,8.78,9,3
2017-09-01,Standard Class,Consumer,Detroit,Michigan,Central,Office Supplies,Appliances,376.74,9,3
2017-09-01,Standard Class,Consumer,Detroit,Michigan,Central,Office Supplies,Binders,29.52,9,3
2017-09-01,Standard Class,Consumer,Detroit,Michigan,Central,Office Supplies,Art,11.96,9,3
2017-09-01,Standard Class,Consumer,Detroit,Michigan,Central,Office Supplies,Binders,26.4,9,3
2018-12-11,First Class,Consumer,Abilene,Texas,Central,Office Supplies,Appliances,1.392,12,4
2016-11-08,Second Class,Consumer,Hampton,Virginia,South,Office Supplies,Appliances,44.43,11,4
2016-11-08,Second Class,Consumer,Hampton,Virginia,South,Technology,Phones,226.2,11,4
2016-11-08,Second Class,Consumer,Hampton,Virginia,South,Furniture,Furnishings,186.54,11,4
2016-11-08,Second Class,Consumer,Hampton,Virginia,South,Office Supplies,Art,265.86,11,4
2016-11-08,Second Class,Consumer,Hampton,Virginia,South,Office Supplies,Art,27.9,11,4
2016-11-19,Standard Class,Corporate,Las Vegas,Nevada,West,Office Supplies,Appliances,31.08,11,4
2018-12-23,Second Class,Corporate,Rockford,Illinois,Central,Office Supplies,Binders,13.84,12,4
2018-12-23,Second Class,Corporate,Rockford,Illinois,Central,Office Supplies,Paper,175.872,12,4
2017-09-16,Standard Class,Home Office,Laguna Niguel,California,West,Office Supplies,Paper,12.96,9,3
2018-05-26,First Class,Corporate,Louisville,Kentucky,South,Office Supplies,Appliances,208.44,5,2
2018-05-26,First Class,Corporate,Louisville,Kentucky,South,Office Supplies,Supplies,25.76,5,2
2016-03-30,Standard Class,Home Office,Normal,Illinois,Central,Furniture,Chairs,366.744,3,1
2015-08-19,Second Class,Corporate,Los Angeles,California,West,Furniture,Furnishings,289.24,8,3
2015-08-19,Second Class,Corporate,Los Angeles,California,West,Office Supplies,Binders,69.456,8,3
2015-12-23,Standard Class,Corporate,Port Arthur,Texas,Central,Office Supplies,Paper,5.184,12,4
2016-11-01,Standard Class,Consumer,New York City,New York,East,Furniture,Chairs,205.164,11,4
2015-12-15,Standard Class,Corporate,Chicago,Illinois,Central,Furniture,Furnishings,8.544,12,4
2016-08-21,Standard Class,Corporate,Springfield,Ohio,East,Office Supplies,Binders,12.828,8,3
2016-08-21,Standard Class,Corporate,Springfield,Ohio,East,Furniture,Furnishings,25.984,8,3
2015-05-23,Standard Class,Consumer,New York City,New York,East,Office Supplies,Binders,17.96,5,2
2015-05-23,Standard Class,Consumer,New York City,New York,East,Office Supplies,Supplies,5.04,5,2
2015-05-23,Standard Class,Consumer,New York City,New York,East,Office Supplies,Appliances,208.16,5,2
2018-12-09,Second Class,Home Office,Salinas,California,West,Furniture,Bookcases,148.257,12,4
2015-03-11,Second Class,Corporate,Richmond,Kentucky,South,Office Supplies,Appliances,146.76,3,1
2015-03-11,Second Class,Corporate,Richmond,Kentucky,South,Technology,Accessories,32.96,3,1
2015-03-11,Second Class,Corporate,Richmond,Kentucky,South,Office Supplies,Paper,14.94,3,1
2017-06-23,Second Class,Consumer,New York City,New York,East,Office Supplies,Labels,25.83,6,2
2015-08-23,Standard Class,Consumer,Denver,Colorado,West,Office Supplies,Paper,15.552,8,3
2015-08-23,Standard Class,Consumer,Denver,Colorado,West,Office Supplies,Supplies,6.8,8,3
2015-08-23,Standard Class,Consumer,Denver,Colorado,West,Furniture,Furnishings,4.224,8,3
2015-08-23,Standard Class,Consumer,Denver,Colorado,West,Technology,Phones,143.64,8,3
2015-08-23,Standard Class,Consumer,Denver,Colorado,West,Office Supplies,Paper,31.104,8,3
2015-08-23,Standard Class,Consumer,Denver,Colorado,West,Office Supplies,Paper,223.056,8,3
2018-02-06,Standard Class,Corporate,New York City,New York,East,Technology,Phones,227.46,2,1
2018-02-06,Standard Class,Corporate,New York City,New York,East,Office Supplies,Binders,46.24,2,1
2018-01-29,Standard Class,Consumer,New York City,New York,East,Office Supplies,Labels,5.22,1,1
2017-12-20,Second Class,Consumer,Fremont,Nebraska,Central,Office Supplies,Paper,33.9,12,4
2017-11-11,Standard Class,Corporate,New York City,New York,East,Office Supplies,Storage,28.14,11,4
2017-11-11,Standard Class,Corporate,New York City,New York,East,Technology,Accessories,36.0,11,4
2017-11-11,Standard Class,Corporate,New York City,New York,East,Office Supplies,Art,92.94,11,4
2017-11-11,Standard Class,Corporate,New York City,New York,East,Furniture,Chairs,245.646,11,4
2017-11-11,Standard Class,Corporate,New York City,New York,East,Office Supplies,Binders,55.008,11,4
2017-11-11,Standard Class,Corporate,New York City,New York,East,Office Supplies,Binders,35.232,11,4
2015-05-02,Second Class,Consumer,Lakeland,Florida,South,Technology,Copiers,479.984,5,2
2018-09-22,Standard Class,Consumer,Smyrna,Georgia,South,Office Supplies,Paper,12.96,9,3
2018-09-22,Standard Class,Consumer,Smyrna,Georgia,South,Office Supplies,Art,17.94,9,3
2018-12-17,Standard Class,Consumer,New York City,New York,East,Office Supplies,Storage,166.72,12,4
2018-12-17,Standard Class,Consumer,New York City,New York,East,Office Supplies,Binders,24.816,12,4
2018-12-17,Standard Class,Consumer,New York City,New York,East,Furniture,Furnishings,124.36,12,4
2018-07-18,Standard Class,Consumer,Philadelphia,Pennsylvania,East,Furniture,Chairs,198.744,7,3
2018-07-18,Standard Class,Consumer,Philadelphia,Pennsylvania,East,Office Supplies,Supplies,9.184,7,3
2017-11-03,Standard Class,Corporate,Dallas,Texas,Central,Office Supplies,Paper,9.248,11,4
2015-04-08,Standard Class,Home Office,Concord,California,West,Furniture,Tables,99.592,4,2
2015-04-08,Standard Class,Home Office,Concord,California,West,Technology,Accessories,399.96,4,2
2017-08-14,First Class,Consumer,Nashville,Tennessee,South,Office Supplies,Paper,15.552,8,3
2015-09-25,Standard Class,Home Office,Aurora,Colorado,West,Office Supplies,Art,14.576,9,3
2017-12-11,Same Day,Consumer,Anaheim,California,West,Office Supplies,Binders,209.6,12,4
2017-12-11,Same Day,Consumer,Anaheim,California,West,Office Supplies,Art,23.32,12,4
2017-12-11,Same Day,Consumer,Anaheim,California,West,Office Supplies,Paper,30.98,12,4
2017-12-11,Same Day,Consumer,Anaheim,California,West,Technology,Accessories,119.96,12,4
2017-12-11,Same Day,Consumer,Anaheim,California,West,Furniture,Chairs,363.92,12,4
2017-12-11,Same Day,Consumer,Anaheim,California,West,Office Supplies,Binders,35.808,12,4
2017-12-11,Same Day,Consumer,Anaheim,California,West,Office Supplies,Binders,122.688,12,4
2017-12-11,Same Day,Consumer,Anaheim,California,West,Office Supplies,Storage,50.22,12,4
2017-12-11,Same Day,Consumer,Anaheim,California,West,Office Supplies,Appliances,83.42,12,4
2017-12-11,Same Day,Consumer,Anaheim,California,West,Office Supplies,Binders,5.872,12,4
2016-02-03,Second Class,Corporate,Pleasant Grove,Utah,West,Office Supplies,Binders,12.144,2,1
2017-12-29,Second Class,Consumer,Springfield,Oregon,West,Office Supplies,Envelopes,27.792,12,4
2018-08-31,Standard Class,Home Office,Salem,Oregon,West,Office Supplies,Supplies,6.208,8,3
2018-02-04,Standard Class,Consumer,Rochester,New York,East,Office Supplies,Appliances,32.67,2,1
2017-05-30,Standard Class,Home Office,Los Angeles,California,West,Office Supplies,Paper,38.88,5,2
2017-05-21,Standard Class,Corporate,Dallas,Texas,Central,Office Supplies,Binders,1.964,5,2
2017-05-21,Standard Class,Corporate,Dallas,Texas,Central,Office Supplies,Paper,82.656,5,2
2015-08-09,Standard Class,Consumer,Fresno,California,West,Office Supplies,Paper,5.98,8,3
2017-09-05,Second Class,Home Office,Chicago,Illinois,Central,Office Supplies,Paper,9.248,9,3
2017-07-23,Standard Class,Consumer,Mcallen,Texas,Central,Office Supplies,Art,4.448,7,3
2017-07-23,Standard Class,Consumer,Mcallen,Texas,Central,Office Supplies,Paper,5.184,7,3
2017-07-23,Standard Class,Consumer,Mcallen,Texas,Central,Office Supplies,Art,175.92,7,3
2017-07-23,Standard Class,Consumer,Mcallen,Texas,Central,Office Supplies,Binders,4.752,7,3
2017-07-23,Standard Class,Consumer,Mcallen,Texas,Central,Office Supplies,Supplies,13.344,7,3
2017-05-12,Standard Class,Consumer,Seattle,Washington,West,Office Supplies,Envelopes,54.9,5,2
2017-09-02,Standard Class,Consumer,Charlotte,North Carolina,South,Office Supplies,Binders,22.911,9,3
2017-09-02,Standard Class,Consumer,Charlotte,North Carolina,South,Office Supplies,Appliances,309.456,9,3
2017-09-02,Standard Class,Consumer,Charlotte,North Carolina,South,Office Supplies,Art,19.456,9,3
2017-09-02,Standard Class,Consumer,Charlotte,North Carolina,South,Furniture,Tables,472.518,9,3
2017-09-02,Standard Class,Consumer,Charlotte,North Carolina,South,Office Supplies,Binders,17.22,9,3
2018-07-21,Second Class,Corporate,Concord,California,West,Office Supplies,Art,3.52,7,3
2018-09-25,First Class,Corporate,Chester,Pennsylvania,East,Office Supplies,Binders,8.595,9,3
2018-09-25,First Class,Corporate,Chester,Pennsylvania,East,Office Supplies,Supplies,190.896,9,3
2018-08-03,Second Class,Consumer,Los Angeles,California,West,Office Supplies,Storage,99.87,8,3
2016-10-25,Second Class,Consumer,Sparks,Nevada,West,Office Supplies,Art,79.36,10,4
2018-06-15,Second Class,Corporate,Los Angeles,California,West,Technology,Phones,119.96,6,2
2016-01-09,Standard Class,Consumer,Henderson,Kentucky,South,Office Supplies,Paper,106.32,1,1
2016-01-09,Standard Class,Consumer,Henderson,Kentucky,South,Office Supplies,Appliances,163.44,1,1
2016-01-09,Standard Class,Consumer,Henderson,Kentucky,South,Office Supplies,Art,42.76,1,1
2016-01-09,Standard Class,Consumer,Henderson,Kentucky,South,Office Supplies,Paper,51.55,1,1
2016-02-09,Second Class,Consumer,Decatur,Illinois,Central,Technology,Accessories,479.952,2,1
2017-08-19,First Class,Consumer,New York City,New York,East,Office Supplies,Binders,146.688,8,3
2017-08-19,First Class,Consumer,New York City,New York,East,Office Supplies,Binders,276.784,8,3
2017-08-19,First Class,Consumer,New York City,New York,East,Office Supplies,Binders,25.32,8,3
2018-11-06,Standard Class,Consumer,New York City,New York,East,Office Supplies,Paper,318.96,11,4
2016-12-26,Second Class,Consumer,New York City,New York,East,Office Supplies,Paper,212.64,12,4
2015-11-23,Standard Class,Consumer,Scottsdale,Arizona,West,Office Supplies,Envelopes,23.472,11,4
2017-08-01,Second Class,Corporate,Amarillo,Texas,Central,Office Supplies,Paper,19.648,8,3
2015-09-21,First Class,Consumer,Philadelphia,Pennsylvania,East,Office Supplies,Binders,6.57,9,3
2018-09-04,Standard Class,Consumer,Santa Ana,California,West,Office Supplies,Storage,421.1,9,3
2018-06-19,Second Class,Corporate,Newark,Ohio,East,Furniture,Furnishings,38.784,6,2
2018-06-19,Second Class,Corporate,Newark,Ohio,East,Technology,Accessories,122.328,6,2
2017-04-19,Standard Class,Consumer,New York City,New York,East,Technology,Phones,25.98,4,2
2017-04-19,Standard Class,Consumer,New York City,New York,East,Office Supplies,Art,3.28,4,2
2017-04-19,Standard Class,Consumer,New York City,New York,East,Office Supplies,Storage,459.88,4,2
2017-04-19,Standard Class,Consumer,New York City,New York,East,Office Supplies,Supplies,7.76,4,2
2017-04-19,Standard Class,Consumer,New York City,New York,East,Office Supplies,Art,71.96,4,2
2017-04-19,Standard Class,Consumer,New York City,New York,East,Office Supplies,Supplies,54.9,4,2
2017-04-19,Standard Class,Consumer,New York City,New York,East,Office Supplies,Binders,9.28,4,2
2017-05-05,First Class,Corporate,Henderson,Nevada,West,Office Supplies,Binders,5.728,5,2
2015-10-18,Second Class,Consumer,Seattle,Washington,West,Office Supplies,Paper,61.96,10,4
2015-10-18,Second Class,Consumer,Seattle,Washington,West,Office Supplies,Binders,1.344,10,4
2018-02-13,Standard Class,Corporate,New York City,New York,East,Office Supplies,Paper,17.94,2,1
2018-11-17,Standard Class,Corporate,Seattle,Washington,West,Office Supplies,Binders,13.904,11,4
2015-01-20,Standard Class,Corporate,Smyrna,Tennessee,South,Office Supplies,Binders,67.194,1,1
2018-12-01,Standard Class,Consumer,Seattle,Washington,West,Office Supplies,Paper,41.86,12,4
2018-12-01,Standard Class,Consumer,Seattle,Washington,West,Furniture,Bookcases,141.96,12,4
2016-08-09,Standard Class,Corporate,New York City,New York,East,Furniture,Furnishings,10.02,8,3
2016-08-09,Standard Class,Corporate,New York City,New York,East,Office Supplies,Paper,144.12,8,3
2017-09-27,Second Class,Consumer,Atlanta,Georgia,South,Office Supplies,Paper,17.94,9,3
2017-09-27,Second Class,Consumer,Atlanta,Georgia,South,Office Supplies,Art,13.89,9,3
2017-11-14,Standard Class,Consumer,Newark,Delaware,East,Office Supplies,Paper,16.45,11,4
2017-11-14,Standard Class,Consumer,Newark,Delaware,East,Furniture,Furnishings,19.92,11,4
2017-04-16,Standard Class,Consumer,Nashville,Tennessee,South,Technology,Accessories,35.168,4,2
2017-04-16,Standard Class,Consumer,Nashville,Tennessee,South,Office Supplies,Paper,123.088,4,2
2018-11-26,Standard Class,Home Office,Richmond,Indiana,Central,Furniture,Tables,257.94,11,4
2018-11-26,Standard Class,Home Office,Richmond,Indiana,Central,Furniture,Furnishings,27.46,11,4
2018-11-26,Standard Class,Home Office,Richmond,Indiana,Central,Technology,Phones,89.98,11,4
2016-11-20,Standard Class,Consumer,Miami,Florida,South,Office Supplies,Binders,7.23,11,4
2016-11-20,Standard Class,Consumer,Miami,Florida,South,Office Supplies,Storage,17.44,11,4
2016-11-20,Standard Class,Consumer,Miami,Florida,South,Office Supplies,Binders,62.88,11,4
2016-11-20,Standard Class,Consumer,Miami,Florida,South,Furniture,Bookcases,290.352,11,4
2018-09-07,Same Day,Consumer,Saint Charles,Missouri,Central,Technology,Accessories,113.52,9,3
2018-09-07,Same Day,Consumer,Saint Charles,Missouri,Central,Furniture,Furnishings,135.3,9,3
2015-11-24,Standard Class,Home Office,Virginia Beach,Virginia,South,Furniture,Furnishings,111.15,11,4
2018-03-11,Standard Class,Home Office,Philadelphia,Pennsylvania,East,Office Supplies,Binders,12.294,3,1
2018-03-11,Standard Class,Home Office,Philadelphia,Pennsylvania,East,Furniture,Tables,154.764,3,1
2018-03-11,Standard Class,Home Office,Philadelphia,Pennsylvania,East,Office Supplies,Storage,43.28,3,1
2017-06-12,Standard Class,Consumer,Long Beach,New York,East,Office Supplies,Paper,92.94,6,2
2017-06-12,Standard Class,Consumer,Long Beach,New York,East,Office Supplies,Appliances,52.56,6,2
2018-12-22,Standard Class,Home Office,Tuscaloosa,Alabama,South,Furniture,Chairs,141.96,12,4
2018-12-22,Second Class,Consumer,Mesa,Arizona,West,Furniture,Tables,182.55,12,4
2015-10-09,Standard Class,Corporate,Jacksonville,North Carolina,South,Office Supplies,Paper,88.768,10,4
2016-12-10,Standard Class,Consumer,Chicago,Illinois,Central,Office Supplies,Appliances,53.088,12,4
2016-12-25,Second Class,Consumer,Columbus,Georgia,South,Furniture,Furnishings,275.88,12,4
2016-12-25,Second Class,Consumer,Columbus,Georgia,South,Office Supplies,Binders,157.9,12,4
2018-04-29,Standard Class,Consumer,Orange,New Jersey,East,Office Supplies,Labels,4.91,4,2
2017-03-28,Second Class,Consumer,Los Angeles,California,West,Office Supplies,Storage,87.92,3,1
2017-03-28,Second Class,Consumer,Los Angeles,California,West,Office Supplies,Paper,5.98,3,1
2016-05-13,Second Class,Home Office,Chicago,Illinois,Central,Technology,Phones,222.384,5,2
2016-05-13,Second Class,Home Office,Chicago,Illinois,Central,Office Supplies,Fasteners,16.0,5,2
2015-07-04,Standard Class,Consumer,Richmond,Virginia,South,Office Supplies,Paper,21.84,7,3
2015-07-04,Standard Class,Consumer,Richmond,Virginia,South,Office Supplies,Binders,15.6,7,3
2015-04-22,Second Class,Corporate,Troy,New York,East,Office Supplies,Envelopes,247.84,4,2
2015-04-22,Second Class,Corporate,Troy,New York,East,Office Supplies,Binders,9.912,4,2
2017-09-19,First Class,Consumer,Providence,Rhode Island,East,Office Supplies,Storage,69.52,9,3
2015-07-22,Second Class,Consumer,San Francisco,California,West,Office Supplies,Art,11.52,7,3
2015-07-22,Second Class,Consumer,San Francisco,California,West,Office Supplies,Storage,236.5,7,3
2015-07-22,Second Class,Consumer,San Francisco,California,West,Furniture,Tables,170.352,7,3
2018-10-08,Standard Class,Consumer,New York City,New York,East,Furniture,Chairs,145.764,10,4
2018-04-25,Second Class,Consumer,San Francisco,California,West,Technology,Accessories,107.97,4,2
2018-03-26,Standard Class,Corporate,Houston,Texas,Central,Technology,Accessories,143.96,3,1
2018-03-26,Standard Class,Corporate,Houston,Texas,Central,Office Supplies,Paper,74.352,3,1
2018-03-26,Standard Class,Corporate,Houston,Texas,Central,Office Supplies,Appliances,87.168,3,1
2018-03-26,Standard Class,Corporate,Houston,Texas,Central,Office Supplies,Storage,32.232,3,1
2018-05-04,Standard Class,Corporate,Philadelphia,Pennsylvania,East,Office Supplies,Binders,2.202,5,2
2018-05-04,Standard Class,Corporate,Philadelphia,Pennsylvania,East,Office Supplies,Binders,9.396,5,2
2017-11-14,Standard Class,Consumer,Baltimore,Maryland,East,Technology,Phones,89.97,11,4
2015-01-06,First Class,Corporate,Athens,Georgia,South,Office Supplies,Art,12.78,1,1
2017-12-27,Second Class,Consumer,Lancaster,Ohio,East,Technology,Accessories,40.0,12,4
2018-04-30,Standard Class,Home Office,Los Angeles,California,West,Office Supplies,Binders,23.24,4,2
2018-08-17,Standard Class,Home Office,Houston,Texas,Central,Office Supplies,Supplies,5.552,8,3
2018-08-17,Standard Class,Home Office,Houston,Texas,Central,Office Supplies,Art,8.016,8,3
2018-08-17,Standard Class,Home Office,Houston,Texas,Central,Furniture,Chairs,74.592,8,3
2018-08-17,Standard Class,Home Office,Houston,Texas,Central,Furniture,Furnishings,16.784,8,3
2018-08-17,Standard Class,Home Office,Houston,Texas,Central,Office Supplies,Appliances,38.864,8,3
2017-11-12,First Class,Home Office,San Diego,California,West,Technology,Phones,203.976,11,4
2017-10-01,Second Class,Consumer,Hialeah,Florida,South,Office Supplies,Binders,5.388,10,4
2017-10-01,Second Class,Consumer,Hialeah,Florida,South,Office Supplies,Art,30.976,10,4
2017-02-12,First Class,Consumer,Atlanta,Georgia,South,Office Supplies,Binders,15.92,2,1
2017-11-13,Standard Class,Home Office,Seattle,Washington,West,Furniture,Furnishings,19.54,11,4
2015-04-26,Standard Class,Home Office,Los Angeles,California,West,Office Supplies,Art,21.4,4,2
2015-04-26,Standard Class,Home Office,Los Angeles,California,West,Office Supplies,Labels,12.6,4,2
2016-08-11,Standard Class,Home Office,New York City,New York,East,Office Supplies,Art,11.96,8,3
2016-08-11,Standard Class,Home Office,New York City,New York,East,Technology,Phones,138.0,8,3
2017-11-27,Standard Class,Consumer,Fort Lauderdale,Florida,South,Technology,Phones,116.76,11,4
2017-11-27,Standard Class,Consumer,Fort Lauderdale,Florida,South,Furniture,Tables,331.023,11,4
2015-12-29,Standard Class,Home Office,Saint Charles,Illinois,Central,Furniture,Furnishings,8.736,12,4
2016-09-10,Standard Class,Consumer,New York City,New York,East,Office Supplies,Art,6.08,9,3
2018-10-02,Standard Class,Consumer,San Francisco,California,West,Furniture,Furnishings,17.46,10,4
2018-10-02,Standard Class,Consumer,San Francisco,California,West,Technology,Machines,369.16,10,4
2017-09-11,First Class,Corporate,Phoenix,Arizona,West,Office Supplies,Art,2.912,9,3
2017-09-11,First Class,Corporate,Phoenix,Arizona,West,Office Supplies,Paper,20.736,9,3
2017-09-11,First Class,Corporate,Phoenix,Arizona,West,Office Supplies,Paper,9.568,9,3
2017-06-02,Standard Class,Corporate,Seattle,Washington,West,Office Supplies,Paper,30.18,6,2
2017-06-02,Standard Class,Corporate,Seattle,Washington,West,Office Supplies,Binders,51.648,6,2
2017-06-02,Standard Class,Corporate,Seattle,Washington,West,Office Supplies,Binders,11.232,6,2
2018-10-15,Standard Class,Consumer,Camarillo,California,West,Office Supplies,Labels,14.73,10,4
2016-09-27,Second Class,Corporate,Detroit,Michigan,Central,Office Supplies,Art,16.4,9,3
2016-09-27,Second Class,Corporate,Detroit,Michigan,Central,Office Supplies,Paper,25.92,9,3
2016-05-03,First Class,Consumer,San Francisco,California,West,Office Supplies,Art,8.82,5,2
2016-05-03,First Class,Consumer,San Francisco,California,West,Office Supplies,Binders,62.496,5,2
2016-05-03,First Class,Consumer,San Francisco,California,West,Technology,Accessories,339.96,5,2
2016-05-03,First Class,Consumer,San Francisco,California,West,Office Supplies,Binders,49.568,5,2
2018-01-09,Standard Class,Consumer,Philadelphia,Pennsylvania,East,Office Supplies,Binders,274.491,1,1
2018-01-27,Standard Class,Consumer,New York City,New York,East,Technology,Phones,137.94,1,1
2018-09-02,Standard Class,Consumer,Chicago,Illinois,Central,Technology,Accessories,40.68,9,3
2017-07-14,Standard Class,Consumer,San Francisco,California,West,Technology,Phones,110.376,7,3
2017-07-14,Standard Class,Consumer,San Francisco,California,West,Office Supplies,Appliances,151.62,7,3
2017-07-14,Standard Class,Consumer,San Francisco,California,West,Furniture,Furnishings,30.8,7,3
2018-02-24,Standard Class,Corporate,Philadelphia,Pennsylvania,East,Office Supplies,Paper,123.92,2,1
2015-07-20,First Class,Consumer,San Francisco,California,West,Office Supplies,Binders,89.712,7,3
2015-07-20,First Class,Consumer,San Francisco,California,West,Office Supplies,Paper,22.83,7,3
2018-03-13,First Class,Consumer,Fairfield,Connecticut,East,Office Supplies,Binders,30.88,3,1
2018-03-13,First Class,Consumer,Fairfield,Connecticut,East,Office Supplies,Appliances,465.16,3,1
2018-03-13,First Class,Consumer,Fairfield,Connecticut,East,Office Supplies,Paper,27.12,3,1
2017-03-08,Standard Class,Consumer,New York City,New York,East,Furniture,Furnishings,113.6,3,1
2017-03-08,Standard Class,Consumer,New York City,New York,East,Office Supplies,Paper,12.96,3,1
2017-03-08,Standard Class,Consumer,New York City,New York,East,Office Supplies,Binders,69.456,3,1
2015-12-07,First Class,Consumer,Los Angeles,California,West,Office Supplies,Art,8.64,12,4
2017-07-10,Same Day,Corporate,Philadelphia,Pennsylvania,East,Technology,Machines,341.991,7,3
2017-12-24,Standard Class,Consumer,San Jose,California,West,Furniture,Furnishings,43.96,12,4
2017-12-24,Standard Class,Consumer,San Jose,California,West,Office Supplies,Envelopes,39.76,12,4
2018-04-23,Second Class,Consumer,Pasadena,California,West,Furniture,Furnishings,66.36,4,2
2018-04-23,Second Class,Consumer,Pasadena,California,West,Office Supplies,Binders,92.88,4,2
2018-04-23,Second Class,Consumer,Pasadena,California,West,Furniture,Furnishings,24.14,4,2
2018-05-22,First Class,Consumer,Los Angeles,California,West,Office Supplies,Art,49.56,5,2
2018-02-09,Standard Class,Consumer,Los Angeles,California,West,Office Supplies,Storage,354.9,2,1
2015-03-03,Standard Class,Corporate,Columbus,Ohio,East,Office Supplies,Labels,15.12,3,1
2015-03-03,Standard Class,Corporate,Columbus,Ohio,East,Furniture,Bookcases,302.45,3,1
2015-03-03,Standard Class,Corporate,Columbus,Ohio,East,Office Supplies,Storage,44.672,3,1
2016-06-04,Second Class,Consumer,Los Angeles,California,West,Technology,Accessories,119.98,6,2
2017-08-27,Standard Class,Corporate,Hollywood,Florida,South,Office Supplies,Labels,9.216,8,3
2017-09-12,Standard Class,Corporate,Roseville,Michigan,Central,Office Supplies,Paper,68.52,9,3
2017-05-30,Standard Class,Home Office,Superior,Wisconsin,Central,Office Supplies,Appliances,364.74,5,2
2017-05-30,Standard Class,Home Office,Superior,Wisconsin,Central,Furniture,Furnishings,47.4,5,2
2017-05-30,Standard Class,Home Office,Superior,Wisconsin,Central,Office Supplies,Storage,49.76,5,2
2017-05-30,Standard Class,Home Office,Superior,Wisconsin,Central,Office Supplies,Art,5.56,5,2
2017-05-30,Standard Class,Home Office,Superior,Wisconsin,Central,Office Supplies,Art,14.7,5,2
2017-05-30,Standard Class,Home Office,Superior,Wisconsin,Central,Office Supplies,Paper,45.36,5,2
2017-05-30,Standard Class,Home Office,Superior,Wisconsin,Central,Technology,Phones,125.99,5,2
2018-06-10,Second Class,Corporate,Thousand Oaks,California,West,Office Supplies,Art,14.7,6,2
2018-10-22,Standard Class,Corporate,Philadelphia,Pennsylvania,East,Technology,Phones,32.7,10,4
2018-10-22,Standard Class,Corporate,Philadelphia,Pennsylvania,East,Office Supplies,Envelopes,31.68,10,4
2018-06-13,Standard Class,Consumer,Springfield,Virginia,South,Office Supplies,Art,181.86,6,2
2015-11-23,Second Class,Corporate,Houston,Texas,Central,Furniture,Chairs,155.372,11,4
2018-08-16,Same Day,Consumer,Columbia,Tennessee,South,Office Supplies,Binders,13.428,8,3
2018-08-16,Same Day,Consumer,Columbia,Tennessee,South,Office Supplies,Storage,67.136,8,3
2017-01-14,Standard Class,Consumer,Concord,North Carolina,South,Office Supplies,Paper,89.568,1,1
2017-01-14,Standard Class,Consumer,Concord,North Carolina,South,Furniture,Furnishings,315.776,1,1
2017-09-16,Standard Class,Corporate,San Jose,California,West,Furniture,Bookcases,273.666,9,3
2017-09-16,Standard Class,Corporate,San Jose,California,West,Office Supplies,Appliances,17.48,9,3
2017-10-10,Standard Class,Corporate,Greensboro,North Carolina,South,Office Supplies,Supplies,20.608,10,4
2017-10-10,Standard Class,Corporate,Greensboro,North Carolina,South,Office Supplies,Binders,4.095,10,4
2016-11-13,Standard Class,Home Office,Helena,Montana,West,Technology,Phones,339.96,11,4
2016-11-13,Standard Class,Home Office,Helena,Montana,West,Furniture,Furnishings,63.98,11,4
2017-07-19,First Class,Home Office,San Francisco,California,West,Technology,Phones,35.984,7,3
2017-07-19,First Class,Home Office,San Francisco,California,West,Technology,Accessories,389.97,7,3
2017-05-14,Same Day,Corporate,Yuma,Arizona,West,Technology,Accessories,185.528,5,2
2018-06-22,Standard Class,Consumer,Chicago,Illinois,Central,Office Supplies,Binders,3.036,6,2
2018-09-09,Standard Class,Consumer,Cleveland,Ohio,East,Office Supplies,Art,25.92,9,3
2018-09-09,Standard Class,Consumer,Cleveland,Ohio,East,Furniture,Furnishings,66.112,9,3
2018-10-14,Standard Class,Consumer,San Francisco,California,West,Technology,Accessories,46.36,10,4
2017-06-20,Standard Class,Corporate,Oklahoma City,Oklahoma,Central,Technology,Accessories,6.9,6,2
2017-06-20,Standard Class,Corporate,Oklahoma City,Oklahoma,Central,Furniture,Furnishings,57.69,6,2
2017-01-30,First Class,Consumer,San Francisco,California,West,Office Supplies,Storage,305.01,1,1
2017-01-30,First Class,Consumer,San Francisco,California,West,Office Supplies,Binders,50.784,1,1
2017-01-30,First Class,Consumer,San Francisco,California,West,Office Supplies,Labels,26.01,1,1
2017-01-23,Standard Class,Consumer,Los Angeles,California,West,Furniture,Furnishings,59.99,1,1
2016-05-26,Standard Class,Consumer,Bellevue,Washington,West,Furniture,Furnishings,20.24,5,2
2015-05-04,First Class,Consumer,Houston,Texas,Central,Office Supplies,Art,37.84,5,2
2015-05-04,First Class,Consumer,Houston,Texas,Central,Office Supplies,Fasteners,5.472,5,2
2016-02-10,Second Class,Corporate,Philadelphia,Pennsylvania,East,Office Supplies,Storage,77.24,2,1
2015-11-18,First Class,Consumer,Des Plaines,Illinois,Central,Furniture,Tables,292.1,11,4
2015-11-18,First Class,Consumer,Des Plaines,Illinois,Central,Furniture,Furnishings,8.544,11,4
2015-11-18,First Class,Consumer,Des Plaines,Illinois,Central,Furniture,Bookcases,424.116,11,4
2015-11-18,First Class,Consumer,Des Plaines,Illinois,Central,Office Supplies,Binders,2.892,11,4
2015-11-18,First Class,Consumer,Des Plaines,Illinois,Central,Office Supplies,Storage,381.72,11,4
2018-09-04,Standard Class,Consumer,Boynton Beach,Florida,South,Furniture,Chairs,97.184,9,3
2018-09-04,Standard Class,Consumer,Boynton Beach,Florida,South,Office Supplies,Paper,10.368,9,3
2017-11-05,Second Class,Consumer,San Jose,California,West,Technology,Accessories,72.0,11,4
2017-11-05,Second Class,Consumer,San Jose,California,West,Furniture,Chairs,113.888,11,4
2017-11-05,Second Class,Consumer,San Jose,California,West,Office Supplies,Envelopes,158.13,11,4
2018-06-10,Second Class,Corporate,New York City,New York,East,Office Supplies,Fasteners,14.13,6,2
2016-08-10,Standard Class,Consumer,Detroit,Michigan,Central,Office Supplies,Binders,64.75,8,3
2016-10-09,Standard Class,Consumer,Miami,Florida,South,Office Supplies,Binders,1.872,10,4
2016-10-09,Standard Class,Consumer,Miami,Florida,South,Office Supplies,Binders,11.214,10,4
2016-10-09,Standard Class,Consumer,Miami,Florida,South,Office Supplies,Art,37.376,10,4
2017-05-28,Standard Class,Home Office,Park Ridge,Illinois,Central,Technology,Phones,286.4,5,2
2018-05-11,Second Class,Consumer,New York City,New York,East,Office Supplies,Art,43.92,5,2
2017-10-16,Standard Class,Corporate,New York City,New York,East,Furniture,Tables,142.182,10,4
2018-11-17,Standard Class,Corporate,Hillsboro,Oregon,West,Office Supplies,Paper,19.608,11,4
2018-11-17,Standard Class,Corporate,Hillsboro,Oregon,West,Office Supplies,Binders,4.158,11,4
2018-11-26,Second Class,Consumer,New York City,New York,East,Furniture,Furnishings,135.3,11,4
2018-09-03,Standard Class,Corporate,Chicago,Illinois,Central,Office Supplies,Paper,8.904,9,3
2018-09-03,Standard Class,Corporate,Chicago,Illinois,Central,Technology,Accessories,100.8,9,3
2018-12-05,First Class,Consumer,New York City,New York,East,Furniture,Furnishings,41.96,12,4
2018-12-05,First Class,Consumer,New York City,New York,East,Office Supplies,Labels,9.45,12,4
2018-11-10,Standard Class,Consumer,Pasco,Washington,West,Office Supplies,Appliances,400.8,11,4
2018-11-10,Standard Class,Consumer,Pasco,Washington,West,Office Supplies,Binders,28.792,11,4
2015-03-18,Standard Class,Home Office,Burbank,California,West,Furniture,Furnishings,111.0,3,1
2017-11-12,First Class,Corporate,Chicago,Illinois,Central,Furniture,Furnishings,22.752,11,4
2018-10-26,Standard Class,Corporate,Lancaster,Pennsylvania,East,Technology,Phones,61.542,10,4
2018-10-26,Standard Class,Corporate,Lancaster,Pennsylvania,East,Office Supplies,Binders,81.438,10,4
2016-04-11,Standard Class,Consumer,Tampa,Florida,South,Furniture,Furnishings,67.36,4,2
2016-04-11,Standard Class,Consumer,Tampa,Florida,South,Furniture,Furnishings,54.528,4,2
2016-12-25,Standard Class,Consumer,New York City,New York,East,Furniture,Bookcases,449.568,12,4
2018-09-21,First Class,Corporate,Los Angeles,California,West,Office Supplies,Storage,15.51,9,3
2015-12-20,Second Class,Corporate,New York City,New York,East,Furniture,Chairs,192.186,12,4
2016-07-18,First Class,Corporate,New York City,New York,East,Office Supplies,Art,5.76,7,3
2015-07-26,Standard Class,Consumer,Atlanta,Georgia,South,Furniture,Chairs,67.88,7,3
2015-07-26,Standard Class,Consumer,Atlanta,Georgia,South,Office Supplies,Labels,162.89,7,3
2015-07-26,Standard Class,Consumer,Atlanta,Georgia,South,Furniture,Furnishings,25.71,7,3
2015-12-26,Standard Class,Consumer,New York City,New York,East,Office Supplies,Storage,191.88,12,4
2018-12-11,Standard Class,Corporate,Jacksonville,Florida,South,Technology,Phones,73.568,12,4
2018-12-11,Standard Class,Corporate,Jacksonville,Florida,South,Office Supplies,Art,13.584,12,4
2018-12-11,Standard Class,Corporate,Jacksonville,Florida,South,Furniture,Chairs,64.784,12,4
2015-03-03,Standard Class,Consumer,Houston,Texas,Central,Office Supplies,Appliances,176.772,3,1
2018-10-21,Standard Class,Corporate,Milwaukee,Wisconsin,Central,Office Supplies,Binders,38.82,10,4
2018-10-21,Standard Class,Corporate,Milwaukee,Wisconsin,Central,Office Supplies,Binders,21.9,10,4
2018-11-10,Standard Class,Consumer,Modesto,California,West,Technology,Accessories,111.79,11,4
2018-03-16,Second Class,Home Office,Lakewood,Ohio,East,Technology,Phones,445.44,3,1
2017-09-22,Standard Class,Home Office,Philadelphia,Pennsylvania,East,Office Supplies,Labels,16.52,9,3
2018-02-06,Standard Class,Home Office,San Francisco,California,West,Office Supplies,Paper,29.9,2,1
2016-12-31,Second Class,Corporate,Detroit,Michigan,Central,Office Supplies,Binders,116.4,12,4
2017-10-09,Standard Class,Home Office,Phoenix,Arizona,West,Office Supplies,Art,1.408,10,4
2017-10-09,Standard Class,Home Office,Phoenix,Arizona,West,Furniture,Furnishings,169.568,10,4
2015-12-30,Second Class,Corporate,Philadelphia,Pennsylvania,East,Technology,Phones,251.964,12,4
2017-04-12,First Class,Consumer,Los Angeles,California,West,Office Supplies,Paper,19.44,4,2
2017-04-12,First Class,Consumer,Los Angeles,California,West,Furniture,Chairs,194.352,4,2
2017-04-12,First Class,Consumer,Los Angeles,California,West,Office Supplies,Binders,36.624,4,2
2017-11-28,Standard Class,Corporate,Philadelphia,Pennsylvania,East,Technology,Phones,340.182,11,4
2017-11-28,Standard Class,Corporate,Philadelphia,Pennsylvania,East,Office Supplies,Fasteners,12.672,11,4
2017-11-28,Standard Class,Corporate,Philadelphia,Pennsylvania,East,Office Supplies,Binders,6.888,11,4
2017-11-28,Standard Class,Corporate,Philadelphia,Pennsylvania,East,Office Supplies,Storage,32.544,11,4
2017-11-28,Standard Class,Corporate,Philadelphia,Pennsylvania,East,Furniture,Chairs,347.802,11,4
2018-04-15,First Class,Corporate,Miami,Florida,South,Office Supplies,Binders,15.57,4,2
2016-03-09,Second Class,Consumer,Raleigh,North Carolina,South,Office Supplies,Labels,4.608,3,1
2015-10-28,Standard Class,Corporate,Garden City,Kansas,Central,Technology,Phones,257.98,10,4
2018-01-07,Second Class,Consumer,Long Beach,California,West,Office Supplies,Storage,153.78,1,1
2018-01-07,Second Class,Consumer,Long Beach,California,West,Office Supplies,Storage,61.02,1,1
2018-01-07,Second Class,Consumer,Long Beach,California,West,Office Supplies,Supplies,110.11,1,1
2018-01-07,Second Class,Consumer,Long Beach,California,West,Office Supplies,Fasteners,7.89,1,1
2018-08-13,Standard Class,Corporate,San Diego,California,West,Office Supplies,Binders,36.024,8,3
2018-11-02,First Class,Corporate,Bloomington,Illinois,Central,Office Supplies,Art,54.336,11,4
2015-09-19,Standard Class,Corporate,Seattle,Washington,West,Office Supplies,Storage,92.52,9,3
2016-05-31,Same Day,Consumer,Fayetteville,North Carolina,South,Office Supplies,Art,10.272,5,2
2017-09-13,Standard Class,Consumer,Omaha,Nebraska,Central,Office Supplies,Storage,40.74,9,3
2017-09-13,Standard Class,Consumer,Omaha,Nebraska,Central,Office Supplies,Labels,14.4,9,3
2017-09-13,Standard Class,Consumer,Omaha,Nebraska,Central,Technology,Phones,149.95,9,3
2017-09-13,Standard Class,Consumer,Omaha,Nebraska,Central,Office Supplies,Supplies,16.9,9,3
2017-09-13,Standard Class,Consumer,Omaha,Nebraska,Central,Office Supplies,Paper,17.61,9,3
2017-09-13,Standard Class,Consumer,Omaha,Nebraska,Central,Office Supplies,Appliances,378.0,9,3
2017-09-13,Standard Class,Consumer,Omaha,Nebraska,Central,Office Supplies,Paper,17.64,9,3
2017-09-13,Standard Class,Consumer,Omaha,Nebraska,Central,Office Supplies,Storage,373.08,9,3
2017-09-13,Standard Class,Consumer,Omaha,Nebraska,Central,Technology,Phones,29.97,9,3
2018-11-29,Standard Class,Consumer,Chattanooga,Tennessee,South,Furniture,Chairs,390.368,11,4
2018-11-29,Standard Class,Consumer,Chattanooga,Tennessee,South,Furniture,Furnishings,101.52,11,4
2018-12-04,Second Class,Consumer,Fairfield,Ohio,East,Office Supplies,Paper,74.352,12,4
2018-05-02,Standard Class,Consumer,Los Angeles,California,West,Office Supplies,Paper,15.7,5,2
2018-05-02,Standard Class,Consumer,Los Angeles,California,West,Office Supplies,Art,59.52,5,2
2018-05-02,Standard Class,Consumer,Los Angeles,California,West,Office Supplies,Paper,34.4,5,2
2017-12-25,Standard Class,Corporate,New York City,New York,East,Furniture,Tables,313.176,12,4
2015-07-12,Second Class,Consumer,Chicago,Illinois,Central,Office Supplies,Paper,35.856,7,3
2015-07-12,Second Class,Consumer,Chicago,Illinois,Central,Technology,Accessories,23.84,7,3
2017-09-08,Standard Class,Consumer,Seattle,Washington,West,Furniture,Furnishings,43.13,9,3
2017-09-08,Standard Class,Consumer,Seattle,Washington,West,Office Supplies,Paper,30.87,9,3
2018-08-06,Standard Class,Consumer,New York City,New York,East,Office Supplies,Supplies,70.12,8,3
2016-05-14,Standard Class,Corporate,Camarillo,California,West,Furniture,Furnishings,122.91,5,2
2016-05-14,Standard Class,Corporate,Camarillo,California,West,Furniture,Chairs,97.568,5,2
2018-01-20,First Class,Consumer,Chicago,Illinois,Central,Office Supplies,Labels,11.52,1,1
2017-05-30,Standard Class,Corporate,Los Angeles,California,West,Furniture,Furnishings,167.84,5,2
2015-04-08,Standard Class,Consumer,Toledo,Ohio,East,Furniture,Tables,172.11,4,2
2015-07-23,First Class,Consumer,New York City,New York,East,Technology,Accessories,99.98,7,3
2018-05-30,Standard Class,Home Office,Tigard,Oregon,West,Technology,Phones,156.792,5,2
2018-05-30,Standard Class,Home Office,Tigard,Oregon,West,Technology,Accessories,35.36,5,2
2018-05-30,Standard Class,Home Office,Tigard,Oregon,West,Furniture,Furnishings,13.592,5,2
2017-03-13,Second Class,Corporate,Philadelphia,Pennsylvania,East,Furniture,Chairs,386.68,3,1
2017-03-13,Second Class,Corporate,Philadelphia,Pennsylvania,East,Technology,Accessories,379.96,3,1
2017-03-13,Second Class,Corporate,Philadelphia,Pennsylvania,East,Office Supplies,Paper,41.24,3,1
2017-03-13,Second Class,Corporate,Philadelphia,Pennsylvania,East,Office Supplies,Binders,51.897,3,1
2017-03-13,Second Class,Corporate,Philadelphia,Pennsylvania,East,Office Supplies,Binders,23.16,3,1
2017-03-13,Second Class,Corporate,Philadelphia,Pennsylvania,East,Office Supplies,Storage,126.08,3,1
2017-03-13,Second Class,Corporate,Philadelphia,Pennsylvania,East,Technology,Machines,449.1,3,1
2018-04-10,Standard Class,Consumer,Philadelphia,Pennsylvania,East,Office Supplies,Appliances,195.104,4,2
2018-04-10,Standard Class,Consumer,Philadelphia,Pennsylvania,East,Furniture,Furnishings,36.672,4,2
2017-06-25,Second Class,Consumer,Houston,Texas,Central,Furniture,Chairs,85.246,6,2
2017-06-25,Second Class,Consumer,Houston,Texas,Central,Furniture,Furnishings,32.712,6,2
2015-03-17,Standard Class,Corporate,Jackson,Mississippi,South,Office Supplies,Binders,11.43,3,1
2015-03-17,Standard Class,Corporate,Jackson,Mississippi,South,Office Supplies,Binders,30.44,3,1
2015-03-17,Standard Class,Corporate,Jackson,Mississippi,South,Office Supplies,Paper,12.96,3,1
2015-03-17,Standard Class,Corporate,Jackson,Mississippi,South,Office Supplies,Paper,16.0,3,1
2015-03-17,Standard Class,Corporate,Jackson,Mississippi,South,Office Supplies,Appliances,32.67,3,1
2015-08-09,Standard Class,Consumer,Phoenix,Arizona,West,Office Supplies,Fasteners,4.464,8,3
2015-08-09,Standard Class,Consumer,Phoenix,Arizona,West,Office Supplies,Binders,9.345,8,3
2016-07-26,Standard Class,Corporate,Oxnard,California,West,Office Supplies,Binders,9.144,7,3
2016-07-26,Standard Class,Corporate,Oxnard,California,West,Office Supplies,Binders,23.136,7,3
2016-07-26,Standard Class,Corporate,Oxnard,California,West,Office Supplies,Art,99.2,7,3
2015-02-15,Standard Class,Corporate,Seattle,Washington,West,Office Supplies,Binders,21.36,2,1
2016-03-24,Second Class,Corporate,Covington,Washington,West,Furniture,Furnishings,46.9,3,1
2018-09-02,Standard Class,Consumer,Los Angeles,California,West,Office Supplies,Binders,18.72,9,3
2018-09-02,Standard Class,Consumer,Los Angeles,California,West,Furniture,Tables,236.528,9,3
2016-11-16,First Class,Corporate,San Diego,California,West,Office Supplies,Labels,18.9,11,4
2015-12-09,First Class,Corporate,Brownsville,Texas,Central,Office Supplies,Paper,10.688,12,4
2015-12-09,First Class,Corporate,Brownsville,Texas,Central,Office Supplies,Storage,237.096,12,4
2018-02-03,Second Class,Home Office,Chicago,Illinois,Central,Office Supplies,Paper,5.184,2,1
2018-02-03,Second Class,Home Office,Chicago,Illinois,Central,Office Supplies,Paper,65.584,2,1
2018-02-03,Second Class,Home Office,Chicago,Illinois,Central,Furniture,Furnishings,22.2,2,1
2018-02-03,Second Class,Home Office,Chicago,Illinois,Central,Office Supplies,Paper,419.4,2,1
2018-11-11,First Class,Consumer,Knoxville,Tennessee,South,Furniture,Furnishings,88.92,11,4
2018-09-17,Second Class,Home Office,Houston,Texas,Central,Office Supplies,Art,9.912,9,3
2018-09-17,Second Class,Home Office,Houston,Texas,Central,Furniture,Chairs,318.43,9,3
2018-09-17,Second Class,Home Office,Houston,Texas,Central,Office Supplies,Binders,5.8,9,3
2018-06-25,Standard Class,Consumer,Bolingbrook,Illinois,Central,Technology,Phones,148.48,6,2
2017-07-30,Standard Class,Consumer,Chicago,Illinois,Central,Office Supplies,Labels,9.248,7,3
2016-04-16,First Class,Consumer,Waynesboro,Virginia,South,Office Supplies,Binders,9.14,4,2
2016-04-11,Second Class,Consumer,Los Angeles,California,West,Office Supplies,Paper,52.76,4,2
2017-09-08,Standard Class,Consumer,Visalia,California,West,Office Supplies,Art,14.88,9,3
2017-09-08,Standard Class,Consumer,Visalia,California,West,Office Supplies,Paper,34.24,9,3
2017-09-08,Standard Class,Consumer,Visalia,California,West,Office Supplies,Storage,261.74,9,3
2017-05-19,Standard Class,Corporate,Los Angeles,California,West,Office Supplies,Appliances,87.84,5,2
2018-11-11,Second Class,Home Office,Los Angeles,California,West,Furniture,Furnishings,34.92,11,4
2015-09-15,Standard Class,Consumer,New York City,New York,East,Office Supplies,Paper,14.94,9,3
2015-09-15,Standard Class,Consumer,New York City,New York,East,Furniture,Furnishings,14.56,9,3
2016-09-15,Standard Class,Corporate,Philadelphia,Pennsylvania,East,Office Supplies,Binders,3.576,9,3
2016-09-15,Standard Class,Corporate,Philadelphia,Pennsylvania,East,Office Supplies,Storage,147.184,9,3
2017-04-10,Standard Class,Corporate,Chicago,Illinois,Central,Office Supplies,Art,13.568,4,2
2015-01-06,Standard Class,Home Office,Henderson,Kentucky,South,Office Supplies,Art,5.48,1,1
2015-01-06,Standard Class,Home Office,Henderson,Kentucky,South,Technology,Phones,391.98,1,1
2015-01-06,Standard Class,Home Office,Henderson,Kentucky,South,Office Supplies,Fasteners,31.12,1,1
2015-01-06,Standard Class,Home Office,Henderson,Kentucky,South,Office Supplies,Paper,6.54,1,1
2017-09-01,Second Class,Home Office,Huntington Beach,California,West,Office Supplies,Envelopes,12.78,9,3
2015-09-23,Standard Class,Home Office,New York City,New York,East,Office Supplies,Binders,18.464,9,3
2015-12-15,Second Class,Corporate,Philadelphia,Pennsylvania,East,Furniture,Chairs,445.802,12,4
2018-12-28,Standard Class,Home Office,Fargo,North Dakota,Central,Office Supplies,Art,2.48,12,4
2018-12-28,Standard Class,Home Office,Fargo,North Dakota,Central,Office Supplies,Binders,25.9,12,4
2016-12-19,Second Class,Home Office,Dover,New Hampshire,East,Office Supplies,Paper,29.9,12,4
2018-11-05,Standard Class,Consumer,San Diego,California,West,Office Supplies,Paper,12.96,11,4
2016-09-10,Standard Class,Corporate,Los Angeles,California,West,Furniture,Furnishings,106.68,9,3
2018-11-16,Same Day,Consumer,Utica,New York,East,Technology,Phones,119.94,11,4
2018-09-11,Standard Class,Consumer,Houston,Texas,Central,Office Supplies,Paper,10.272,9,3
2018-09-11,Standard Class,Consumer,Houston,Texas,Central,Office Supplies,Appliances,1.556,9,3
2018-07-14,Standard Class,Consumer,Westminster,California,West,Office Supplies,Binders,4.448,7,3
2018-07-14,Standard Class,Consumer,Westminster,California,West,Furniture,Furnishings,276.69,7,3
2018-07-14,Standard Class,Consumer,Westminster,California,West,Office Supplies,Fasteners,4.96,7,3
2018-07-14,Standard Class,Consumer,Westminster,California,West,Office Supplies,Art,71.92,7,3
2018-07-14,Standard Class,Consumer,Westminster,California,West,Furniture,Furnishings,18.84,7,3
2018-07-14,Standard Class,Consumer,Westminster,California,West,Technology,Accessories,140.97,7,3
2018-07-14,Standard Class,Consumer,Westminster,California,West,Technology,Phones,470.376,7,3
2018-03-30,Same Day,Consumer,Los Angeles,California,West,Office Supplies,Art,6.08,3,1
2018-03-30,Same Day,Consumer,Los Angeles,California,West,Technology,Phones,164.792,3,1
2017-01-31,Second Class,Corporate,Atlantic City,New Jersey,East,Office Supplies,Envelopes,23.36,1,1
2018-06-08,Standard Class,Consumer,Skokie,Illinois,Central,Office Supplies,Binders,12.176,6,2
2015-11-02,Standard Class,Consumer,San Francisco,California,West,Technology,Phones,46.384,11,4
2015-11-02,Standard Class,Consumer,San Francisco,California,West,Office Supplies,Storage,362.92,11,4
2018-07-14,Standard Class,Consumer,Columbus,Ohio,East,Office Supplies,Paper,9.248,7,3
2018-07-14,Standard Class,Consumer,Columbus,Ohio,East,Office Supplies,Storage,62.04,7,3
2018-07-14,Standard Class,Consumer,Columbus,Ohio,East,Furniture,Furnishings,396.92,7,3
2018-07-14,Standard Class,Consumer,Columbus,Ohio,East,Office Supplies,Storage,239.456,7,3
2018-07-14,Standard Class,Consumer,Columbus,Ohio,East,Office Supplies,Art,13.12,7,3
2018-12-09,Second Class,Consumer,Richmond,Kentucky,South,Office Supplies,Binders,29.36,12,4
2018-12-09,Second Class,Consumer,Richmond,Kentucky,South,Office Supplies,Appliances,214.9,12,4
2018-12-09,Second Class,Consumer,Richmond,Kentucky,South,Office Supplies,Binders,15.92,12,4
2018-12-09,Second Class,Consumer,Richmond,Kentucky,South,Technology,Accessories,146.45,12,4
2018-12-09,Second Class,Consumer,Richmond,Kentucky,South,Office Supplies,Storage,15.14,12,4
2018-12-09,Second Class,Consumer,Richmond,Kentucky,South,Office Supplies,Labels,5.76,12,4
2017-09-05,Standard Class,Consumer,Lancaster,Ohio,East,Office Supplies,Binders,8.952,9,3
2017-09-05,Standard Class,Consumer,Lancaster,Ohio,East,Office Supplies,Binders,8.856,9,3
2017-09-05,Standard Class,Consumer,Lancaster,Ohio,East,Furniture,Chairs,85.246,9,3
2015-09-10,Standard Class,Consumer,Gresham,Oregon,West,Office Supplies,Envelopes,21.728,9,3
2018-09-26,Same Day,Corporate,San Francisco,California,West,Office Supplies,Envelopes,71.88,9,3
2018-09-26,Same Day,Corporate,San Francisco,California,West,Furniture,Furnishings,9.24,9,3
2018-09-26,Same Day,Corporate,San Francisco,California,West,Office Supplies,Paper,35.88,9,3
2018-09-26,Same Day,Corporate,San Francisco,California,West,Office Supplies,Binders,17.04,9,3
2017-06-17,First Class,Consumer,Longmont,Colorado,West,Furniture,Furnishings,266.352,6,2
2017-06-17,First Class,Consumer,Longmont,Colorado,West,Furniture,Chairs,483.136,6,2
2018-02-25,Standard Class,Consumer,Greenville,North Carolina,South,Furniture,Chairs,196.784,2,1
2018-02-25,Standard Class,Consumer,Greenville,North Carolina,South,Furniture,Bookcases,231.92,2,1
2018-03-31,Standard Class,Corporate,Los Angeles,California,West,Office Supplies,Supplies,29.7,3,1
2018-12-03,Standard Class,Consumer,Houston,Texas,Central,Furniture,Furnishings,13.592,12,4
2017-02-19,Second Class,Consumer,San Francisco,California,West,Office Supplies,Paper,70.88,2,1
2018-12-02,Standard Class,Corporate,Denver,Colorado,West,Office Supplies,Storage,114.288,12,4
2018-12-02,Standard Class,Corporate,Denver,Colorado,West,Office Supplies,Binders,36.624,12,4
2018-12-02,Standard Class,Corporate,Denver,Colorado,West,Furniture,Bookcases,242.352,12,4
2018-12-02,Standard Class,Corporate,Denver,Colorado,West,Technology,Phones,49.616,12,4
2018-12-02,Standard Class,Corporate,Denver,Colorado,West,Technology,Phones,57.36,12,4
2015-10-10,Standard Class,Corporate,Huntsville,Texas,Central,Office Supplies,Binders,11.98,10,4
2015-10-10,Standard Class,Corporate,Huntsville,Texas,Central,Office Supplies,Binders,0.898,10,4
2017-09-05,First Class,Corporate,Houston,Texas,Central,Furniture,Furnishings,21.204,9,3
2015-11-20,Standard Class,Corporate,New York City,New York,East,Office Supplies,Envelopes,34.74,11,4
2015-11-20,Standard Class,Corporate,New York City,New York,East,Office Supplies,Binders,12.96,11,4
2015-11-20,Standard Class,Corporate,New York City,New York,East,Office Supplies,Paper,25.92,11,4
2015-05-10,Second Class,Consumer,Philadelphia,Pennsylvania,East,Furniture,Bookcases,349.965,5,2
2015-05-10,Second Class,Consumer,Philadelphia,Pennsylvania,East,Office Supplies,Art,22.32,5,2
2018-11-27,Standard Class,Corporate,Columbus,Indiana,Central,Office Supplies,Paper,158.28,11,4
2018-11-27,Standard Class,Corporate,Columbus,Indiana,Central,Office Supplies,Binders,497.94,11,4
2015-11-01,Standard Class,Consumer,Long Beach,New York,East,Office Supplies,Paper,167.94,11,4
2015-11-01,Standard Class,Consumer,Long Beach,New York,East,Furniture,Furnishings,31.68,11,4
2017-12-30,First Class,Consumer,Lancaster,Pennsylvania,East,Furniture,Chairs,170.786,12,4
2017-09-03,Standard Class,Consumer,Chicago,Illinois,Central,Furniture,Bookcases,198.744,9,3
2018-10-05,First Class,Home Office,Denver,Colorado,West,Technology,Accessories,63.824,10,4
2017-01-30,Second Class,Consumer,Seattle,Washington,West,Furniture,Chairs,435.168,1,1
2017-01-30,Second Class,Consumer,Seattle,Washington,West,Furniture,Bookcases,48.58,1,1
2018-04-21,First Class,Corporate,Houston,Texas,Central,Technology,Accessories,47.976,4,2
2018-04-21,First Class,Corporate,Houston,Texas,Central,Office Supplies,Paper,20.736,4,2
2015-12-05,Standard Class,Consumer,Los Angeles,California,West,Office Supplies,Art,26.46,12,4
2015-12-05,Standard Class,Consumer,Los Angeles,California,West,Office Supplies,Paper,49.12,12,4
2015-12-05,Standard Class,Consumer,Los Angeles,California,West,Office Supplies,Fasteners,15.0,12,4
2015-10-21,Standard Class,Corporate,Newport News,Virginia,South,Office Supplies,Storage,194.7,10,4
2015-10-21,Standard Class,Corporate,Newport News,Virginia,South,Office Supplies,Art,2.84,10,4
2016-12-08,Standard Class,Corporate,Los Angeles,California,West,Office Supplies,Storage,221.96,12,4
2016-12-08,Standard Class,Corporate,Los Angeles,California,West,Technology,Accessories,236.0,12,4
2015-11-02,Second Class,Corporate,Seattle,Washington,West,Technology,Accessories,41.94,11,4
2015-11-02,Second Class,Corporate,Seattle,Washington,West,Technology,Phones,52.792,11,4
2016-11-23,Second Class,Consumer,Morristown,New Jersey,East,Office Supplies,Art,17.94,11,4
2016-08-13,First Class,Consumer,Philadelphia,Pennsylvania,East,Office Supplies,Storage,422.856,8,3
2016-04-16,Standard Class,Corporate,New York City,New York,East,Furniture,Chairs,127.764,4,2
2015-03-21,Standard Class,Corporate,Springfield,Virginia,South,Office Supplies,Labels,14.4,3,1
2015-03-21,Standard Class,Corporate,Springfield,Virginia,South,Office Supplies,Paper,122.97,3,1
2015-03-21,Standard Class,Corporate,Springfield,Virginia,South,Office Supplies,Art,9.32,3,1
2015-03-21,Standard Class,Corporate,Springfield,Virginia,South,Office Supplies,Binders,122.94,3,1
2018-11-16,Standard Class,Consumer,Roseville,California,West,Furniture,Furnishings,17.31,11,4
2016-09-25,Standard Class,Consumer,Rockford,Illinois,Central,Office Supplies,Art,128.744,9,3
2017-09-05,Standard Class,Consumer,Philadelphia,Pennsylvania,East,Furniture,Furnishings,58.248,9,3
2017-09-05,Standard Class,Consumer,Philadelphia,Pennsylvania,East,Furniture,Chairs,71.246,9,3
2017-09-05,Standard Class,Consumer,Philadelphia,Pennsylvania,East,Office Supplies,Art,7.872,9,3
2018-04-20,Standard Class,Consumer,Detroit,Michigan,Central,Office Supplies,Binders,146.86,4,2
2018-04-20,Standard Class,Consumer,Detroit,Michigan,Central,Office Supplies,Binders,36.56,4,2
2016-06-15,Standard Class,Corporate,Los Angeles,California,West,Technology,Phones,225.576,6,2
2015-09-17,Standard Class,Consumer,Springfield,Oregon,West,Office Supplies,Art,5.248,9,3
2015-09-17,Standard Class,Consumer,Springfield,Oregon,West,Office Supplies,Art,38.256,9,3
2015-09-17,Standard Class,Consumer,Springfield,Oregon,West,Office Supplies,Paper,40.24,9,3
2015-09-17,Standard Class,Consumer,Springfield,Oregon,West,Technology,Machines,29.925,9,3
2015-09-17,Standard Class,Consumer,Springfield,Oregon,West,Office Supplies,Paper,148.704,9,3
2015-09-17,Standard Class,Consumer,Springfield,Oregon,West,Technology,Accessories,55.92,9,3
2017-07-08,Standard Class,Corporate,Providence,Rhode Island,East,Office Supplies,Paper,12.96,7,3
2017-05-27,Standard Class,Consumer,Chicago,Illinois,Central,Furniture,Furnishings,25.176,5,2
2017-05-27,Standard Class,Consumer,Chicago,Illinois,Central,Furniture,Furnishings,5.584,5,2
2018-12-24,First Class,Consumer,Dallas,Texas,Central,Office Supplies,Storage,264.32,12,4
2018-05-03,Standard Class,Consumer,San Francisco,California,West,Office Supplies,Paper,25.92,5,2
2018-05-03,Standard Class,Consumer,San Francisco,California,West,Office Supplies,Art,22.96,5,2
2015-02-22,First Class,Consumer,Moreno Valley,California,West,Office Supplies,Paper,19.44,2,1
2016-02-08,First Class,Consumer,Garden City,Kansas,Central,Office Supplies,Paper,9.54,2,1
2016-02-08,First Class,Consumer,Garden City,Kansas,Central,Office Supplies,Fasteners,5.81,2,1
2016-02-08,First Class,Consumer,Garden City,Kansas,Central,Office Supplies,Art,5.76,2,1
2016-08-24,Second Class,Consumer,New York City,New York,East,Furniture,Furnishings,14.91,8,3
2015-11-30,Standard Class,Corporate,Orlando,Florida,South,Office Supplies,Binders,6.642,11,4
2017-12-10,Standard Class,Consumer,Watertown,New York,East,Office Supplies,Paper,18.54,12,4
2018-10-27,First Class,Corporate,Los Angeles,California,West,Furniture,Tables,189.576,10,4
2018-10-27,First Class,Corporate,Los Angeles,California,West,Technology,Phones,71.96,10,4
2015-11-25,Standard Class,Consumer,Los Angeles,California,West,Office Supplies,Art,7.44,11,4
2015-07-14,Standard Class,Home Office,Newark,Delaware,East,Office Supplies,Appliances,39.48,7,3
2016-05-23,Second Class,Home Office,Detroit,Michigan,Central,Furniture,Furnishings,75.33,5,2
2016-11-21,Second Class,Corporate,Phoenix,Arizona,West,Office Supplies,Appliances,325.632,11,4
2016-11-21,Second Class,Corporate,Phoenix,Arizona,West,Technology,Accessories,23.344,11,4
2016-11-21,Second Class,Corporate,Phoenix,Arizona,West,Office Supplies,Labels,16.52,11,4
2015-03-30,First Class,Home Office,Brownsville,Texas,Central,Office Supplies,Envelopes,335.72,3,1
2015-03-30,First Class,Home Office,Brownsville,Texas,Central,Technology,Phones,251.944,3,1
2015-03-30,First Class,Home Office,Brownsville,Texas,Central,Furniture,Chairs,127.302,3,1
2018-12-29,Second Class,Consumer,Louisville,Kentucky,South,Office Supplies,Binders,12.53,12,4
2018-12-29,Second Class,Consumer,Louisville,Kentucky,South,Office Supplies,Art,34.58,12,4
2018-12-29,Second Class,Consumer,Louisville,Kentucky,South,Furniture,Chairs,300.98,12,4
2018-12-29,Second Class,Consumer,Louisville,Kentucky,South,Furniture,Chairs,258.75,12,4
2018-03-02,Standard Class,Corporate,Newark,Delaware,East,Office Supplies,Art,59.52,3,1
2018-03-02,Standard Class,Corporate,Newark,Delaware,East,Office Supplies,Envelopes,57.96,3,1
2018-03-02,Standard Class,Corporate,Newark,Delaware,East,Furniture,Bookcases,441.96,3,1
2018-03-02,Standard Class,Corporate,Newark,Delaware,East,Office Supplies,Paper,68.04,3,1
2017-10-06,First Class,Home Office,Pueblo,Colorado,West,Office Supplies,Binders,17.904,10,4
2017-10-06,First Class,Home Office,Pueblo,Colorado,West,Office Supplies,Binders,11.976,10,4
2017-10-06,First Class,Home Office,Pueblo,Colorado,West,Technology,Accessories,67.96,10,4
2017-03-15,First Class,Corporate,San Francisco,California,West,Office Supplies,Binders,4.544,3,1
2016-12-27,Standard Class,Corporate,Marion,Ohio,East,Office Supplies,Envelopes,19.872,12,4
2018-08-07,First Class,Consumer,Dallas,Texas,Central,Technology,Accessories,119.448,8,3
2018-08-07,First Class,Consumer,Dallas,Texas,Central,Office Supplies,Storage,118.16,8,3
2016-03-22,Standard Class,Corporate,Huntsville,Alabama,South,Office Supplies,Art,19.56,3,1
2016-11-30,Second Class,Consumer,Las Vegas,Nevada,West,Furniture,Furnishings,80.96,11,4
2016-11-30,Second Class,Consumer,Las Vegas,Nevada,West,Office Supplies,Paper,25.92,11,4
2015-04-15,Same Day,Home Office,Los Angeles,California,West,Office Supplies,Appliances,106.96,4,2
2015-04-15,Same Day,Home Office,Los Angeles,California,West,Furniture,Furnishings,187.76,4,2
2018-07-30,First Class,Home Office,Lakewood,Ohio,East,Office Supplies,Binders,76.776,7,3
2018-06-01,Standard Class,Corporate,Fremont,Nebraska,Central,Office Supplies,Binders,53.9,6,2
2015-01-07,Standard Class,Consumer,Huntsville,Texas,Central,Furniture,Furnishings,76.728,1,1
2015-01-07,Standard Class,Consumer,Huntsville,Texas,Central,Office Supplies,Binders,10.43,1,1
2018-09-29,First Class,Consumer,Los Angeles,California,West,Office Supplies,Art,99.2,9,3
2018-09-13,Standard Class,Consumer,Asheville,North Carolina,South,Office Supplies,Art,15.92,9,3
2015-10-22,Standard Class,Corporate,Bossier City,Louisiana,South,Furniture,Furnishings,129.92,10,4
2017-10-04,Standard Class,Home Office,Providence,Rhode Island,East,Office Supplies,Binders,30.4,10,4
2017-10-04,Standard Class,Home Office,Providence,Rhode Island,East,Office Supplies,Storage,119.1,10,4
2016-11-27,Second Class,Home Office,Everett,Massachusetts,East,Office Supplies,Paper,40.08,11,4
2016-11-27,Second Class,Home Office,Everett,Massachusetts,East,Office Supplies,Paper,59.94,11,4
2016-11-27,Second Class,Home Office,Everett,Massachusetts,East,Technology,Accessories,259.98,11,4
2016-11-27,Second Class,Home Office,Everett,Massachusetts,East,Furniture,Bookcases,170.98,11,4
2016-11-27,Second Class,Home Office,Everett,Massachusetts,East,Furniture,Furnishings,38.97,11,4
2016-11-27,Second Class,Home Office,Everett,Massachusetts,East,Office Supplies,Paper,154.9,11,4
2016-11-27,Second Class,Home Office,Everett,Massachusetts,East,Furniture,Tables,446.068,11,4
2018-05-06,Second Class,Consumer,Rancho Cucamonga,California,West,Office Supplies,Appliances,152.94,5,2
2015-10-08,Same Day,Consumer,Charlotte,North Carolina,South,Technology,Accessories,23.472,10,4
2015-12-31,Standard Class,Home Office,Providence,Rhode Island,East,Office Supplies,Paper,195.64,12,4
2015-12-31,Standard Class,Home Office,Providence,Rhode Island,East,Office Supplies,Paper,14.94,12,4
2015-12-31,Standard Class,Home Office,Providence,Rhode Island,East,Furniture,Bookcases,341.96,12,4
2016-04-28,First Class,Home Office,Midland,Michigan,Central,Office Supplies,Appliances,186.732,4,2
2016-02-14,Standard Class,Consumer,Rochester,New York,East,Office Supplies,Binders,26.424,2,1
2017-11-25,Standard Class,Corporate,Jackson,Michigan,Central,Office Supplies,Binders,17.3,11,4
2017-11-25,Standard Class,Corporate,Jackson,Michigan,Central,Technology,Accessories,160.0,11,4
2018-07-15,First Class,Corporate,Suffolk,Virginia,South,Office Supplies,Appliances,179.94,7,3
2018-07-15,First Class,Corporate,Suffolk,Virginia,South,Office Supplies,Paper,12.96,7,3
2015-12-29,Standard Class,Consumer,Brentwood,California,West,Office Supplies,Labels,88.8,12,4
2015-12-29,Standard Class,Consumer,Brentwood,California,West,Technology,Phones,319.968,12,4
2017-03-22,Same Day,Consumer,Seattle,Washington,West,Furniture,Chairs,167.888,3,1
2018-07-02,First Class,Home Office,Houston,Texas,Central,Office Supplies,Paper,163.96,7,3
2018-07-02,First Class,Home Office,Houston,Texas,Central,Office Supplies,Binders,5.232,7,3
2018-12-14,Standard Class,Home Office,Lawrence,Massachusetts,East,Office Supplies,Storage,73.85,12,4
2018-12-14,Standard Class,Home Office,Lawrence,Massachusetts,East,Office Supplies,Supplies,25.71,12,4
2018-12-14,Standard Class,Home Office,Lawrence,Massachusetts,East,Office Supplies,Fasteners,17.28,12,4
2017-08-26,Standard Class,Consumer,Detroit,Michigan,Central,Office Supplies,Paper,11.56,8,3
2017-08-26,Standard Class,Consumer,Detroit,Michigan,Central,Technology,Phones,209.97,8,3
2017-08-26,Standard Class,Consumer,Detroit,Michigan,Central,Furniture,Tables,447.84,8,3
2017-08-26,Standard Class,Consumer,Detroit,Michigan,Central,Technology,Accessories,479.97,8,3
2017-08-26,Standard Class,Consumer,Detroit,Michigan,Central,Office Supplies,Art,8.64,8,3
2018-10-15,Standard Class,Corporate,Orem,Utah,West,Office Supplies,Art,11.68,10,4
2015-10-25,Standard Class,Consumer,Philadelphia,Pennsylvania,East,Technology,Accessories,40.776,10,4
2015-10-25,Standard Class,Consumer,Philadelphia,Pennsylvania,East,Office Supplies,Binders,13.698,10,4
2016-04-02,Standard Class,Consumer,Mesa,Arizona,West,Technology,Phones,87.8,4,2
2018-10-28,Second Class,Consumer,Fayetteville,North Carolina,South,Furniture,Furnishings,77.952,10,4
2018-10-28,Second Class,Consumer,Fayetteville,North Carolina,South,Office Supplies,Storage,147.184,10,4
2018-10-28,Second Class,Consumer,Fayetteville,North Carolina,South,Office Supplies,Paper,47.952,10,4
2015-12-05,First Class,Consumer,Los Angeles,California,West,Office Supplies,Appliances,250.26,12,4
2018-11-03,Standard Class,Consumer,Philadelphia,Pennsylvania,East,Technology,Accessories,40.776,11,4
2016-01-06,Standard Class,Corporate,Colorado Springs,Colorado,West,Office Supplies,Paper,29.6,1,1
2016-01-06,Standard Class,Corporate,Colorado Springs,Colorado,West,Office Supplies,Binders,1.938,1,1
2018-09-09,Standard Class,Corporate,Los Angeles,California,West,Technology,Accessories,159.96,9,3
2016-01-05,Standard Class,Corporate,New York City,New York,East,Office Supplies,Art,59.52,1,1
2016-01-05,Standard Class,Corporate,New York City,New York,East,Office Supplies,Envelopes,17.48,1,1
2016-01-05,Standard Class,Corporate,New York City,New York,East,Office Supplies,Binders,13.168,1,1
2018-04-16,Standard Class,Home Office,San Francisco,California,West,Office Supplies,Appliances,40.74,4,2
2016-09-10,Standard Class,Corporate,Austin,Texas,Central,Furniture,Chairs,179.886,9,3
2017-09-25,Standard Class,Consumer,Cleveland,Ohio,East,Office Supplies,Appliances,286.256,9,3
2017-09-25,Standard Class,Consumer,Cleveland,Ohio,East,Office Supplies,Storage,24.224,9,3
2017-09-25,Standard Class,Consumer,Cleveland,Ohio,East,Office Supplies,Storage,331.536,9,3
2016-03-16,Second Class,Home Office,New York City,New York,East,Office Supplies,Art,17.52,3,1
2017-11-26,Standard Class,Consumer,El Paso,Texas,Central,Office Supplies,Art,17.856,11,4
2017-09-26,Standard Class,Home Office,Tallahassee,Florida,South,Technology,Accessories,431.976,9,3
2018-06-13,Standard Class,Home Office,Seattle,Washington,West,Furniture,Chairs,291.136,6,2
2018-09-18,First Class,Home Office,Dallas,Texas,Central,Office Supplies,Envelopes,114.848,9,3
2018-06-02,Standard Class,Consumer,Houston,Texas,Central,Office Supplies,Paper,10.688,6,2
2017-05-15,Second Class,Consumer,Springfield,Ohio,East,Office Supplies,Paper,15.232,5,2
2018-09-15,Standard Class,Consumer,Seattle,Washington,West,Office Supplies,Art,12.42,9,3
2017-08-22,Standard Class,Corporate,Seattle,Washington,West,Office Supplies,Paper,19.44,8,3
2015-05-30,Standard Class,Consumer,New York City,New York,East,Office Supplies,Binders,70.368,5,2
2018-12-18,First Class,Consumer,Charlotte,North Carolina,South,Office Supplies,Art,12.672,12,4
2018-07-30,Standard Class,Consumer,Baltimore,Maryland,East,Technology,Phones,89.95,7,3
2015-11-21,Standard Class,Home Office,San Francisco,California,West,Office Supplies,Paper,6.58,11,4
2015-11-21,Standard Class,Home Office,San Francisco,California,West,Technology,Accessories,94.99,11,4
2016-09-24,Second Class,Consumer,Tucson,Arizona,West,Technology,Phones,35.12,9,3
2018-08-20,Standard Class,Consumer,Los Angeles,California,West,Office Supplies,Paper,25.92,8,3
2017-06-17,Standard Class,Corporate,Waterbury,Connecticut,East,Office Supplies,Binders,7.96,6,2
2017-06-17,Standard Class,Corporate,Waterbury,Connecticut,East,Office Supplies,Art,9.84,6,2
2016-12-19,Standard Class,Home Office,Chicago,Illinois,Central,Technology,Accessories,25.488,12,4
2016-05-31,Second Class,Home Office,Long Beach,New York,East,Office Supplies,Fasteners,7.56,5,2
2016-06-18,Standard Class,Consumer,Arlington,Virginia,South,Furniture,Furnishings,60.84,6,2
2016-06-18,Standard Class,Consumer,Arlington,Virginia,South,Office Supplies,Storage,450.04,6,2
2016-06-18,Standard Class,Consumer,Arlington,Virginia,South,Office Supplies,Binders,34.6,6,2
2016-06-18,Standard Class,Consumer,Arlington,Virginia,South,Technology,Phones,467.97,6,2
2016-06-18,Standard Class,Consumer,Arlington,Virginia,South,Office Supplies,Binders,33.02,6,2
2016-11-30,First Class,Corporate,Jacksonville,North Carolina,South,Furniture,Furnishings,17.088,11,4
2016-12-21,Second Class,Corporate,Columbus,Ohio,East,Office Supplies,Art,3.008,12,4
2018-11-17,Standard Class,Consumer,Charlotte,North Carolina,South,Office Supplies,Paper,268.24,11,4
2018-11-17,Standard Class,Consumer,Charlotte,North Carolina,South,Technology,Accessories,431.16,11,4
2018-11-13,Second Class,Corporate,Buffalo,New York,East,Technology,Phones,43.6,11,4
2018-11-13,Second Class,Corporate,Buffalo,New York,East,Furniture,Furnishings,154.95,11,4
2017-10-24,Standard Class,Corporate,Houston,Texas,Central,Office Supplies,Paper,15.552,10,4
2015-12-06,Standard Class,Consumer,Memphis,Tennessee,South,Office Supplies,Paper,42.208,12,4
2018-12-03,First Class,Consumer,Plano,Texas,Central,Office Supplies,Paper,10.368,12,4
2018-09-26,First Class,Home Office,Salem,Oregon,West,Office Supplies,Art,2.224,9,3
2016-02-03,Standard Class,Consumer,Columbus,Georgia,South,Office Supplies,Envelopes,74.52,2,1
2018-08-12,Same Day,Corporate,Columbia,Maryland,East,Office Supplies,Art,17.52,8,3
2018-08-12,Same Day,Corporate,Columbia,Maryland,East,Office Supplies,Art,219.9,8,3
2016-08-24,First Class,Consumer,Portland,Oregon,West,Office Supplies,Art,7.152,8,3
2018-11-12,Standard Class,Consumer,Tallahassee,Florida,South,Office Supplies,Paper,26.72,11,4
2017-08-01,Same Day,Corporate,Riverside,California,West,Office Supplies,Appliances,45.96,8,3
2017-11-25,Standard Class,Consumer,Lancaster,Ohio,East,Office Supplies,Binders,456.588,11,4
2017-11-25,Standard Class,Consumer,Lancaster,Ohio,East,Technology,Accessories,59.976,11,4
2017-04-13,First Class,Consumer,San Francisco,California,West,Office Supplies,Envelopes,6.12,4,2
2015-12-27,Standard Class,Home Office,Moreno Valley,California,West,Office Supplies,Appliances,10.98,12,4
2015-12-27,Standard Class,Home Office,Moreno Valley,California,West,Office Supplies,Fasteners,7.86,12,4
2015-12-27,Standard Class,Home Office,Moreno Valley,California,West,Office Supplies,Storage,51.45,12,4
2015-12-27,Standard Class,Home Office,Moreno Valley,California,West,Office Supplies,Binders,37.056,12,4
2017-04-18,Standard Class,Consumer,Chesapeake,Virginia,South,Office Supplies,Appliances,203.92,4,2
2017-04-18,Standard Class,Consumer,Chesapeake,Virginia,South,Technology,Phones,29.56,4,2
2016-03-08,Standard Class,Consumer,Chicago,Illinois,Central,Office Supplies,Binders,8.568,3,1
2017-11-04,Second Class,Corporate,Charlotte,North Carolina,South,Office Supplies,Storage,45.248,11,4
2017-11-04,Second Class,Corporate,Charlotte,North Carolina,South,Office Supplies,Supplies,185.376,11,4
2015-11-29,Standard Class,Consumer,New York City,New York,East,Office Supplies,Labels,25.06,11,4
2017-05-17,First Class,Consumer,Chicago,Illinois,Central,Office Supplies,Binders,2.89,5,2
2017-05-17,First Class,Consumer,Chicago,Illinois,Central,Office Supplies,Fasteners,7.896,5,2
2017-05-17,First Class,Consumer,Chicago,Illinois,Central,Furniture,Furnishings,22.608,5,2
2017-05-17,First Class,Consumer,Chicago,Illinois,Central,Office Supplies,Paper,30.528,5,2
2018-09-19,Same Day,Home Office,Philadelphia,Pennsylvania,East,Office Supplies,Binders,4.842,9,3
2017-12-19,Standard Class,Corporate,Chicago,Illinois,Central,Office Supplies,Binders,1.8,12,4
2018-10-12,First Class,Corporate,Dallas,Texas,Central,Technology,Accessories,39.984,10,4
2016-12-12,Second Class,Corporate,Las Vegas,Nevada,West,Office Supplies,Paper,32.4,12,4
2016-12-12,Second Class,Corporate,Las Vegas,Nevada,West,Office Supplies,Paper,97.88,12,4
2016-07-12,Standard Class,Consumer,Amarillo,Texas,Central,Technology,Phones,307.168,7,3
2016-10-02,Standard Class,Corporate,Middletown,Connecticut,East,Office Supplies,Binders,26.9,10,4
2018-03-24,First Class,Corporate,New York City,New York,East,Office Supplies,Envelopes,47.01,3,1
2018-03-24,First Class,Corporate,New York City,New York,East,Technology,Phones,469.99,3,1
2018-03-24,First Class,Corporate,New York City,New York,East,Furniture,Chairs,207.846,3,1
2018-06-01,Standard Class,Consumer,Philadelphia,Pennsylvania,East,Office Supplies,Storage,324.744,6,2
2015-03-24,Second Class,Consumer,Fresno,California,West,Furniture,Furnishings,40.48,3,1
2016-09-22,Standard Class,Home Office,Franklin,Tennessee,South,Office Supplies,Labels,12.0,9,3
2016-09-22,Standard Class,Home Office,Franklin,Tennessee,South,Office Supplies,Storage,25.424,9,3
2016-09-22,Standard Class,Home Office,Franklin,Tennessee,South,Office Supplies,Art,2.816,9,3
2016-09-22,Standard Class,Home Office,Franklin,Tennessee,South,Office Supplies,Binders,3.204,9,3
2017-01-08,Standard Class,Consumer,Raleigh,North Carolina,South,Office Supplies,Binders,30.828,1,1
2017-01-08,Standard Class,Consumer,Raleigh,North Carolina,South,Office Supplies,Art,47.616,1,1
2017-01-08,Standard Class,Consumer,Raleigh,North Carolina,South,Technology,Phones,108.784,1,1
2017-02-14,First Class,Consumer,Clinton,Maryland,East,Office Supplies,Paper,4.77,2,1
2017-02-14,First Class,Consumer,Clinton,Maryland,East,Office Supplies,Art,7.98,2,1
2017-02-14,First Class,Consumer,Clinton,Maryland,East,Furniture,Furnishings,10.56,2,1
2018-06-08,First Class,Home Office,Los Angeles,California,West,Technology,Phones,17.52,6,2
2017-10-21,Second Class,Home Office,North Las Vegas,Nevada,West,Office Supplies,Art,113.22,10,4
2017-10-21,Second Class,Home Office,North Las Vegas,Nevada,West,Office Supplies,Paper,35.88,10,4
2018-01-26,Standard Class,Consumer,San Francisco,California,West,Office Supplies,Fasteners,11.84,1,1
2017-10-21,Second Class,Consumer,Jackson,Tennessee,South,Office Supplies,Storage,111.672,10,4
2015-08-26,Standard Class,Home Office,Newark,Delaware,East,Office Supplies,Art,8.64,8,3
2015-08-26,Standard Class,Home Office,Newark,Delaware,East,Technology,Accessories,149.97,8,3
2015-05-16,Standard Class,Corporate,Los Angeles,California,West,Furniture,Chairs,232.88,5,2
2016-02-03,Standard Class,Corporate,Rome,New York,East,Furniture,Chairs,90.882,2,1
2018-10-31,Standard Class,Corporate,Chicago,Illinois,Central,Office Supplies,Envelopes,9.912,10,4
2016-04-26,Standard Class,Corporate,San Diego,California,West,Furniture,Chairs,63.936,4,2
2016-04-26,Standard Class,Corporate,San Diego,California,West,Office Supplies,Art,59.52,4,2
2016-04-26,Standard Class,Corporate,San Diego,California,West,Technology,Phones,311.976,4,2
2016-04-26,Standard Class,Corporate,San Diego,California,West,Office Supplies,Binders,50.352,4,2
2017-05-09,Standard Class,Consumer,Houston,Texas,Central,Technology,Phones,19.136,5,2
2016-01-24,Standard Class,Home Office,West Palm Beach,Florida,South,Office Supplies,Art,13.12,1,1
2016-04-13,Second Class,Consumer,Los Angeles,California,West,Furniture,Tables,241.568,4,2
2016-04-13,Second Class,Consumer,Los Angeles,California,West,Technology,Phones,479.92,4,2
2016-09-25,Standard Class,Corporate,Seattle,Washington,West,Furniture,Chairs,307.136,9,3
2016-09-25,Standard Class,Corporate,Seattle,Washington,West,Office Supplies,Labels,12.6,9,3
2016-09-25,Standard Class,Corporate,Seattle,Washington,West,Technology,Accessories,159.98,9,3
2015-03-28,Standard Class,Consumer,Des Moines,Iowa,Central,Office Supplies,Envelopes,6.12,3,1
2017-07-17,Standard Class,Consumer,New York City,New York,East,Office Supplies,Appliances,45.96,7,3
2015-04-19,Second Class,Consumer,Arlington,Virginia,South,Office Supplies,Binders,58.05,4,2
2015-04-19,Second Class,Consumer,Arlington,Virginia,South,Office Supplies,Paper,71.28,4,2
2018-07-21,Standard Class,Consumer,Pharr,Texas,Central,Furniture,Tables,124.404,7,3
2016-09-27,Standard Class,Consumer,Arlington,Virginia,South,Office Supplies,Paper,154.9,9,3
2017-02-27,Standard Class,Consumer,Houston,Texas,Central,Furniture,Furnishings,16.192,2,1
2017-05-02,Standard Class,Consumer,Irving,Texas,Central,Office Supplies,Storage,18.936,5,2
2017-05-02,Standard Class,Consumer,Irving,Texas,Central,Office Supplies,Storage,12.672,5,2
2017-05-02,Standard Class,Consumer,Irving,Texas,Central,Office Supplies,Labels,5.04,5,2
2015-12-09,Standard Class,Corporate,Chicago,Illinois,Central,Office Supplies,Paper,8.448,12,4
2015-12-09,Standard Class,Corporate,Chicago,Illinois,Central,Office Supplies,Appliances,20.388,12,4
2016-12-25,Standard Class,Home Office,Los Angeles,California,West,Office Supplies,Paper,9.96,12,4
2018-12-07,Standard Class,Consumer,Hattiesburg,Mississippi,South,Office Supplies,Appliances,320.64,12,4
2018-12-07,Standard Class,Consumer,Hattiesburg,Mississippi,South,Technology,Accessories,52.0,12,4
2015-05-30,First Class,Corporate,New York City,New York,East,Office Supplies,Binders,25.584,5,2
2015-05-30,First Class,Corporate,New York City,New York,East,Technology,Phones,464.0,5,2
2015-05-30,First Class,Corporate,New York City,New York,East,Office Supplies,Appliances,235.95,5,2
2015-05-30,First Class,Corporate,New York City,New York,East,Office Supplies,Paper,39.96,5,2
2018-03-02,Standard Class,Consumer,Cuyahoga Falls,Ohio,East,Office Supplies,Binders,18.528,3,1
2016-10-12,Standard Class,Consumer,Seattle,Washington,West,Technology,Accessories,17.9,10,4
2016-10-12,Standard Class,Consumer,Seattle,Washington,West,Office Supplies,Storage,81.96,10,4
2016-07-14,Second Class,Consumer,Mesa,Arizona,West,Office Supplies,Storage,272.736,7,3
2016-07-14,Second Class,Consumer,Mesa,Arizona,West,Office Supplies,Paper,18.496,7,3
2016-07-14,Second Class,Consumer,Mesa,Arizona,West,Furniture,Chairs,441.92,7,3
2016-07-14,Second Class,Consumer,Mesa,Arizona,West,Furniture,Bookcases,127.764,7,3
2015-11-19,Second Class,Home Office,Salt Lake City,Utah,West,Office Supplies,Paper,166.44,11,4
2017-05-27,Standard Class,Consumer,Los Angeles,California,West,Office Supplies,Paper,13.38,5,2
2018-07-03,Standard Class,Consumer,Jacksonville,North Carolina,South,Technology,Accessories,24.0,7,3
2018-09-25,Standard Class,Corporate,Lakewood,Ohio,East,Office Supplies,Envelopes,24.448,9,3
2017-10-03,Standard Class,Home Office,Lake Forest,California,West,Office Supplies,Labels,6.16,10,4
2017-10-03,Standard Class,Home Office,Lake Forest,California,West,Office Supplies,Paper,8.56,10,4
2017-10-03,Standard Class,Home Office,Lake Forest,California,West,Office Supplies,Paper,97.82,10,4
2018-09-09,Standard Class,Corporate,Portland,Oregon,West,Office Supplies,Paper,31.104,9,3
2018-09-09,Standard Class,Corporate,Portland,Oregon,West,Office Supplies,Appliances,11.176,9,3
2016-03-12,Standard Class,Consumer,Charlotte,North Carolina,South,Office Supplies,Labels,5.04,3,1
2017-11-29,Second Class,Home Office,Aurora,Illinois,Central,Furniture,Furnishings,242.176,11,4
2017-06-14,Standard Class,Corporate,Philadelphia,Pennsylvania,East,Furniture,Tables,337.176,6,2
2018-12-03,Second Class,Consumer,Thornton,Colorado,West,Office Supplies,Art,13.344,12,4
2018-12-03,Second Class,Consumer,Thornton,Colorado,West,Technology,Accessories,76.752,12,4
2018-12-03,Second Class,Consumer,Thornton,Colorado,West,Technology,Accessories,102.336,12,4
2018-12-03,Second Class,Consumer,Thornton,Colorado,West,Office Supplies,Paper,10.32,12,4
2018-12-03,Second Class,Consumer,Thornton,Colorado,West,Office Supplies,Supplies,47.32,12,4
2018-12-03,Second Class,Consumer,Thornton,Colorado,West,Furniture,Furnishings,23.376,12,4
2018-12-03,Second Class,Consumer,Thornton,Colorado,West,Furniture,Furnishings,16.72,12,4
2018-12-03,Second Class,Consumer,Thornton,Colorado,West,Furniture,Furnishings,16.192,12,4
2017-08-16,Standard Class,Consumer,Davis,California,West,Office Supplies,Paper,32.4,8,3
2017-12-25,Standard Class,Consumer,Fayetteville,Arkansas,South,Office Supplies,Art,19.89,12,4
2017-12-25,Standard Class,Consumer,Fayetteville,Arkansas,South,Technology,Accessories,399.98,12,4
2017-12-25,Standard Class,Consumer,Fayetteville,Arkansas,South,Furniture,Furnishings,343.85,12,4
2017-12-25,Standard Class,Consumer,Fayetteville,Arkansas,South,Office Supplies,Paper,106.32,12,4
2018-07-23,Standard Class,Home Office,New York City,New York,East,Office Supplies,Binders,13.92,7,3
2018-06-21,Standard Class,Home Office,Wheeling,West Virginia,East,Office Supplies,Binders,82.4,6,2
2018-06-21,Standard Class,Home Office,Wheeling,West Virginia,East,Office Supplies,Binders,6.24,6,2
2018-06-21,Standard Class,Home Office,Wheeling,West Virginia,East,Office Supplies,Paper,447.84,6,2
2018-08-13,Standard Class,Consumer,Memphis,Tennessee,South,Office Supplies,Appliances,272.048,8,3
2018-08-13,Standard Class,Consumer,Memphis,Tennessee,South,Office Supplies,Fasteners,24.32,8,3
2018-08-13,Standard Class,Consumer,Memphis,Tennessee,South,Technology,Accessories,1.584,8,3
2018-08-13,Standard Class,Consumer,Memphis,Tennessee,South,Furniture,Furnishings,31.984,8,3
2018-08-13,Standard Class,Consumer,Memphis,Tennessee,South,Office Supplies,Envelopes,14.76,8,3
2018-08-13,Standard Class,Consumer,Memphis,Tennessee,South,Furniture,Chairs,423.648,8,3
2016-11-07,Standard Class,Consumer,Houston,Texas,Central,Office Supplies,Paper,76.64,11,4
2016-10-15,Standard Class,Home Office,Dallas,Texas,Central,Office Supplies,Envelopes,4.464,10,4
2016-10-15,Standard Class,Home Office,Dallas,Texas,Central,Office Supplies,Binders,3.96,10,4
2017-12-03,Standard Class,Consumer,Morgan Hill,California,West,Furniture,Tables,268.704,12,4
2017-12-03,Standard Class,Consumer,Morgan Hill,California,West,Office Supplies,Art,21.92,12,4
2017-12-03,Standard Class,Consumer,Morgan Hill,California,West,Office Supplies,Storage,48.72,12,4
2017-12-03,Standard Class,Consumer,Morgan Hill,California,West,Furniture,Bookcases,205.666,12,4
2017-04-28,Second Class,Consumer,Saint Charles,Illinois,Central,Furniture,Furnishings,30.344,4,2
2018-08-25,First Class,Consumer,Cleveland,Ohio,East,Office Supplies,Storage,25.696,8,3
2018-06-17,Standard Class,Home Office,New York City,New York,East,Technology,Accessories,101.34,6,2
2016-11-20,Standard Class,Home Office,Philadelphia,Pennsylvania,East,Furniture,Chairs,344.372,11,4
2018-09-04,Second Class,Home Office,Garland,Texas,Central,Office Supplies,Art,30.384,9,3
2016-07-04,Second Class,Home Office,San Diego,California,West,Office Supplies,Binders,22.848,7,3
2018-09-15,Standard Class,Home Office,Waterbury,Connecticut,East,Office Supplies,Storage,38.62,9,3
2018-09-15,Standard Class,Home Office,Waterbury,Connecticut,East,Technology,Accessories,59.98,9,3
2018-03-13,Standard Class,Consumer,Columbia,Maryland,East,Office Supplies,Binders,174.3,3,1
2018-09-24,Standard Class,Home Office,Hollywood,Florida,South,Technology,Phones,383.96,9,3
2018-09-24,Standard Class,Home Office,Hollywood,Florida,South,Office Supplies,Binders,15.57,9,3
2017-08-13,First Class,Consumer,Springfield,Virginia,South,Office Supplies,Binders,22.32,8,3
2017-08-13,First Class,Consumer,Springfield,Virginia,South,Office Supplies,Labels,103.6,8,3
2018-11-20,Second Class,Corporate,New York City,New York,East,Technology,Accessories,2.97,11,4
2018-11-20,Second Class,Corporate,New York City,New York,East,Furniture,Furnishings,50.97,11,4
2018-07-25,First Class,Home Office,Dallas,Texas,Central,Furniture,Tables,298.116,7,3
2017-03-25,Second Class,Corporate,New York City,New York,East,Office Supplies,Art,59.52,3,1
2017-07-15,Standard Class,Corporate,Portland,Oregon,West,Furniture,Chairs,230.28,7,3
2017-07-15,Standard Class,Corporate,Portland,Oregon,West,Office Supplies,Paper,105.52,7,3
2018-08-17,Standard Class,Corporate,Brentwood,California,West,Office Supplies,Envelopes,23.36,8,3
2018-08-17,Standard Class,Corporate,Brentwood,California,West,Technology,Phones,71.976,8,3
2018-08-17,Standard Class,Corporate,Brentwood,California,West,Office Supplies,Paper,8.56,8,3
2018-08-17,Standard Class,Corporate,Brentwood,California,West,Office Supplies,Binders,13.92,8,3
2018-08-17,Standard Class,Corporate,Brentwood,California,West,Office Supplies,Binders,221.056,8,3
2017-12-14,First Class,Corporate,San Diego,California,West,Furniture,Chairs,81.424,12,4
2017-12-14,First Class,Corporate,San Diego,California,West,Office Supplies,Storage,134.8,12,4
2018-12-25,Standard Class,Consumer,Dallas,Texas,Central,Office Supplies,Binders,39.582,12,4
2018-12-25,Standard Class,Consumer,Dallas,Texas,Central,Office Supplies,Supplies,44.688,12,4
2018-12-25,Standard Class,Consumer,Dallas,Texas,Central,Office Supplies,Art,31.744,12,4
2018-12-25,Standard Class,Consumer,Dallas,Texas,Central,Office Supplies,Binders,40.98,12,4
2018-12-25,Standard Class,Consumer,Dallas,Texas,Central,Office Supplies,Binders,3.168,12,4
2015-03-01,Standard Class,Consumer,El Paso,Texas,Central,Office Supplies,Fasteners,18.84,3,1
2015-03-01,Standard Class,Consumer,El Paso,Texas,Central,Furniture,Chairs,362.25,3,1
2015-03-01,Standard Class,Consumer,El Paso,Texas,Central,Furniture,Furnishings,63.552,3,1
2015-03-01,Standard Class,Consumer,El Paso,Texas,Central,Office Supplies,Storage,129.552,3,1
2016-11-19,Standard Class,Consumer,New York City,New York,East,Office Supplies,Binders,5.984,11,4
2015-04-01,Standard Class,Corporate,Revere,Massachusetts,East,Office Supplies,Storage,66.96,4,2
2015-04-01,Standard Class,Corporate,Revere,Massachusetts,East,Office Supplies,Binders,6.24,4,2
2018-10-05,Standard Class,Corporate,Chico,California,West,Furniture,Chairs,435.168,10,4
2018-10-05,Standard Class,Corporate,Chico,California,West,Office Supplies,Fasteners,14.9,10,4
2018-10-05,Standard Class,Corporate,Chico,California,West,Office Supplies,Appliances,15.8,10,4
2018-10-05,Standard Class,Corporate,Chico,California,West,Furniture,Furnishings,72.9,10,4
2018-10-05,Standard Class,Corporate,Chico,California,West,Furniture,Tables,206.352,10,4
2018-10-05,Standard Class,Corporate,Chico,California,West,Technology,Phones,7.992,10,4
2018-11-18,Second Class,Corporate,Miramar,Florida,South,Office Supplies,Storage,81.36,11,4
2018-11-18,Second Class,Corporate,Miramar,Florida,South,Office Supplies,Binders,20.232,11,4
2018-11-18,Second Class,Corporate,Miramar,Florida,South,Office Supplies,Appliances,389.056,11,4
2018-11-18,Second Class,Corporate,Miramar,Florida,South,Office Supplies,Paper,20.736,11,4
2018-11-18,Second Class,Corporate,Miramar,Florida,South,Office Supplies,Paper,41.472,11,4
2016-03-23,Standard Class,Corporate,Los Angeles,California,West,Office Supplies,Paper,33.36,3,1
2017-10-10,First Class,Corporate,Denver,Colorado,West,Furniture,Bookcases,90.882,10,4
2017-10-10,First Class,Corporate,Denver,Colorado,West,Technology,Phones,15.992,10,4
2017-10-10,First Class,Corporate,Denver,Colorado,West,Furniture,Chairs,120.784,10,4
2016-08-16,Standard Class,Corporate,Philadelphia,Pennsylvania,East,Technology,Accessories,31.176,8,3
2016-08-16,Standard Class,Corporate,Philadelphia,Pennsylvania,East,Office Supplies,Paper,10.368,8,3
2016-08-16,Standard Class,Corporate,Philadelphia,Pennsylvania,East,Office Supplies,Binders,2.724,8,3
2016-08-16,Standard Class,Corporate,Philadelphia,Pennsylvania,East,Furniture,Furnishings,254.352,8,3
2016-08-16,Standard Class,Corporate,Philadelphia,Pennsylvania,East,Office Supplies,Binders,3.762,8,3
2016-08-16,Standard Class,Corporate,Philadelphia,Pennsylvania,East,Office Supplies,Paper,10.272,8,3
2015-05-31,Standard Class,Consumer,Jackson,Mississippi,South,Technology,Phones,113.73,5,2
2016-08-27,Standard Class,Home Office,Los Angeles,California,West,Office Supplies,Binders,5.104,8,3
2015-01-03,Standard Class,Consumer,Houston,Texas,Central,Office Supplies,Paper,16.448,1,1
2015-09-10,First Class,Consumer,Clifton,New Jersey,East,Office Supplies,Appliances,81.92,9,3
2015-09-10,First Class,Consumer,Clifton,New Jersey,East,Furniture,Furnishings,254.9,9,3
2018-01-22,Second Class,Corporate,Chicago,Illinois,Central,Office Supplies,Fasteners,15.12,1,1
2018-01-22,Second Class,Corporate,Chicago,Illinois,Central,Office Supplies,Art,7.872,1,1
2017-04-21,First Class,Consumer,Seattle,Washington,West,Office Supplies,Binders,8.32,4,2
2017-07-20,Second Class,Consumer,Long Beach,New York,East,Technology,Phones,89.95,7,3
2017-08-23,Standard Class,Home Office,Sheboygan,Wisconsin,Central,Office Supplies,Labels,25.2,8,3
2017-08-23,Standard Class,Home Office,Sheboygan,Wisconsin,Central,Office Supplies,Labels,37.59,8,3
2017-08-23,Standard Class,Home Office,Sheboygan,Wisconsin,Central,Office Supplies,Storage,14.97,8,3
2017-08-23,Standard Class,Home Office,Sheboygan,Wisconsin,Central,Technology,Accessories,1.98,8,3
2017-06-14,First Class,Consumer,Boca Raton,Florida,South,Office Supplies,Binders,39.936,6,2
2017-06-14,First Class,Consumer,Boca Raton,Florida,South,Technology,Accessories,18.464,6,2
2016-11-20,Second Class,Consumer,Aurora,Colorado,West,Office Supplies,Binders,4.896,11,4
2016-11-20,Second Class,Consumer,Aurora,Colorado,West,Furniture,Bookcases,145.764,11,4
2016-11-20,Second Class,Consumer,Aurora,Colorado,West,Office Supplies,Binders,9.612,11,4
2018-11-03,First Class,Home Office,San Diego,California,West,Technology,Accessories,199.75,11,4
2015-05-04,First Class,Corporate,Seattle,Washington,West,Furniture,Furnishings,12.18,5,2
2015-05-04,First Class,Corporate,Seattle,Washington,West,Office Supplies,Appliances,57.68,5,2
2016-11-08,Standard Class,Consumer,Dubuque,Iowa,Central,Technology,Phones,263.96,11,4
2016-12-12,First Class,Consumer,Los Angeles,California,West,Technology,Accessories,299.94,12,4
2016-12-12,First Class,Consumer,Los Angeles,California,West,Office Supplies,Supplies,25.76,12,4
2015-12-01,First Class,Consumer,Lowell,Massachusetts,East,Technology,Phones,271.9,12,4
2015-12-01,First Class,Consumer,Lowell,Massachusetts,East,Furniture,Furnishings,45.84,12,4
2015-12-01,First Class,Consumer,Lowell,Massachusetts,East,Furniture,Furnishings,9.82,12,4
2017-10-07,Standard Class,Consumer,Marysville,Washington,West,Office Supplies,Fasteners,93.36,10,4
2016-11-17,Standard Class,Consumer,Oklahoma City,Oklahoma,Central,Office Supplies,Paper,106.32,11,4
2015-03-17,Second Class,Corporate,Philadelphia,Pennsylvania,East,Office Supplies,Paper,126.624,3,1
2016-06-20,First Class,Consumer,Aurora,Colorado,West,Technology,Phones,125.944,6,2
2018-05-25,Same Day,Consumer,New York City,New York,East,Technology,Accessories,120.0,5,2
2018-05-25,Same Day,Consumer,New York City,New York,East,Office Supplies,Fasteners,3.29,5,2
2018-05-25,Same Day,Consumer,New York City,New York,East,Furniture,Furnishings,18.84,5,2
2015-09-09,First Class,Home Office,Lancaster,Ohio,East,Furniture,Furnishings,60.672,9,3
2015-09-09,First Class,Home Office,Lancaster,Ohio,East,Office Supplies,Art,30.816,9,3
2018-10-17,Second Class,Corporate,Modesto,California,West,Technology,Phones,52.792,10,4
2018-11-02,First Class,Consumer,Saint Louis,Missouri,Central,Office Supplies,Appliances,83.9,11,4
2018-11-02,First Class,Consumer,Saint Louis,Missouri,Central,Office Supplies,Paper,11.76,11,4
2015-07-21,Standard Class,Corporate,Dallas,Texas,Central,Office Supplies,Appliances,4.992,7,3
2015-07-21,Standard Class,Corporate,Dallas,Texas,Central,Office Supplies,Envelopes,87.92,7,3
2015-07-21,Standard Class,Corporate,Dallas,Texas,Central,Office Supplies,Binders,1.044,7,3
2016-09-11,Second Class,Corporate,New York City,New York,East,Furniture,Furnishings,210.68,9,3
2016-09-11,Second Class,Corporate,New York City,New York,East,Office Supplies,Storage,78.8,9,3
2016-09-11,Second Class,Corporate,New York City,New York,East,Technology,Accessories,19.99,9,3
2017-10-21,Standard Class,Consumer,San Antonio,Texas,Central,Technology,Accessories,106.08,10,4
2017-01-07,Standard Class,Consumer,Amarillo,Texas,Central,Furniture,Furnishings,23.076,1,1
2017-01-07,Standard Class,Consumer,Amarillo,Texas,Central,Office Supplies,Paper,25.92,1,1
2016-06-25,First Class,Consumer,Houston,Texas,Central,Office Supplies,Paper,47.952,6,2
2016-06-25,First Class,Consumer,Houston,Texas,Central,Office Supplies,Binders,0.984,6,2
2016-06-25,First Class,Consumer,Houston,Texas,Central,Furniture,Furnishings,75.384,6,2
2016-06-25,First Class,Consumer,Houston,Texas,Central,Office Supplies,Labels,4.608,6,2
2016-09-20,First Class,Consumer,Lawrence,Massachusetts,East,Office Supplies,Binders,37.68,9,3
2018-07-10,Standard Class,Corporate,Columbus,Georgia,South,Office Supplies,Appliances,41.91,7,3
2018-06-30,Second Class,Consumer,Los Angeles,California,West,Furniture,Bookcases,435.999,6,2
2018-08-21,Second Class,Corporate,Seattle,Washington,West,Furniture,Chairs,388.704,8,3
2018-08-21,Second Class,Corporate,Seattle,Washington,West,Technology,Accessories,33.18,8,3
2018-03-11,Standard Class,Home Office,Cambridge,Massachusetts,East,Technology,Accessories,63.88,3,1
2018-03-11,Standard Class,Home Office,Cambridge,Massachusetts,East,Furniture,Furnishings,26.72,3,1
2018-09-15,Second Class,Consumer,Salt Lake City,Utah,West,Office Supplies,Binders,295.056,9,3
2017-09-20,Standard Class,Consumer,New York City,New York,East,Office Supplies,Appliances,393.25,9,3
2017-12-15,Second Class,Consumer,Cuyahoga Falls,Ohio,East,Office Supplies,Binders,2.214,12,4
2018-11-03,Second Class,Consumer,Wilmington,North Carolina,South,Office Supplies,Paper,16.272,11,4
2015-09-26,Standard Class,Corporate,Philadelphia,Pennsylvania,East,Office Supplies,Binders,5.97,9,3
2015-09-26,Standard Class,Corporate,Philadelphia,Pennsylvania,East,Furniture,Furnishings,21.184,9,3
2015-09-26,Standard Class,Corporate,Philadelphia,Pennsylvania,East,Office Supplies,Appliances,41.376,9,3
2015-07-14,Second Class,Corporate,New York City,New York,East,Office Supplies,Art,17.94,7,3
2018-09-28,Standard Class,Corporate,Philadelphia,Pennsylvania,East,Office Supplies,Binders,2.655,9,3
2016-08-28,Standard Class,Consumer,Los Angeles,California,West,Furniture,Bookcases,307.666,8,3
2016-08-28,Standard Class,Consumer,Los Angeles,California,West,Office Supplies,Binders,41.36,8,3
2016-08-28,Standard Class,Consumer,Los Angeles,California,West,Technology,Phones,43.176,8,3
2016-08-28,Standard Class,Consumer,Los Angeles,California,West,Furniture,Furnishings,4.16,8,3
2016-09-20,Standard Class,Corporate,Long Beach,New York,East,Office Supplies,Paper,61.4,9,3
2016-09-20,Standard Class,Corporate,Long Beach,New York,East,Office Supplies,Binders,24.448,9,3
2017-11-07,First Class,Consumer,Rochester,New York,East,Technology,Phones,263.96,11,4
2017-11-07,First Class,Consumer,Rochester,New York,East,Technology,Phones,359.97,11,4
2017-11-07,First Class,Consumer,Rochester,New York,East,Office Supplies,Paper,12.96,11,4
2017-11-07,First Class,Consumer,Rochester,New York,East,Office Supplies,Storage,116.82,11,4
2017-11-07,First Class,Consumer,Rochester,New York,East,Office Supplies,Binders,276.784,11,4
2016-10-20,Standard Class,Corporate,San Francisco,California,West,Technology,Accessories,239.97,10,4
2016-10-20,Standard Class,Corporate,San Francisco,California,West,Furniture,Furnishings,16.02,10,4
2018-01-01,Standard Class,Consumer,Huntsville,Texas,Central,Office Supplies,Storage,454.56,1,1
2018-01-01,Standard Class,Consumer,Huntsville,Texas,Central,Furniture,Furnishings,141.42,1,1
2018-01-01,Standard Class,Consumer,Huntsville,Texas,Central,Furniture,Chairs,310.744,1,1
2018-01-01,Standard Class,Consumer,Huntsville,Texas,Central,Office Supplies,Art,12.736,1,1
2018-01-01,Standard Class,Consumer,Huntsville,Texas,Central,Office Supplies,Binders,6.47,1,1
2018-01-01,Standard Class,Consumer,Huntsville,Texas,Central,Office Supplies,Binders,13.748,1,1
2018-01-01,Standard Class,Consumer,Huntsville,Texas,Central,Office Supplies,Appliances,15.224,1,1
2016-06-23,Standard Class,Corporate,East Point,Georgia,South,Furniture,Furnishings,27.42,6,2
2016-06-23,Standard Class,Corporate,East Point,Georgia,South,Office Supplies,Binders,165.98,6,2
2016-06-23,Standard Class,Corporate,East Point,Georgia,South,Technology,Accessories,75.0,6,2
2017-11-22,Standard Class,Home Office,New York City,New York,East,Office Supplies,Binders,134.272,11,4
2016-10-26,Standard Class,Corporate,Springfield,Oregon,West,Office Supplies,Labels,146.544,10,4
2016-10-26,Standard Class,Corporate,Springfield,Oregon,West,Office Supplies,Paper,131.904,10,4
2016-10-26,Standard Class,Corporate,Springfield,Oregon,West,Office Supplies,Appliances,203.88,10,4
2016-10-26,Standard Class,Corporate,Springfield,Oregon,West,Office Supplies,Binders,14.301,10,4
2017-10-20,Standard Class,Home Office,Arlington,Virginia,South,Furniture,Furnishings,61.1,10,4
2018-04-28,Standard Class,Consumer,Wilmington,North Carolina,South,Office Supplies,Appliances,28.08,4,2
2017-09-29,Second Class,Corporate,Yuma,Arizona,West,Office Supplies,Art,10.496,9,3
2016-07-10,Standard Class,Consumer,San Bernardino,California,West,Office Supplies,Binders,39.92,7,3
2016-08-07,First Class,Corporate,Baltimore,Maryland,East,Office Supplies,Appliances,77.58,8,3
2015-12-07,Standard Class,Home Office,Seattle,Washington,West,Office Supplies,Storage,269.36,12,4
2016-12-10,Standard Class,Consumer,San Francisco,California,West,Office Supplies,Labels,5.76,12,4
2018-11-08,Second Class,Home Office,New York City,New York,East,Office Supplies,Art,109.9,11,4
2018-07-27,Second Class,Consumer,Seattle,Washington,West,Furniture,Furnishings,23.88,7,3
2018-07-27,Second Class,Consumer,Seattle,Washington,West,Office Supplies,Paper,26.2,7,3
2018-07-27,Second Class,Consumer,Seattle,Washington,West,Office Supplies,Paper,12.96,7,3
2018-07-27,Second Class,Consumer,Seattle,Washington,West,Technology,Accessories,234.95,7,3
2018-12-28,Standard Class,Consumer,Albuquerque,New Mexico,West,Office Supplies,Storage,118.25,12,4
2018-12-28,Standard Class,Consumer,Albuquerque,New Mexico,West,Office Supplies,Paper,4.28,12,4
2017-03-10,First Class,Home Office,Los Angeles,California,West,Technology,Accessories,26.85,3,1
2016-05-22,Standard Class,Consumer,Los Angeles,California,West,Office Supplies,Labels,8.26,5,2
2016-05-22,Standard Class,Consumer,Los Angeles,California,West,Office Supplies,Storage,104.79,5,2
2018-02-17,First Class,Home Office,Houston,Texas,Central,Furniture,Bookcases,89.0664,2,1
2018-02-17,First Class,Home Office,Houston,Texas,Central,Office Supplies,Art,175.44,2,1
2018-02-17,First Class,Home Office,Houston,Texas,Central,Technology,Phones,438.336,2,1
2018-12-08,Standard Class,Consumer,Philadelphia,Pennsylvania,East,Furniture,Chairs,215.544,12,4
2018-11-18,Standard Class,Consumer,Chicago,Illinois,Central,Office Supplies,Envelopes,55.584,11,4
2018-11-18,Standard Class,Consumer,Chicago,Illinois,Central,Furniture,Chairs,127.386,11,4
2017-12-01,Second Class,Consumer,San Angelo,Texas,Central,Furniture,Chairs,248.43,12,4
2017-12-01,Second Class,Consumer,San Angelo,Texas,Central,Office Supplies,Appliances,11.648,12,4
2017-12-01,Second Class,Consumer,San Angelo,Texas,Central,Furniture,Chairs,85.246,12,4
2018-10-03,Second Class,Corporate,Pasadena,Texas,Central,Office Supplies,Art,20.64,10,4
2018-08-29,Standard Class,Corporate,Los Angeles,California,West,Furniture,Furnishings,148.02,8,3
2018-11-24,Same Day,Corporate,Garden City,Kansas,Central,Office Supplies,Storage,33.29,11,4
2018-06-30,Standard Class,Consumer,Los Angeles,California,West,Office Supplies,Paper,204.95,6,2
2017-11-11,Standard Class,Consumer,San Francisco,California,West,Furniture,Furnishings,41.96,11,4
2017-11-11,Standard Class,Consumer,San Francisco,California,West,Furniture,Chairs,451.152,11,4
2017-11-11,Standard Class,Consumer,San Francisco,California,West,Office Supplies,Binders,31.504,11,4
2015-12-09,Standard Class,Consumer,Philadelphia,Pennsylvania,East,Office Supplies,Envelopes,30.672,12,4
2018-09-07,Standard Class,Consumer,Modesto,California,West,Furniture,Chairs,161.568,9,3
2016-02-06,Standard Class,Consumer,Houston,Texas,Central,Office Supplies,Binders,2.934,2,1
2016-02-06,Standard Class,Consumer,Houston,Texas,Central,Technology,Accessories,18.528,2,1
2018-08-26,Standard Class,Consumer,Chicago,Illinois,Central,Furniture,Furnishings,64.96,8,3
2015-07-20,First Class,Corporate,Riverside,California,West,Technology,Accessories,41.94,7,3
2015-07-20,First Class,Corporate,Riverside,California,West,Office Supplies,Paper,11.96,7,3
2015-07-20,First Class,Corporate,Riverside,California,West,Office Supplies,Art,13.12,7,3
2016-10-08,Standard Class,Corporate,Dallas,Texas,Central,Furniture,Furnishings,72.78,10,4
2016-02-16,Standard Class,Consumer,Los Angeles,California,West,Office Supplies,Paper,36.84,2,1
2016-02-16,Standard Class,Consumer,Los Angeles,California,West,Office Supplies,Labels,87.71,2,1
2015-11-09,Standard Class,Home Office,New York City,New York,East,Furniture,Furnishings,56.52,11,4
2017-07-18,Standard Class,Home Office,Philadelphia,Pennsylvania,East,Office Supplies,Art,11.264,7,3
2017-07-18,Standard Class,Home Office,Philadelphia,Pennsylvania,East,Office Supplies,Storage,284.08,7,3
2017-07-18,Standard Class,Home Office,Philadelphia,Pennsylvania,East,Office Supplies,Paper,18.496,7,3
2017-02-05,Standard Class,Consumer,San Diego,California,West,Office Supplies,Labels,14.73,2,1
2017-02-05,Standard Class,Consumer,San Diego,California,West,Office Supplies,Storage,186.54,2,1
2017-02-05,Standard Class,Consumer,San Diego,California,West,Technology,Phones,159.968,2,1
2015-06-20,Standard Class,Consumer,Lawton,Oklahoma,Central,Office Supplies,Appliances,471.9,6,2
2015-06-20,Standard Class,Consumer,Lawton,Oklahoma,Central,Office Supplies,Art,3.52,6,2
2018-06-09,Standard Class,Consumer,Salem,Virginia,South,Office Supplies,Paper,49.12,6,2
2017-12-27,Standard Class,Home Office,Santa Ana,California,West,Office Supplies,Labels,20.16,12,4
2015-01-26,First Class,Corporate,Rapid City,South Dakota,Central,Office Supplies,Binders,10.68,1,1
2015-01-26,First Class,Corporate,Rapid City,South Dakota,Central,Furniture,Bookcases,141.96,1,1
2018-03-23,First Class,Consumer,Seattle,Washington,West,Office Supplies,Storage,32.48,3,1
2018-03-23,First Class,Consumer,Seattle,Washington,West,Office Supplies,Paper,20.04,3,1
2018-03-20,Standard Class,Consumer,Middletown,Connecticut,East,Technology,Accessories,238.0,3,1
2018-03-20,Standard Class,Consumer,Middletown,Connecticut,East,Office Supplies,Paper,61.96,3,1
2017-10-04,Standard Class,Consumer,Baltimore,Maryland,East,Furniture,Tables,239.372,10,4
2018-12-26,Standard Class,Corporate,Odessa,Texas,Central,Office Supplies,Paper,16.032,12,4
2017-03-09,Standard Class,Home Office,Milford,Connecticut,East,Technology,Accessories,199.75,3,1
2017-02-16,Standard Class,Consumer,Belleville,New Jersey,East,Furniture,Chairs,227.96,2,1
2016-09-28,Second Class,Consumer,New York City,New York,East,Office Supplies,Appliances,293.52,9,3
2016-09-28,Second Class,Consumer,New York City,New York,East,Technology,Phones,307.98,9,3
2016-11-02,Standard Class,Consumer,San Diego,California,West,Furniture,Furnishings,96.96,11,4
2016-11-02,Standard Class,Consumer,San Diego,California,West,Office Supplies,Binders,117.488,11,4
2016-11-02,Standard Class,Consumer,San Diego,California,West,Office Supplies,Binders,11.952,11,4
2018-11-06,Standard Class,Home Office,Seattle,Washington,West,Furniture,Chairs,449.568,11,4
2018-11-06,Standard Class,Home Office,Seattle,Washington,West,Technology,Accessories,108.96,11,4
2017-02-14,Standard Class,Consumer,Jackson,Mississippi,South,Office Supplies,Art,264.18,2,1
2015-07-09,Standard Class,Home Office,Los Angeles,California,West,Office Supplies,Labels,2.88,7,3
2015-07-09,Standard Class,Home Office,Los Angeles,California,West,Office Supplies,Binders,41.904,7,3
2015-07-09,Standard Class,Home Office,Los Angeles,California,West,Office Supplies,Storage,23.92,7,3
2017-01-30,Standard Class,Corporate,Chicago,Illinois,Central,Office Supplies,Paper,156.512,1,1
2017-09-22,First Class,Home Office,New York City,New York,East,Office Supplies,Storage,128.34,9,3
2018-12-22,First Class,Consumer,Los Angeles,California,West,Technology,Accessories,474.95,12,4
2016-08-02,Standard Class,Consumer,Springfield,Oregon,West,Furniture,Tables,277.5,8,3
2016-11-21,Standard Class,Consumer,Philadelphia,Pennsylvania,East,Technology,Phones,110.97,11,4
2018-05-18,Standard Class,Corporate,Chicago,Illinois,Central,Furniture,Furnishings,22.608,5,2
2018-05-18,Standard Class,Corporate,Chicago,Illinois,Central,Furniture,Furnishings,1.892,5,2
2018-07-23,Standard Class,Corporate,Chicago,Illinois,Central,Office Supplies,Paper,63.312,7,3
2016-09-13,Second Class,Consumer,Chicago,Illinois,Central,Office Supplies,Envelopes,7.824,9,3
2016-09-13,Second Class,Consumer,Chicago,Illinois,Central,Furniture,Chairs,170.072,9,3
2017-12-10,Standard Class,Corporate,New York City,New York,East,Office Supplies,Paper,62.82,12,4
2016-10-02,Second Class,Consumer,Rockville,Maryland,East,Office Supplies,Paper,19.44,10,4
2016-10-02,Second Class,Consumer,Rockville,Maryland,East,Office Supplies,Binders,7.38,10,4
2018-11-17,Standard Class,Consumer,New York City,New York,East,Office Supplies,Paper,38.88,11,4
2018-11-17,Standard Class,Consumer,New York City,New York,East,Furniture,Furnishings,187.76,11,4
2016-11-30,First Class,Consumer,Durham,North Carolina,South,Office Supplies,Binders,6.048,11,4
2016-11-30,First Class,Consumer,Durham,North Carolina,South,Office Supplies,Appliances,98.352,11,4
2016-11-30,First Class,Consumer,Durham,North Carolina,South,Furniture,Furnishings,335.744,11,4
2016-12-06,Second Class,Corporate,Santa Barbara,California,West,Office Supplies,Paper,8.96,12,4
2018-09-05,Standard Class,Consumer,Knoxville,Tennessee,South,Technology,Accessories,89.568,9,3
2018-09-05,Standard Class,Consumer,Knoxville,Tennessee,South,Office Supplies,Art,71.96,9,3
2018-09-05,Standard Class,Consumer,Knoxville,Tennessee,South,Office Supplies,Paper,15.552,9,3
2018-04-24,Standard Class,Consumer,Chicago,Illinois,Central,Office Supplies,Binders,10.43,4,2
2018-04-24,Standard Class,Consumer,Chicago,Illinois,Central,Office Supplies,Storage,72.784,4,2
2016-11-08,Same Day,Corporate,New York City,New York,East,Office Supplies,Storage,67.15,11,4
2016-11-08,Same Day,Corporate,New York City,New York,East,Furniture,Furnishings,11.82,11,4
2016-04-26,Standard Class,Consumer,Daytona Beach,Florida,South,Furniture,Tables,191.5155,4,2
2016-04-26,Standard Class,Consumer,Daytona Beach,Florida,South,Office Supplies,Art,2.624,4,2
2016-09-20,Standard Class,Consumer,Nashville,Tennessee,South,Office Supplies,Storage,294.368,9,3
2018-09-07,Standard Class,Corporate,Nashville,Tennessee,South,Office Supplies,Appliances,81.568,9,3
2017-11-07,Standard Class,Consumer,Dallas,Texas,Central,Furniture,Furnishings,44.46,11,4
2017-11-07,Standard Class,Consumer,Dallas,Texas,Central,Office Supplies,Storage,314.088,11,4
2016-09-25,Standard Class,Corporate,Murfreesboro,Tennessee,South,Office Supplies,Binders,6.336,9,3
2016-09-25,Standard Class,Corporate,Murfreesboro,Tennessee,South,Office Supplies,Paper,10.48,9,3
2016-09-25,Standard Class,Corporate,Murfreesboro,Tennessee,South,Office Supplies,Binders,2.469,9,3
2016-09-25,Standard Class,Corporate,Murfreesboro,Tennessee,South,Office Supplies,Binders,3.264,9,3
2015-10-03,Standard Class,Consumer,Dallas,Texas,Central,Office Supplies,Fasteners,4.344,10,4
2015-10-03,Standard Class,Consumer,Dallas,Texas,Central,Furniture,Furnishings,31.776,10,4
2015-10-03,Standard Class,Consumer,Dallas,Texas,Central,Office Supplies,Labels,4.928,10,4
2015-10-03,Standard Class,Consumer,Dallas,Texas,Central,Office Supplies,Binders,1.788,10,4
2015-10-03,Standard Class,Consumer,Dallas,Texas,Central,Office Supplies,Fasteners,15.072,10,4
2015-02-18,Standard Class,Consumer,Arlington,Texas,Central,Office Supplies,Storage,12.624,2,1
2017-06-12,Standard Class,Corporate,Pasadena,California,West,Office Supplies,Paper,185.88,6,2
2017-06-12,Standard Class,Corporate,Pasadena,California,West,Office Supplies,Paper,12.96,6,2
2018-11-01,Second Class,Consumer,Everett,Massachusetts,East,Office Supplies,Paper,189.7,11,4
2018-11-01,Second Class,Consumer,Everett,Massachusetts,East,Office Supplies,Paper,40.99,11,4
2017-04-04,Second Class,Home Office,Troy,New York,East,Furniture,Furnishings,82.64,4,2
2017-04-04,Second Class,Home Office,Troy,New York,East,Office Supplies,Storage,31.02,4,2
2017-04-04,Second Class,Home Office,Troy,New York,East,Technology,Accessories,89.97,4,2
2017-06-30,Second Class,Consumer,Sandy Springs,Georgia,South,Office Supplies,Art,35.97,6,2
2015-09-22,Standard Class,Consumer,San Jose,California,West,Office Supplies,Storage,169.45,9,3
2015-09-22,Standard Class,Consumer,San Jose,California,West,Office Supplies,Storage,40.68,9,3
2018-05-01,Standard Class,Consumer,Jacksonville,Florida,South,Office Supplies,Supplies,3.328,5,2
2018-10-20,Same Day,Consumer,Jacksonville,Florida,South,Office Supplies,Storage,4.768,10,4
2018-10-20,Same Day,Consumer,Jacksonville,Florida,South,Office Supplies,Paper,6.672,10,4
2018-10-20,Same Day,Consumer,Jacksonville,Florida,South,Office Supplies,Art,4.448,10,4
2018-10-20,Same Day,Consumer,Jacksonville,Florida,South,Furniture,Furnishings,43.936,10,4
2015-09-01,Standard Class,Consumer,New York City,New York,East,Office Supplies,Binders,23.744,9,3
2015-09-01,Standard Class,Consumer,New York City,New York,East,Technology,Accessories,357.0,9,3
2015-08-12,Standard Class,Consumer,San Francisco,California,West,Furniture,Furnishings,85.44,8,3
2015-08-19,Standard Class,Corporate,Columbus,Georgia,South,Office Supplies,Storage,344.91,8,3
2016-05-10,Same Day,Home Office,Aurora,Illinois,Central,Office Supplies,Appliances,70.97,5,2
2016-05-10,Same Day,Home Office,Aurora,Illinois,Central,Office Supplies,Art,36.784,5,2
2016-03-05,Second Class,Consumer,Chicago,Illinois,Central,Office Supplies,Binders,11.212,3,1
2016-03-05,Second Class,Consumer,Chicago,Illinois,Central,Furniture,Furnishings,4.712,3,1
2016-03-05,Second Class,Consumer,Chicago,Illinois,Central,Office Supplies,Appliances,180.98,3,1
2016-03-05,Second Class,Consumer,Chicago,Illinois,Central,Office Supplies,Storage,60.416,3,1
2018-08-12,Standard Class,Consumer,Seattle,Washington,West,Technology,Copiers,299.99,8,3
2018-08-12,Standard Class,Consumer,Seattle,Washington,West,Office Supplies,Paper,192.16,8,3
2018-08-12,Standard Class,Consumer,Seattle,Washington,West,Technology,Phones,242.624,8,3
2018-08-12,Standard Class,Consumer,Seattle,Washington,West,Office Supplies,Storage,46.74,8,3
2018-08-12,Standard Class,Consumer,Seattle,Washington,West,Technology,Accessories,174.95,8,3
2018-08-12,Standard Class,Consumer,Seattle,Washington,West,Office Supplies,Binders,100.704,8,3
2017-06-26,Same Day,Home Office,Roseville,Michigan,Central,Office Supplies,Paper,368.91,6,2
2017-06-26,Same Day,Home Office,Roseville,Michigan,Central,Office Supplies,Binders,8.02,6,2
2017-06-26,Same Day,Home Office,Roseville,Michigan,Central,Office Supplies,Storage,171.04,6,2
2017-12-15,Standard Class,Home Office,Fayetteville,Arkansas,South,Office Supplies,Paper,19.44,12,4
2016-09-13,Standard Class,Consumer,Jacksonville,North Carolina,South,Office Supplies,Binders,13.092,9,3
2015-12-30,Standard Class,Consumer,New York City,New York,East,Office Supplies,Appliances,122.94,12,4
2015-12-30,Standard Class,Consumer,New York City,New York,East,Office Supplies,Binders,35.448,12,4
2015-04-29,Standard Class,Consumer,Dover,Delaware,East,Technology,Phones,19.98,4,2
2018-01-30,Standard Class,Consumer,Aurora,Illinois,Central,Furniture,Tables,69.375,1,1
2018-01-30,Standard Class,Consumer,Aurora,Illinois,Central,Office Supplies,Supplies,31.68,1,1
2018-01-30,Standard Class,Consumer,Aurora,Illinois,Central,Office Supplies,Art,9.344,1,1
2017-10-20,Standard Class,Corporate,El Cajon,California,West,Furniture,Chairs,387.136,10,4
2016-06-13,Second Class,Home Office,Springfield,Ohio,East,Office Supplies,Art,3.424,6,2
2016-06-26,Standard Class,Home Office,Lakewood,Ohio,East,Office Supplies,Paper,43.056,6,2
2017-02-21,Standard Class,Home Office,Tampa,Florida,South,Office Supplies,Binders,3.762,2,1
2017-02-21,Standard Class,Home Office,Tampa,Florida,South,Office Supplies,Binders,34.86,2,1
2017-02-21,Standard Class,Home Office,Tampa,Florida,South,Office Supplies,Storage,432.456,2,1
2018-05-09,First Class,Corporate,Jacksonville,North Carolina,South,Office Supplies,Envelopes,65.232,5,2
2018-05-09,First Class,Corporate,Jacksonville,North Carolina,South,Furniture,Chairs,207.0,5,2
2016-12-21,Second Class,Home Office,Saint Charles,Illinois,Central,Office Supplies,Art,59.904,12,4
2016-12-21,Second Class,Home Office,Saint Charles,Illinois,Central,Furniture,Furnishings,51.756,12,4
2015-08-12,Standard Class,Home Office,Miami,Florida,South,Office Supplies,Paper,31.104,8,3
2015-08-12,Standard Class,Home Office,Miami,Florida,South,Office Supplies,Art,47.96,8,3
2015-08-12,Standard Class,Home Office,Miami,Florida,South,Technology,Accessories,158.928,8,3
2015-08-12,Standard Class,Home Office,Miami,Florida,South,Office Supplies,Appliances,211.248,8,3
2015-08-12,Standard Class,Home Office,Miami,Florida,South,Office Supplies,Supplies,5.552,8,3
2015-08-12,Standard Class,Home Office,Miami,Florida,South,Office Supplies,Labels,2.952,8,3
2016-12-11,Standard Class,Consumer,Troy,Ohio,East,Office Supplies,Binders,10.332,12,4
2018-11-03,Standard Class,Corporate,Seattle,Washington,West,Office Supplies,Binders,18.368,11,4
2018-03-13,Standard Class,Consumer,New York City,New York,East,Technology,Phones,299.9,3,1
2017-05-30,Standard Class,Corporate,Arlington,Virginia,South,Office Supplies,Envelopes,26.55,5,2
2017-05-30,Standard Class,Corporate,Arlington,Virginia,South,Technology,Accessories,111.98,5,2
2016-07-05,Standard Class,Corporate,Charlotte,North Carolina,South,Furniture,Furnishings,4.928,7,3
2016-07-05,Standard Class,Corporate,Charlotte,North Carolina,South,Office Supplies,Labels,11.784,7,3
2015-03-11,Standard Class,Consumer,Roseville,California,West,Office Supplies,Art,7.98,3,1
2016-04-20,Standard Class,Consumer,Detroit,Michigan,Central,Office Supplies,Envelopes,180.96,4,2
2018-07-26,Standard Class,Corporate,Los Angeles,California,West,Furniture,Chairs,362.352,7,3
2015-10-31,Second Class,Home Office,San Francisco,California,West,Technology,Phones,73.584,10,4
2018-11-03,Standard Class,Consumer,Bakersfield,California,West,Furniture,Tables,486.368,11,4
2017-08-11,Standard Class,Home Office,Tulsa,Oklahoma,Central,Office Supplies,Paper,32.4,8,3
2017-08-11,Standard Class,Home Office,Tulsa,Oklahoma,Central,Office Supplies,Binders,41.86,8,3
2017-08-11,Standard Class,Home Office,Tulsa,Oklahoma,Central,Office Supplies,Binders,77.56,8,3
2017-07-25,Same Day,Home Office,San Francisco,California,West,Office Supplies,Art,37.17,7,3
2015-03-01,Standard Class,Consumer,Houston,Texas,Central,Office Supplies,Storage,137.352,3,1
2015-03-01,Standard Class,Consumer,Houston,Texas,Central,Furniture,Tables,376.509,3,1
2018-01-26,Standard Class,Consumer,Columbus,Georgia,South,Furniture,Furnishings,62.72,1,1
2015-07-12,Standard Class,Home Office,League City,Texas,Central,Office Supplies,Fasteners,3.488,7,3
2015-07-12,Standard Class,Home Office,League City,Texas,Central,Office Supplies,Art,22.288,7,3
2015-07-12,Standard Class,Home Office,League City,Texas,Central,Office Supplies,Paper,16.032,7,3
2018-04-11,Standard Class,Consumer,Burlington,North Carolina,South,Office Supplies,Art,1.752,4,2
2018-04-11,Standard Class,Consumer,Burlington,North Carolina,South,Office Supplies,Art,20.992,4,2
2018-11-13,Standard Class,Consumer,New York City,New York,East,Office Supplies,Storage,11.21,11,4
2016-12-05,First Class,Consumer,Dallas,Texas,Central,Office Supplies,Art,45.04,12,4
2017-09-26,Standard Class,Consumer,Houston,Texas,Central,Office Supplies,Binders,15.624,9,3
2017-11-19,Standard Class,Consumer,Long Beach,New York,East,Office Supplies,Appliances,8.74,11,4
2017-11-19,Standard Class,Consumer,Long Beach,New York,East,Office Supplies,Paper,44.75,11,4
2018-09-08,First Class,Home Office,Hialeah,Florida,South,Office Supplies,Storage,61.68,9,3
2018-09-08,First Class,Home Office,Hialeah,Florida,South,Technology,Phones,158.376,9,3
2018-07-21,Second Class,Corporate,Aurora,Illinois,Central,Office Supplies,Binders,2.864,7,3
2018-07-21,Second Class,Corporate,Aurora,Illinois,Central,Office Supplies,Binders,94.192,7,3
2018-10-06,Standard Class,Consumer,Belleville,New Jersey,East,Office Supplies,Paper,143.7,10,4
2018-10-06,Standard Class,Consumer,Belleville,New Jersey,East,Office Supplies,Paper,6.48,10,4
2018-11-07,Standard Class,Consumer,New York City,New York,East,Technology,Accessories,7.88,11,4
2017-03-09,First Class,Consumer,Andover,Massachusetts,East,Office Supplies,Storage,11.21,3,1
2017-03-09,First Class,Consumer,Andover,Massachusetts,East,Furniture,Chairs,354.9,3,1
2017-03-09,First Class,Consumer,Andover,Massachusetts,East,Office Supplies,Paper,17.94,3,1
2017-03-09,First Class,Consumer,Andover,Massachusetts,East,Office Supplies,Binders,51.8,3,1
2018-05-13,Second Class,Home Office,Newark,Delaware,East,Office Supplies,Binders,299.52,5,2
2017-07-02,Standard Class,Consumer,Arlington,Virginia,South,Office Supplies,Art,7.7,7,3
2015-12-27,Standard Class,Corporate,Decatur,Alabama,South,Office Supplies,Paper,23.92,12,4
2015-12-27,Standard Class,Corporate,Decatur,Alabama,South,Technology,Accessories,498.0,12,4
2018-04-13,Standard Class,Corporate,Hesperia,California,West,Furniture,Chairs,436.704,4,2
2015-11-14,Standard Class,Consumer,Chesapeake,Virginia,South,Office Supplies,Paper,32.4,11,4
2018-06-11,First Class,Consumer,Los Angeles,California,West,Office Supplies,Appliances,61.44,6,2
2017-11-25,Standard Class,Consumer,Huntsville,Alabama,South,Office Supplies,Storage,73.36,11,4
2015-03-21,Standard Class,Consumer,Knoxville,Tennessee,South,Office Supplies,Labels,59.2,3,1
2015-03-21,Standard Class,Consumer,Knoxville,Tennessee,South,Furniture,Furnishings,32.952,3,1
2015-03-21,Standard Class,Consumer,Knoxville,Tennessee,South,Furniture,Chairs,218.376,3,1
2016-04-30,Standard Class,Corporate,Lawrence,Massachusetts,East,Furniture,Furnishings,31.4,4,2
2016-04-30,Standard Class,Corporate,Lawrence,Massachusetts,East,Furniture,Furnishings,9.48,4,2
2016-04-30,Standard Class,Corporate,Lawrence,Massachusetts,East,Technology,Phones,209.5,4,2
2016-04-30,Standard Class,Corporate,Lawrence,Massachusetts,East,Furniture,Furnishings,24.3,4,2
2016-04-30,Standard Class,Corporate,Lawrence,Massachusetts,East,Office Supplies,Paper,6.48,4,2
2018-05-03,Standard Class,Corporate,Philadelphia,Pennsylvania,East,Furniture,Furnishings,32.448,5,2
2018-05-03,Standard Class,Corporate,Philadelphia,Pennsylvania,East,Office Supplies,Binders,26.388,5,2
2018-05-03,Standard Class,Corporate,Philadelphia,Pennsylvania,East,Furniture,Tables,373.47,5,2
2018-05-03,Standard Class,Corporate,Philadelphia,Pennsylvania,East,Office Supplies,Binders,64.2,5,2
2018-05-03,Standard Class,Corporate,Philadelphia,Pennsylvania,East,Office Supplies,Fasteners,8.0,5,2
2017-08-26,Standard Class,Consumer,Athens,Georgia,South,Furniture,Furnishings,186.54,8,3
2015-04-11,Standard Class,Consumer,Great Falls,Montana,West,Office Supplies,Storage,87.08,4,2
2015-04-11,Standard Class,Consumer,Great Falls,Montana,West,Technology,Phones,105.584,4,2
2015-04-11,Standard Class,Consumer,Great Falls,Montana,West,Technology,Accessories,217.44,4,2
2018-01-02,Second Class,Consumer,El Paso,Texas,Central,Office Supplies,Art,31.744,1,1
2018-01-02,Second Class,Consumer,El Paso,Texas,Central,Office Supplies,Appliances,5.432,1,1
2018-01-02,Second Class,Consumer,El Paso,Texas,Central,Office Supplies,Storage,372.144,1,1
2015-09-07,Second Class,Corporate,Santa Clara,California,West,Office Supplies,Supplies,27.36,9,3
2015-09-07,Second Class,Corporate,Santa Clara,California,West,Office Supplies,Paper,20.56,9,3
2015-09-07,Second Class,Corporate,Santa Clara,California,West,Office Supplies,Binders,83.92,9,3
2017-10-17,Standard Class,Home Office,Fresno,California,West,Furniture,Bookcases,120.666,10,4
2015-12-27,First Class,Consumer,Fort Worth,Texas,Central,Office Supplies,Binders,4.984,12,4
2017-11-24,Standard Class,Home Office,Seattle,Washington,West,Furniture,Furnishings,82.26,11,4
2017-11-10,First Class,Consumer,San Francisco,California,West,Office Supplies,Storage,29.74,11,4
2016-01-05,Standard Class,Home Office,San Francisco,California,West,Office Supplies,Appliances,87.36,1,1
2016-01-05,Standard Class,Home Office,San Francisco,California,West,Office Supplies,Binders,56.16,1,1
2018-03-21,Standard Class,Corporate,Pompano Beach,Florida,South,Office Supplies,Appliances,64.384,3,1
2016-11-12,Standard Class,Corporate,Houston,Texas,Central,Office Supplies,Storage,64.784,11,4
2016-11-12,Standard Class,Corporate,Houston,Texas,Central,Office Supplies,Paper,15.552,11,4
2016-11-12,Standard Class,Corporate,Houston,Texas,Central,Office Supplies,Envelopes,223.888,11,4
2015-09-09,Second Class,Consumer,Chicago,Illinois,Central,Office Supplies,Paper,10.896,9,3
2017-03-17,Second Class,Consumer,San Francisco,California,West,Technology,Phones,84.784,3,1
2017-02-08,Standard Class,Corporate,Houston,Texas,Central,Furniture,Chairs,241.5,2,1
2017-11-26,First Class,Home Office,Shelton,Connecticut,East,Technology,Accessories,59.97,11,4
2017-11-26,First Class,Home Office,Shelton,Connecticut,East,Office Supplies,Paper,13.36,11,4
2018-09-04,Standard Class,Corporate,Oakland,California,West,Office Supplies,Binders,11.808,9,3
2016-05-28,Standard Class,Consumer,Manchester,Connecticut,East,Office Supplies,Storage,16.24,5,2
2016-05-28,Standard Class,Consumer,Manchester,Connecticut,East,Office Supplies,Storage,77.55,5,2
2015-11-01,Standard Class,Corporate,Orange,New Jersey,East,Office Supplies,Appliances,76.12,11,4
2017-12-27,First Class,Home Office,Akron,Ohio,East,Office Supplies,Fasteners,17.184,12,4
2018-12-04,First Class,Corporate,Los Angeles,California,West,Office Supplies,Paper,11.76,12,4
2018-12-23,Standard Class,Home Office,Danbury,Connecticut,East,Furniture,Furnishings,27.46,12,4
2017-12-01,Second Class,Consumer,Franklin,Massachusetts,East,Technology,Phones,137.94,12,4
2017-12-01,Second Class,Consumer,Franklin,Massachusetts,East,Furniture,Furnishings,111.15,12,4
2017-12-01,Second Class,Consumer,Franklin,Massachusetts,East,Furniture,Tables,366.009,12,4
2015-06-30,Same Day,Consumer,Wilmington,North Carolina,South,Office Supplies,Paper,310.688,6,2
2015-09-03,First Class,Home Office,Houston,Texas,Central,Office Supplies,Binders,7.68,9,3
2018-11-02,Second Class,Home Office,Springfield,Ohio,East,Furniture,Chairs,155.372,11,4
2016-04-13,Standard Class,Consumer,Glendale,Arizona,West,Office Supplies,Storage,10.744,4,2
2016-12-05,Second Class,Consumer,New York City,New York,East,Office Supplies,Binders,232.4,12,4
2016-12-05,Second Class,Consumer,New York City,New York,East,Furniture,Chairs,164.646,12,4
2016-12-05,Second Class,Consumer,New York City,New York,East,Office Supplies,Paper,22.68,12,4
2017-02-01,Standard Class,Corporate,Los Angeles,California,West,Office Supplies,Paper,105.52,2,1
2018-07-08,Standard Class,Corporate,Newark,Delaware,East,Furniture,Furnishings,83.92,7,3
2018-07-08,Standard Class,Corporate,Newark,Delaware,East,Technology,Accessories,141.9,7,3
2018-07-08,Standard Class,Corporate,Newark,Delaware,East,Furniture,Furnishings,39.98,7,3
2018-07-08,Standard Class,Corporate,Newark,Delaware,East,Office Supplies,Art,28.91,7,3
2018-07-08,Standard Class,Corporate,Newark,Delaware,East,Office Supplies,Art,174.95,7,3
2016-12-11,Standard Class,Home Office,San Bernardino,California,West,Office Supplies,Binders,110.528,12,4
2017-05-09,Second Class,Consumer,Salem,Virginia,South,Office Supplies,Art,27.86,5,2
2017-12-17,Standard Class,Corporate,Arlington,Texas,Central,Office Supplies,Paper,51.84,12,4
2017-12-17,Standard Class,Corporate,Arlington,Texas,Central,Technology,Accessories,165.6,12,4
2018-04-06,Standard Class,Home Office,Marion,Iowa,Central,Office Supplies,Paper,106.32,4,2
2018-05-09,First Class,Home Office,Seattle,Washington,West,Office Supplies,Binders,147.92,5,2
2018-05-09,First Class,Home Office,Seattle,Washington,West,Office Supplies,Storage,104.28,5,2
2018-05-09,First Class,Home Office,Seattle,Washington,West,Furniture,Tables,286.85,5,2
2018-05-09,First Class,Home Office,Seattle,Washington,West,Office Supplies,Storage,66.96,5,2
2018-05-09,First Class,Home Office,Seattle,Washington,West,Technology,Accessories,199.98,5,2
2018-10-12,Standard Class,Consumer,Lakewood,New Jersey,East,Technology,Accessories,45.0,10,4
2018-10-12,Standard Class,Consumer,Lakewood,New Jersey,East,Office Supplies,Fasteners,17.9,10,4
2018-10-12,Standard Class,Consumer,Lakewood,New Jersey,East,Furniture,Furnishings,40.48,10,4
2017-08-28,First Class,Corporate,Cincinnati,Ohio,East,Office Supplies,Binders,18.432,8,3
2016-10-02,Standard Class,Consumer,Thornton,Colorado,West,Office Supplies,Supplies,10.944,10,4
2018-11-23,First Class,Consumer,Roseville,Michigan,Central,Office Supplies,Supplies,4.36,11,4
2018-11-12,Standard Class,Corporate,Tempe,Arizona,West,Technology,Accessories,62.352,11,4
2017-12-19,Second Class,Consumer,Reading,Pennsylvania,East,Furniture,Furnishings,303.92,12,4
2015-03-30,Standard Class,Consumer,Apple Valley,Minnesota,Central,Office Supplies,Storage,129.3,3,1
2018-11-08,Standard Class,Corporate,Baltimore,Maryland,East,Furniture,Furnishings,274.2,11,4
2015-09-14,Second Class,Corporate,Corpus Christi,Texas,Central,Office Supplies,Fasteners,6.048,9,3
2015-09-14,Second Class,Corporate,Corpus Christi,Texas,Central,Office Supplies,Paper,6.848,9,3
2015-09-14,Second Class,Corporate,Corpus Christi,Texas,Central,Furniture,Furnishings,9.96,9,3
2015-09-14,Second Class,Corporate,Corpus Christi,Texas,Central,Office Supplies,Binders,8.552,9,3
2016-09-20,Standard Class,Consumer,Las Vegas,Nevada,West,Office Supplies,Binders,45.584,9,3
2016-12-10,Standard Class,Consumer,Cleveland,Ohio,East,Technology,Accessories,25.488,12,4
2015-05-28,Standard Class,Consumer,Seattle,Washington,West,Office Supplies,Binders,136.96,5,2
2018-03-14,Second Class,Corporate,Chicago,Illinois,Central,Technology,Phones,49.616,3,1
2017-12-08,Second Class,Home Office,Columbus,Ohio,East,Office Supplies,Paper,10.584,12,4
2018-05-06,Standard Class,Consumer,Tucson,Arizona,West,Office Supplies,Paper,84.416,5,2
2017-03-06,Standard Class,Home Office,Philadelphia,Pennsylvania,East,Technology,Phones,431.94,3,1
2017-03-06,Standard Class,Home Office,Philadelphia,Pennsylvania,East,Office Supplies,Binders,2.043,3,1
2017-03-06,Standard Class,Home Office,Philadelphia,Pennsylvania,East,Technology,Phones,68.238,3,1
2018-10-23,First Class,Corporate,Cranston,Rhode Island,East,Furniture,Tables,240.744,10,4
2018-10-23,First Class,Corporate,Cranston,Rhode Island,East,Furniture,Furnishings,35.0,10,4
2018-10-23,First Class,Corporate,Cranston,Rhode Island,East,Furniture,Furnishings,210.68,10,4
2018-10-23,First Class,Corporate,Cranston,Rhode Island,East,Office Supplies,Paper,43.44,10,4
2018-10-23,First Class,Corporate,Cranston,Rhode Island,East,Office Supplies,Appliances,2.22,10,4
2017-04-18,Standard Class,Corporate,Houston,Texas,Central,Furniture,Chairs,344.372,4,2
2017-04-18,Standard Class,Corporate,Houston,Texas,Central,Furniture,Furnishings,127.88,4,2
2017-05-22,Standard Class,Corporate,Los Angeles,California,West,Technology,Phones,222.384,5,2
2018-05-28,Second Class,Corporate,Chicago,Illinois,Central,Furniture,Chairs,106.869,5,2
2018-05-28,Second Class,Corporate,Chicago,Illinois,Central,Office Supplies,Binders,3.564,5,2
2015-08-25,Standard Class,Consumer,Houston,Texas,Central,Office Supplies,Binders,25.68,8,3
2015-08-25,Standard Class,Consumer,Houston,Texas,Central,Office Supplies,Binders,12.384,8,3
2015-08-30,Standard Class,Consumer,Bristol,Connecticut,East,Office Supplies,Binders,25.3,8,3
2015-08-30,Standard Class,Consumer,Bristol,Connecticut,East,Office Supplies,Storage,95.94,8,3
2016-09-03,Second Class,Consumer,Holland,Michigan,Central,Office Supplies,Labels,7.5,9,3
2015-03-28,Standard Class,Home Office,Albuquerque,New Mexico,West,Technology,Phones,302.376,3,1
2016-05-10,Standard Class,Consumer,Louisville,Colorado,West,Technology,Accessories,46.688,5,2
2016-04-09,Standard Class,Consumer,New York City,New York,East,Office Supplies,Storage,17.94,4,2
2016-04-09,Standard Class,Consumer,Norwich,Connecticut,East,Office Supplies,Appliances,370.14,4,2
2017-09-19,Standard Class,Corporate,San Francisco,California,West,Office Supplies,Binders,8.928,9,3
2018-04-23,Standard Class,Home Office,Clarksville,Tennessee,South,Furniture,Bookcases,387.136,4,2
2018-04-23,Standard Class,Home Office,Clarksville,Tennessee,South,Technology,Accessories,45.408,4,2
2018-04-23,Standard Class,Home Office,Clarksville,Tennessee,South,Furniture,Furnishings,77.952,4,2
2018-04-23,Standard Class,Home Office,Clarksville,Tennessee,South,Office Supplies,Labels,3.0,4,2
2016-10-22,Second Class,Consumer,Hollywood,Florida,South,Office Supplies,Storage,9.952,10,4
2018-04-09,Standard Class,Corporate,York,Pennsylvania,East,Office Supplies,Binders,37.896,4,2
2018-04-09,Standard Class,Corporate,York,Pennsylvania,East,Office Supplies,Paper,65.584,4,2
2018-10-27,Standard Class,Home Office,Mesa,Arizona,West,Office Supplies,Paper,44.784,10,4
2018-12-18,Standard Class,Home Office,San Francisco,California,West,Office Supplies,Art,5.76,12,4
2017-03-12,Standard Class,Consumer,Los Angeles,California,West,Office Supplies,Paper,19.98,3,1
2015-07-21,Standard Class,Consumer,Omaha,Nebraska,Central,Technology,Phones,35.98,7,3
2017-05-24,Standard Class,Home Office,Philadelphia,Pennsylvania,East,Office Supplies,Art,16.656,5,2
2018-02-11,Standard Class,Corporate,New York City,New York,East,Office Supplies,Labels,20.7,2,1
2017-09-20,Standard Class,Consumer,Grand Rapids,Michigan,Central,Office Supplies,Binders,83.7,9,3
2018-09-24,Same Day,Consumer,Seattle,Washington,West,Furniture,Furnishings,199.8,9,3
2018-03-27,Standard Class,Home Office,Fresno,California,West,Office Supplies,Paper,45.68,3,1
2018-03-27,Standard Class,Home Office,Fresno,California,West,Office Supplies,Paper,110.96,3,1
2018-03-27,Standard Class,Home Office,Fresno,California,West,Office Supplies,Paper,11.94,3,1
2017-02-02,Second Class,Consumer,Arlington,Virginia,South,Office Supplies,Binders,36.4,2,1
2017-02-02,Second Class,Consumer,Arlington,Virginia,South,Furniture,Furnishings,18.69,2,1
2018-07-07,Standard Class,Consumer,Los Angeles,California,West,Office Supplies,Fasteners,5.94,7,3
2016-10-23,Standard Class,Consumer,Lubbock,Texas,Central,Office Supplies,Paper,60.736,10,4
2016-10-23,Standard Class,Consumer,Lubbock,Texas,Central,Technology,Copiers,479.976,10,4
2016-10-23,Standard Class,Consumer,Lubbock,Texas,Central,Office Supplies,Binders,6.08,10,4
2017-12-02,Standard Class,Corporate,Longmont,Colorado,West,Technology,Accessories,165.6,12,4
2015-03-05,Second Class,Consumer,Yonkers,New York,East,Office Supplies,Art,59.52,3,1
2015-03-05,Second Class,Consumer,Yonkers,New York,East,Technology,Accessories,479.97,3,1
2015-03-05,Second Class,Consumer,Yonkers,New York,East,Office Supplies,Supplies,18.62,3,1
2015-03-05,Second Class,Consumer,Yonkers,New York,East,Office Supplies,Binders,49.632,3,1
2015-03-05,Second Class,Consumer,Yonkers,New York,East,Office Supplies,Paper,97.82,3,1
2016-03-01,Second Class,Corporate,Los Angeles,California,West,Technology,Phones,15.984,3,1
2016-03-01,Second Class,Corporate,Los Angeles,California,West,Furniture,Chairs,184.752,3,1
2015-02-20,Standard Class,Home Office,Los Angeles,California,West,Office Supplies,Paper,12.96,2,1
2017-05-02,Standard Class,Consumer,Amarillo,Texas,Central,Furniture,Chairs,366.744,5,2
2017-03-08,Standard Class,Home Office,Dallas,Texas,Central,Office Supplies,Binders,8.856,3,1
2017-03-08,Standard Class,Home Office,Dallas,Texas,Central,Technology,Accessories,27.96,3,1
2017-03-08,Standard Class,Home Office,Dallas,Texas,Central,Office Supplies,Envelopes,146.352,3,1
2016-12-11,First Class,Consumer,Detroit,Michigan,Central,Technology,Accessories,175.23,12,4
2016-12-11,First Class,Consumer,Detroit,Michigan,Central,Technology,Phones,125.99,12,4
2016-12-11,First Class,Consumer,Detroit,Michigan,Central,Office Supplies,Binders,23.0,12,4
2017-12-22,Standard Class,Consumer,New York City,New York,East,Office Supplies,Binders,25.584,12,4
2017-02-02,Standard Class,Corporate,Houston,Texas,Central,Furniture,Furnishings,73.784,2,1
2018-06-05,Standard Class,Corporate,Orlando,Florida,South,Office Supplies,Paper,20.736,6,2
2016-08-21,Standard Class,Corporate,Florence,Kentucky,South,Office Supplies,Art,17.52,8,3
2016-08-21,Standard Class,Corporate,Florence,Kentucky,South,Office Supplies,Art,35.76,8,3
2017-04-07,Standard Class,Consumer,New York City,New York,East,Office Supplies,Art,3.64,4,2
2018-06-04,Second Class,Consumer,Frisco,Texas,Central,Furniture,Furnishings,30.336,6,2
2018-12-04,Standard Class,Consumer,Paterson,New Jersey,East,Furniture,Furnishings,12.99,12,4
2018-12-04,Standard Class,Consumer,Paterson,New Jersey,East,Furniture,Chairs,182.22,12,4
2018-12-04,Standard Class,Consumer,Paterson,New Jersey,East,Furniture,Chairs,302.94,12,4
2017-01-11,Standard Class,Home Office,Columbus,Ohio,East,Furniture,Furnishings,54.992,1,1
2017-04-01,Standard Class,Corporate,Milwaukee,Wisconsin,Central,Technology,Phones,12.99,4,2
2018-09-21,Standard Class,Consumer,San Francisco,California,West,Office Supplies,Paper,55.86,9,3
2018-03-16,Same Day,Consumer,Columbus,Ohio,East,Technology,Phones,44.376,3,1
2018-03-16,Same Day,Consumer,Columbus,Ohio,East,Furniture,Furnishings,51.264,3,1
2018-03-16,Same Day,Consumer,Columbus,Ohio,East,Office Supplies,Binders,5.193,3,1
2018-03-16,Same Day,Consumer,Columbus,Ohio,East,Technology,Accessories,159.984,3,1
2018-03-16,Same Day,Consumer,Columbus,Ohio,East,Office Supplies,Storage,54.224,3,1
2018-11-10,Standard Class,Home Office,Los Angeles,California,West,Furniture,Chairs,241.424,11,4
2017-11-30,Standard Class,Consumer,Detroit,Michigan,Central,Office Supplies,Paper,33.36,11,4
2017-11-30,Standard Class,Consumer,Detroit,Michigan,Central,Office Supplies,Paper,13.76,11,4
2017-11-30,Standard Class,Consumer,Detroit,Michigan,Central,Office Supplies,Storage,496.86,11,4
2017-11-30,Standard Class,Consumer,Detroit,Michigan,Central,Furniture,Chairs,389.97,11,4
2016-01-13,Second Class,Corporate,Columbus,Georgia,South,Office Supplies,Labels,9.82,1,1
2015-05-16,Standard Class,Consumer,San Francisco,California,West,Technology,Accessories,56.4,5,2
2016-06-07,Standard Class,Home Office,Philadelphia,Pennsylvania,East,Office Supplies,Binders,18.312,6,2
2016-06-07,Standard Class,Home Office,Philadelphia,Pennsylvania,East,Office Supplies,Paper,25.92,6,2
2016-06-07,Standard Class,Home Office,Philadelphia,Pennsylvania,East,Office Supplies,Art,8.016,6,2
2018-03-09,Standard Class,Consumer,Los Angeles,California,West,Technology,Copiers,479.984,3,1
2018-03-09,Standard Class,Consumer,Los Angeles,California,West,Office Supplies,Binders,30.84,3,1
2016-12-22,First Class,Corporate,Philadelphia,Pennsylvania,East,Office Supplies,Storage,33.568,12,4
2016-12-22,First Class,Corporate,Philadelphia,Pennsylvania,East,Furniture,Chairs,422.625,12,4
2015-08-06,Standard Class,Consumer,New York City,New York,East,Technology,Accessories,199.98,8,3
2017-03-27,Standard Class,Corporate,Columbus,Georgia,South,Furniture,Furnishings,20.24,3,1
2017-03-27,Standard Class,Corporate,Columbus,Georgia,South,Furniture,Furnishings,39.92,3,1
2017-03-27,Standard Class,Corporate,Columbus,Georgia,South,Office Supplies,Binders,32.54,3,1
2016-12-05,Standard Class,Corporate,Los Angeles,California,West,Technology,Accessories,39.0,12,4
2016-12-05,Standard Class,Corporate,Los Angeles,California,West,Office Supplies,Labels,12.6,12,4
2016-09-11,First Class,Corporate,Aurora,Colorado,West,Furniture,Furnishings,24.64,9,3
2016-07-17,Standard Class,Corporate,Houston,Texas,Central,Office Supplies,Labels,6.264,7,3
2016-07-17,Standard Class,Corporate,Houston,Texas,Central,Office Supplies,Fasteners,14.432,7,3
2018-11-13,Standard Class,Consumer,Decatur,Alabama,South,Technology,Accessories,239.92,11,4
2016-03-22,Same Day,Consumer,Plantation,Florida,South,Technology,Accessories,447.944,3,1
2016-03-22,Same Day,Consumer,Plantation,Florida,South,Office Supplies,Storage,150.408,3,1
2017-12-23,Second Class,Corporate,Houston,Texas,Central,Technology,Phones,453.576,12,4
2017-12-23,Second Class,Corporate,Houston,Texas,Central,Office Supplies,Labels,45.36,12,4
2017-12-23,Second Class,Corporate,Houston,Texas,Central,Technology,Phones,287.88,12,4
2017-12-23,Second Class,Corporate,Houston,Texas,Central,Technology,Phones,131.88,12,4
2017-12-23,Second Class,Corporate,Houston,Texas,Central,Furniture,Furnishings,2.328,12,4
2018-04-30,Standard Class,Home Office,Sanford,Florida,South,Office Supplies,Binders,4.842,4,2
2018-04-30,Standard Class,Home Office,Sanford,Florida,South,Furniture,Furnishings,220.704,4,2
2017-11-17,First Class,Consumer,The Colony,Texas,Central,Technology,Phones,67.176,11,4
2017-11-17,First Class,Consumer,The Colony,Texas,Central,Office Supplies,Paper,15.232,11,4
2017-11-10,First Class,Consumer,Troy,Ohio,East,Office Supplies,Paper,31.104,11,4
2017-12-06,Standard Class,Corporate,Hempstead,New York,East,Office Supplies,Binders,222.352,12,4
2017-12-06,Standard Class,Corporate,Hempstead,New York,East,Technology,Copiers,479.984,12,4
2017-04-03,Same Day,Home Office,Dallas,Texas,Central,Office Supplies,Paper,10.272,4,2
2016-10-20,First Class,Consumer,New York City,New York,East,Office Supplies,Paper,24.56,10,4
2015-09-19,Same Day,Home Office,San Francisco,California,West,Office Supplies,Fasteners,5.67,9,3
2018-08-27,Second Class,Consumer,Port Saint Lucie,Florida,South,Office Supplies,Appliances,14.336,8,3
2018-07-03,First Class,Consumer,Concord,New Hampshire,East,Furniture,Furnishings,102.3,7,3
2018-12-22,Standard Class,Consumer,Rochester,Minnesota,Central,Office Supplies,Storage,31.16,12,4
2017-12-27,Standard Class,Consumer,Louisville,Kentucky,South,Office Supplies,Labels,2.61,12,4
2015-05-20,Second Class,Corporate,San Marcos,Texas,Central,Furniture,Furnishings,10.332,5,2
2015-05-20,Second Class,Corporate,San Marcos,Texas,Central,Office Supplies,Paper,10.368,5,2
2015-05-20,Second Class,Corporate,San Marcos,Texas,Central,Technology,Accessories,20.784,5,2
2015-05-20,Second Class,Corporate,San Marcos,Texas,Central,Office Supplies,Storage,66.96,5,2
2015-02-04,Second Class,Corporate,Escondido,California,West,Office Supplies,Binders,17.248,2,1
2018-12-09,Standard Class,Consumer,Philadelphia,Pennsylvania,East,Office Supplies,Binders,11.088,12,4
2018-07-11,Standard Class,Corporate,Los Angeles,California,West,Office Supplies,Appliances,168.1,7,3
2016-05-15,Standard Class,Corporate,Philadelphia,Pennsylvania,East,Office Supplies,Storage,51.968,5,2
2018-01-29,First Class,Consumer,Philadelphia,Pennsylvania,East,Office Supplies,Art,4.768,1,1
2018-09-29,First Class,Corporate,Hempstead,New York,East,Office Supplies,Envelopes,7.98,9,3
2018-04-23,First Class,Consumer,Greeley,Colorado,West,Office Supplies,Envelopes,18.688,4,2
2018-04-23,First Class,Consumer,Greeley,Colorado,West,Furniture,Furnishings,11.664,4,2
2018-11-09,Standard Class,Home Office,Jacksonville,Florida,South,Technology,Accessories,191.976,11,4
2018-11-09,Standard Class,Home Office,Jacksonville,Florida,South,Technology,Phones,499.168,11,4
2015-05-05,First Class,Corporate,Arlington,Virginia,South,Office Supplies,Binders,11.88,5,2
2015-05-05,First Class,Corporate,Arlington,Virginia,South,Office Supplies,Paper,35.44,5,2
2017-10-27,Standard Class,Home Office,San Francisco,California,West,Office Supplies,Binders,67.136,10,4
2015-11-26,Standard Class,Corporate,Fresno,California,West,Office Supplies,Binders,4.32,11,4
2015-11-26,Standard Class,Corporate,Fresno,California,West,Office Supplies,Paper,14.94,11,4
2015-11-26,Standard Class,Corporate,Fresno,California,West,Office Supplies,Appliances,40.54,11,4
2015-11-26,Standard Class,Corporate,Fresno,California,West,Office Supplies,Binders,7.312,11,4
2015-12-31,Same Day,Home Office,Reno,Nevada,West,Technology,Phones,475.944,12,4
2017-01-03,Standard Class,Corporate,San Antonio,Texas,Central,Technology,Accessories,30.08,1,1
2017-01-03,Standard Class,Corporate,San Antonio,Texas,Central,Technology,Accessories,165.6,1,1
2017-01-03,Standard Class,Corporate,San Antonio,Texas,Central,Technology,Phones,180.96,1,1
2018-08-18,Standard Class,Consumer,New Bedford,Massachusetts,East,Technology,Accessories,23.18,8,3
2015-06-04,Standard Class,Consumer,New York City,New York,East,Furniture,Furnishings,56.96,6,2
2015-06-04,Standard Class,Consumer,New York City,New York,East,Office Supplies,Appliances,15.56,6,2
2015-06-04,Standard Class,Consumer,New York City,New York,East,Furniture,Bookcases,353.568,6,2
2015-06-04,Standard Class,Consumer,New York City,New York,East,Furniture,Furnishings,13.96,6,2
2018-11-13,Second Class,Consumer,Oxnard,California,West,Technology,Accessories,82.95,11,4
2017-01-28,Second Class,Corporate,Los Angeles,California,West,Office Supplies,Art,39.68,1,1
2017-11-09,Standard Class,Consumer,Oakland,California,West,Technology,Accessories,479.97,11,4
2017-09-10,Standard Class,Consumer,Edmonds,Washington,West,Office Supplies,Labels,7.38,9,3
2017-09-10,Standard Class,Consumer,Edmonds,Washington,West,Office Supplies,Binders,14.256,9,3
2017-09-10,Standard Class,Consumer,Edmonds,Washington,West,Office Supplies,Paper,81.98,9,3
2017-09-10,Standard Class,Consumer,Edmonds,Washington,West,Office Supplies,Binders,39.624,9,3
2018-03-03,Standard Class,Corporate,Los Angeles,California,West,Furniture,Tables,399.672,3,1
2018-09-08,Second Class,Corporate,New York City,New York,East,Office Supplies,Storage,65.12,9,3
2018-11-06,Second Class,Consumer,Dallas,Texas,Central,Furniture,Furnishings,30.56,11,4
2018-05-13,Standard Class,Corporate,Franklin,Tennessee,South,Office Supplies,Appliances,20.768,5,2
2017-11-27,Standard Class,Consumer,Phoenix,Arizona,West,Office Supplies,Storage,39.808,11,4
2016-11-13,Standard Class,Consumer,Miami,Florida,South,Office Supplies,Binders,121.104,11,4
2016-11-13,Standard Class,Consumer,Miami,Florida,South,Technology,Accessories,111.96,11,4
2016-12-08,Standard Class,Corporate,Colorado Springs,Colorado,West,Office Supplies,Paper,15.696,12,4
2016-09-07,Standard Class,Corporate,New York City,New York,East,Office Supplies,Storage,70.26,9,3
2016-09-07,Standard Class,Corporate,New York City,New York,East,Technology,Accessories,90.0,9,3
2016-09-07,Standard Class,Corporate,New York City,New York,East,Office Supplies,Binders,6.096,9,3
2016-09-07,Standard Class,Corporate,New York City,New York,East,Furniture,Tables,481.176,9,3
2016-09-07,Standard Class,Corporate,New York City,New York,East,Office Supplies,Fasteners,7.24,9,3
2017-07-28,First Class,Consumer,Bethlehem,Pennsylvania,East,Furniture,Bookcases,177.45,7,3
2017-07-28,First Class,Consumer,Bethlehem,Pennsylvania,East,Office Supplies,Appliances,9.48,7,3
2018-08-25,Standard Class,Consumer,Philadelphia,Pennsylvania,East,Furniture,Bookcases,130.98,8,3
2015-04-30,First Class,Consumer,Louisville,Kentucky,South,Office Supplies,Art,174.95,4,2
2018-04-27,Standard Class,Consumer,Seattle,Washington,West,Furniture,Furnishings,139.58,4,2
2018-07-23,First Class,Home Office,Kenosha,Wisconsin,Central,Technology,Accessories,399.95,7,3
2015-12-13,Second Class,Corporate,Henderson,Kentucky,South,Office Supplies,Binders,12.39,12,4
2018-12-02,Same Day,Consumer,Peoria,Arizona,West,Office Supplies,Binders,67.86,12,4
2016-11-08,Standard Class,Corporate,Jacksonville,North Carolina,South,Office Supplies,Fasteners,31.504,11,4
2016-11-08,Standard Class,Corporate,Jacksonville,North Carolina,South,Office Supplies,Labels,5.04,11,4
2016-11-08,Standard Class,Corporate,Jacksonville,North Carolina,South,Office Supplies,Binders,39.879,11,4
2016-11-08,Standard Class,Corporate,Jacksonville,North Carolina,South,Furniture,Furnishings,4.712,11,4
2017-11-25,Standard Class,Consumer,Los Angeles,California,West,Furniture,Chairs,194.352,11,4
2016-12-05,First Class,Corporate,Nashville,Tennessee,South,Furniture,Chairs,97.424,12,4
2017-07-29,Standard Class,Consumer,Charlotte,North Carolina,South,Office Supplies,Binders,27.396,7,3
2015-09-13,Same Day,Consumer,Seattle,Washington,West,Office Supplies,Fasteners,5.7,9,3
2015-09-13,Same Day,Consumer,Seattle,Washington,West,Furniture,Furnishings,14.19,9,3
2015-09-13,Same Day,Consumer,Seattle,Washington,West,Office Supplies,Supplies,7.3,9,3
2015-09-13,Same Day,Consumer,Seattle,Washington,West,Technology,Accessories,199.98,9,3
2015-09-13,Same Day,Consumer,Seattle,Washington,West,Technology,Accessories,144.96,9,3
2015-09-13,Same Day,Consumer,Seattle,Washington,West,Technology,Accessories,118.0,9,3
2015-09-13,Same Day,Consumer,Seattle,Washington,West,Office Supplies,Paper,48.94,9,3
2015-09-13,Same Day,Consumer,Seattle,Washington,West,Office Supplies,Appliances,22.66,9,3
2017-06-21,Standard Class,Corporate,Chicago,Illinois,Central,Office Supplies,Binders,0.836,6,2
2017-09-03,Standard Class,Corporate,Cincinnati,Ohio,East,Office Supplies,Paper,30.96,9,3
2016-05-12,Standard Class,Consumer,Houston,Texas,Central,Furniture,Furnishings,21.968,5,2
2016-05-12,Standard Class,Consumer,Houston,Texas,Central,Office Supplies,Paper,127.904,5,2
2018-03-30,Second Class,Consumer,Lakewood,California,West,Furniture,Furnishings,94.2,3,1
2017-11-17,First Class,Home Office,San Francisco,California,West,Office Supplies,Supplies,49.5,11,4
2017-12-30,First Class,Corporate,Philadelphia,Pennsylvania,East,Office Supplies,Art,16.52,12,4
2017-12-22,Second Class,Home Office,Seattle,Washington,West,Office Supplies,Binders,55.36,12,4
2017-12-22,Second Class,Home Office,Seattle,Washington,West,Technology,Machines,11.56,12,4
2016-12-20,Second Class,Consumer,Los Angeles,California,West,Office Supplies,Paper,17.12,12,4
2015-12-27,Second Class,Consumer,Cleveland,Ohio,East,Furniture,Furnishings,182.352,12,4
2015-12-27,Second Class,Consumer,Cleveland,Ohio,East,Office Supplies,Storage,118.16,12,4
2018-02-16,Standard Class,Consumer,Decatur,Illinois,Central,Office Supplies,Fasteners,18.368,2,1
2018-02-16,Standard Class,Consumer,Decatur,Illinois,Central,Office Supplies,Storage,50.352,2,1
2018-02-16,Standard Class,Consumer,Decatur,Illinois,Central,Office Supplies,Art,28.032,2,1
2018-02-16,Standard Class,Consumer,Decatur,Illinois,Central,Furniture,Furnishings,7.692,2,1
2017-09-02,Second Class,Home Office,Houston,Texas,Central,Office Supplies,Binders,8.608,9,3
2017-09-02,Second Class,Home Office,Houston,Texas,Central,Technology,Accessories,159.56,9,3
2017-12-01,Second Class,Corporate,Richmond,Virginia,South,Office Supplies,Supplies,40.7,12,4
2015-11-05,Standard Class,Home Office,Arlington,Virginia,South,Technology,Accessories,47.79,11,4
2018-11-25,Standard Class,Consumer,San Francisco,California,West,Office Supplies,Art,5.16,11,4
2017-12-16,Standard Class,Home Office,San Diego,California,West,Technology,Accessories,21.21,12,4
2018-11-14,Second Class,Corporate,Watertown,New York,East,Office Supplies,Storage,96.36,11,4
2017-06-26,Same Day,Corporate,Los Angeles,California,West,Office Supplies,Supplies,231.72,6,2
2017-06-26,Same Day,Corporate,Los Angeles,California,West,Office Supplies,Fasteners,17.9,6,2
2017-06-26,Same Day,Corporate,Los Angeles,California,West,Office Supplies,Paper,12.48,6,2
2015-12-26,Standard Class,Corporate,Philadelphia,Pennsylvania,East,Office Supplies,Art,8.016,12,4
2017-08-14,Standard Class,Corporate,Akron,Ohio,East,Technology,Phones,259.896,8,3
2017-08-14,Standard Class,Corporate,Akron,Ohio,East,Technology,Phones,247.188,8,3
2017-08-14,Standard Class,Corporate,Akron,Ohio,East,Technology,Accessories,279.96,8,3
2017-10-24,Standard Class,Home Office,San Francisco,California,West,Technology,Accessories,450.0,10,4
2015-08-23,Second Class,Home Office,Grand Rapids,Michigan,Central,Office Supplies,Paper,19.44,8,3
2018-09-15,Second Class,Home Office,San Francisco,California,West,Furniture,Tables,300.904,9,3
2018-06-15,Standard Class,Corporate,Nashville,Tennessee,South,Technology,Phones,239.976,6,2
2018-06-15,Standard Class,Corporate,Nashville,Tennessee,South,Furniture,Furnishings,31.168,6,2
2018-06-15,Standard Class,Corporate,Nashville,Tennessee,South,Furniture,Tables,120.96,6,2
2018-06-15,Standard Class,Corporate,Nashville,Tennessee,South,Office Supplies,Appliances,76.608,6,2
2018-06-15,Standard Class,Corporate,Nashville,Tennessee,South,Office Supplies,Storage,142.776,6,2
2018-06-15,Standard Class,Corporate,Nashville,Tennessee,South,Office Supplies,Paper,91.36,6,2
2016-03-01,Standard Class,Consumer,Philadelphia,Pennsylvania,East,Office Supplies,Appliances,3.552,3,1
2017-07-23,First Class,Consumer,Houston,Texas,Central,Technology,Phones,115.136,7,3
2015-10-01,Standard Class,Home Office,Reno,Nevada,West,Office Supplies,Fasteners,4.71,10,4
2015-09-08,Standard Class,Home Office,New York City,New York,East,Furniture,Chairs,172.764,9,3
2015-09-08,Standard Class,Home Office,New York City,New York,East,Office Supplies,Art,3.52,9,3
2015-11-16,First Class,Corporate,Los Angeles,California,West,Technology,Phones,79.968,11,4
2015-11-16,First Class,Corporate,Los Angeles,California,West,Furniture,Bookcases,305.9745,11,4
2015-11-16,First Class,Corporate,Los Angeles,California,West,Office Supplies,Storage,344.91,11,4
2016-12-03,Standard Class,Consumer,San Francisco,California,West,Furniture,Bookcases,359.499,12,4
2018-07-11,Standard Class,Corporate,San Diego,California,West,Technology,Phones,71.952,7,3
2018-07-11,Standard Class,Corporate,San Diego,California,West,Office Supplies,Binders,29.8,7,3
2018-11-16,Second Class,Corporate,Elyria,Ohio,East,Office Supplies,Binders,1.824,11,4
2017-06-12,Second Class,Home Office,Houston,Texas,Central,Office Supplies,Appliances,64.384,6,2
2017-06-12,Second Class,Home Office,Houston,Texas,Central,Furniture,Furnishings,6.984,6,2
2017-06-12,Second Class,Home Office,Houston,Texas,Central,Office Supplies,Art,11.264,6,2
2017-06-12,Second Class,Home Office,Houston,Texas,Central,Office Supplies,Paper,15.552,6,2
2017-06-12,Second Class,Home Office,Houston,Texas,Central,Furniture,Chairs,379.372,6,2
2017-06-12,Second Class,Home Office,Houston,Texas,Central,Office Supplies,Storage,67.536,6,2
2017-06-12,Second Class,Home Office,Houston,Texas,Central,Office Supplies,Binders,1.524,6,2
2017-12-29,Second Class,Home Office,Miami,Florida,South,Office Supplies,Paper,37.408,12,4
2017-12-29,Second Class,Home Office,Miami,Florida,South,Office Supplies,Paper,25.344,12,4
2018-03-18,Standard Class,Consumer,Seattle,Washington,West,Office Supplies,Art,46.2,3,1
2016-12-27,Standard Class,Corporate,Murfreesboro,Tennessee,South,Technology,Accessories,4.728,12,4
2016-12-27,Standard Class,Corporate,Murfreesboro,Tennessee,South,Furniture,Furnishings,53.352,12,4
2016-12-27,Standard Class,Corporate,Murfreesboro,Tennessee,South,Furniture,Bookcases,131.104,12,4
2016-12-27,Standard Class,Corporate,Murfreesboro,Tennessee,South,Office Supplies,Storage,22.512,12,4
2016-12-27,Standard Class,Corporate,Murfreesboro,Tennessee,South,Technology,Accessories,72.744,12,4
2016-07-31,Standard Class,Corporate,Saint Louis,Missouri,Central,Office Supplies,Supplies,52.59,7,3
2018-06-27,Second Class,Corporate,Seattle,Washington,West,Office Supplies,Paper,19.44,6,2
2018-06-27,Second Class,Corporate,Seattle,Washington,West,Furniture,Furnishings,126.3,6,2
2015-02-07,Second Class,Corporate,New York City,New York,East,Office Supplies,Storage,64.96,2,1
2018-04-06,Standard Class,Corporate,Chattanooga,Tennessee,South,Office Supplies,Binders,8.1,4,2
2018-12-08,First Class,Consumer,Philadelphia,Pennsylvania,East,Office Supplies,Art,13.248,12,4
2018-12-08,First Class,Consumer,Philadelphia,Pennsylvania,East,Technology,Phones,83.988,12,4
2017-07-24,First Class,Consumer,Lafayette,Louisiana,South,Office Supplies,Art,73.2,7,3
2016-11-09,Same Day,Home Office,Lawrence,Indiana,Central,Office Supplies,Binders,10.74,11,4
2016-10-02,First Class,Consumer,Hillsboro,Oregon,West,Furniture,Furnishings,11.032,10,4
2016-10-02,First Class,Consumer,Hillsboro,Oregon,West,Technology,Accessories,53.04,10,4
2016-11-22,Second Class,Home Office,Cambridge,Massachusetts,East,Office Supplies,Art,17.12,11,4
2016-11-22,Second Class,Home Office,Cambridge,Massachusetts,East,Office Supplies,Paper,59.94,11,4
2018-02-02,Standard Class,Corporate,San Diego,California,West,Furniture,Furnishings,210.58,2,1
2018-02-02,Standard Class,Corporate,San Diego,California,West,Office Supplies,Binders,30.96,2,1
2018-02-02,Standard Class,Corporate,San Diego,California,West,Technology,Machines,239.984,2,1
2016-06-16,First Class,Consumer,New York City,New York,East,Technology,Phones,133.98,6,2
2017-05-05,Standard Class,Home Office,Tallahassee,Florida,South,Office Supplies,Paper,93.248,5,2
2017-05-05,Standard Class,Home Office,Tallahassee,Florida,South,Technology,Phones,177.48,5,2
2018-09-09,First Class,Consumer,Toledo,Ohio,East,Office Supplies,Labels,17.712,9,3
2018-09-09,First Class,Consumer,Toledo,Ohio,East,Office Supplies,Binders,4.86,9,3
2018-09-09,First Class,Consumer,Toledo,Ohio,East,Office Supplies,Binders,6.258,9,3
2017-07-22,Standard Class,Corporate,Columbia,Maryland,East,Office Supplies,Appliances,37.68,7,3
2017-07-22,Standard Class,Corporate,Columbia,Maryland,East,Office Supplies,Paper,51.84,7,3
2017-07-22,Standard Class,Corporate,Columbia,Maryland,East,Furniture,Furnishings,27.42,7,3
2017-07-22,Standard Class,Corporate,Columbia,Maryland,East,Office Supplies,Binders,5.4,7,3
2017-01-31,Standard Class,Home Office,Atlanta,Georgia,South,Office Supplies,Envelopes,125.36,1,1
2017-12-29,Standard Class,Consumer,Sacramento,California,West,Office Supplies,Storage,14.03,12,4
2017-12-29,Standard Class,Consumer,Sacramento,California,West,Office Supplies,Supplies,27.96,12,4
2016-11-21,Standard Class,Corporate,Fort Worth,Texas,Central,Office Supplies,Art,5.344,11,4
2016-11-21,Standard Class,Corporate,Fort Worth,Texas,Central,Office Supplies,Binders,1.696,11,4
2016-11-21,Standard Class,Corporate,Fort Worth,Texas,Central,Office Supplies,Appliances,24.588,11,4
2016-11-21,Standard Class,Corporate,Fort Worth,Texas,Central,Office Supplies,Binders,7.98,11,4
2016-10-05,Standard Class,Consumer,Columbus,Ohio,East,Technology,Accessories,288.0,10,4
2017-09-12,Same Day,Home Office,Louisville,Colorado,West,Technology,Phones,146.952,9,3
2017-09-12,Same Day,Home Office,Louisville,Colorado,West,Furniture,Chairs,83.136,9,3
2018-09-14,First Class,Corporate,Raleigh,North Carolina,South,Office Supplies,Paper,74.352,9,3
2016-02-23,Standard Class,Home Office,New York City,New York,East,Office Supplies,Appliances,26.88,2,1
2016-02-23,Standard Class,Home Office,New York City,New York,East,Office Supplies,Binders,10.896,2,1
2017-12-05,Second Class,Home Office,Chicago,Illinois,Central,Office Supplies,Art,3.536,12,4
2017-07-02,First Class,Corporate,Huntsville,Texas,Central,Office Supplies,Paper,41.472,7,3
2018-12-13,Standard Class,Corporate,New York City,New York,East,Furniture,Bookcases,287.976,12,4
2016-03-20,Second Class,Consumer,Salem,Oregon,West,Office Supplies,Storage,29.304,3,1
2016-03-01,First Class,Corporate,Houston,Texas,Central,Office Supplies,Art,55.328,3,1
2017-09-15,Standard Class,Corporate,Twin Falls,Idaho,West,Office Supplies,Binders,20.416,9,3
2018-03-17,Standard Class,Home Office,Knoxville,Tennessee,South,Office Supplies,Labels,4.608,3,1
2018-05-28,Standard Class,Corporate,Phoenix,Arizona,West,Technology,Phones,195.96,5,2
2018-05-28,Standard Class,Corporate,Phoenix,Arizona,West,Office Supplies,Paper,15.552,5,2
2018-05-28,Standard Class,Corporate,Phoenix,Arizona,West,Technology,Accessories,271.968,5,2
2018-06-15,Standard Class,Consumer,Monroe,North Carolina,South,Furniture,Bookcases,77.728,6,2
2016-09-06,Standard Class,Corporate,Richmond,Virginia,South,Office Supplies,Binders,46.62,9,3
2015-12-19,First Class,Corporate,Los Angeles,California,West,Office Supplies,Labels,14.62,12,4
2015-12-19,First Class,Corporate,Los Angeles,California,West,Office Supplies,Fasteners,22.55,12,4
2015-12-19,First Class,Corporate,Los Angeles,California,West,Technology,Phones,211.168,12,4
2017-07-07,Standard Class,Consumer,Orem,Utah,West,Office Supplies,Paper,12.96,7,3
2017-07-07,Standard Class,Consumer,Orem,Utah,West,Office Supplies,Art,45.98,7,3
2018-11-23,Standard Class,Corporate,Chicago,Illinois,Central,Office Supplies,Paper,10.688,11,4
2017-11-10,First Class,Consumer,Oklahoma City,Oklahoma,Central,Technology,Phones,221.98,11,4
2017-11-10,First Class,Consumer,Oklahoma City,Oklahoma,Central,Furniture,Bookcases,341.96,11,4
2015-12-31,First Class,Corporate,New York City,New York,East,Technology,Accessories,34.77,12,4
2015-12-31,First Class,Corporate,New York City,New York,East,Office Supplies,Labels,18.9,12,4
2018-08-19,Standard Class,Consumer,Salt Lake City,Utah,West,Office Supplies,Binders,102.72,8,3
2017-09-12,Standard Class,Corporate,Utica,New York,East,Furniture,Furnishings,40.48,9,3
2018-10-26,Standard Class,Consumer,Philadelphia,Pennsylvania,East,Office Supplies,Binders,33.282,10,4
2018-10-26,Standard Class,Consumer,Philadelphia,Pennsylvania,East,Technology,Phones,118.65,10,4
2018-10-26,Standard Class,Consumer,Philadelphia,Pennsylvania,East,Office Supplies,Labels,14.76,10,4
2018-05-30,Standard Class,Corporate,Los Angeles,California,West,Office Supplies,Paper,37.52,5,2
2017-03-08,Standard Class,Corporate,Jackson,Michigan,Central,Office Supplies,Appliances,207.144,3,1
2017-03-08,Standard Class,Corporate,Jackson,Michigan,Central,Office Supplies,Art,13.9,3,1
2016-07-26,Standard Class,Corporate,Glendale,Arizona,West,Furniture,Chairs,266.352,7,3
2016-11-23,Second Class,Consumer,Wilmington,Delaware,East,Technology,Phones,307.98,11,4
2016-11-23,Second Class,Consumer,Wilmington,Delaware,East,Office Supplies,Paper,44.1,11,4
2016-11-23,Second Class,Consumer,Wilmington,Delaware,East,Office Supplies,Art,13.12,11,4
2016-11-23,Second Class,Consumer,Wilmington,Delaware,East,Office Supplies,Envelopes,16.56,11,4
2016-11-23,Second Class,Consumer,Wilmington,Delaware,East,Office Supplies,Paper,38.88,11,4
2016-11-28,Standard Class,Consumer,Austin,Texas,Central,Office Supplies,Paper,335.52,11,4
2018-11-03,Standard Class,Consumer,Orlando,Florida,South,Office Supplies,Binders,4.086,11,4
2018-11-03,Standard Class,Consumer,Orlando,Florida,South,Office Supplies,Art,55.984,11,4
2018-11-03,Standard Class,Consumer,Orlando,Florida,South,Office Supplies,Paper,10.688,11,4
2018-03-21,Second Class,Consumer,Reading,Pennsylvania,East,Office Supplies,Envelopes,8.856,3,1
2016-12-19,First Class,Consumer,Philadelphia,Pennsylvania,East,Office Supplies,Labels,6.912,12,4
2015-04-02,Second Class,Consumer,Houston,Texas,Central,Office Supplies,Paper,26.72,4,2
2015-04-02,Second Class,Consumer,Houston,Texas,Central,Office Supplies,Paper,33.488,4,2
2016-06-05,Standard Class,Corporate,Saint Charles,Missouri,Central,Office Supplies,Paper,10.56,6,2
2015-10-06,First Class,Corporate,Indianapolis,Indiana,Central,Office Supplies,Storage,386.34,10,4
2017-08-21,Second Class,Corporate,Seattle,Washington,West,Office Supplies,Binders,33.44,8,3
2016-11-15,Standard Class,Home Office,Harrisonburg,Virginia,South,Furniture,Furnishings,39.96,11,4
2018-09-24,Standard Class,Home Office,Sandy Springs,Georgia,South,Office Supplies,Storage,15.51,9,3
2018-09-24,Standard Class,Home Office,Sandy Springs,Georgia,South,Technology,Phones,89.9,9,3
2018-09-24,Standard Class,Home Office,Sandy Springs,Georgia,South,Office Supplies,Art,14.28,9,3
2018-09-24,Standard Class,Home Office,Sandy Springs,Georgia,South,Office Supplies,Art,12.72,9,3
2018-09-24,Standard Class,Home Office,Sandy Springs,Georgia,South,Office Supplies,Labels,15.75,9,3
2015-04-06,Second Class,Corporate,Los Angeles,California,West,Office Supplies,Art,70.95,4,2
2015-04-06,Second Class,Corporate,Los Angeles,California,West,Office Supplies,Binders,65.568,4,2
2015-04-06,Second Class,Corporate,Los Angeles,California,West,Technology,Accessories,299.97,4,2
2017-02-09,Standard Class,Corporate,San Francisco,California,West,Technology,Accessories,89.97,2,1
2017-02-09,Standard Class,Corporate,San Francisco,California,West,Technology,Accessories,31.86,2,1
2015-11-18,Second Class,Corporate,Minneapolis,Minnesota,Central,Office Supplies,Storage,67.15,11,4
2018-12-18,Standard Class,Consumer,Columbus,Ohio,East,Office Supplies,Binders,7.236,12,4
2018-12-18,Standard Class,Consumer,Columbus,Ohio,East,Office Supplies,Fasteners,4.824,12,4
2018-12-18,Standard Class,Consumer,Columbus,Ohio,East,Office Supplies,Paper,91.36,12,4
2018-12-18,Standard Class,Consumer,Columbus,Ohio,East,Office Supplies,Appliances,130.112,12,4
2016-07-02,First Class,Corporate,Raleigh,North Carolina,South,Technology,Phones,74.24,7,3
2016-07-02,First Class,Corporate,Raleigh,North Carolina,South,Furniture,Furnishings,159.84,7,3
2016-07-02,First Class,Corporate,Raleigh,North Carolina,South,Office Supplies,Binders,2.892,7,3
2016-07-02,First Class,Corporate,Raleigh,North Carolina,South,Office Supplies,Paper,9.392,7,3
2015-10-08,Second Class,Consumer,New York City,New York,East,Office Supplies,Paper,123.92,10,4
2016-09-22,First Class,Consumer,Philadelphia,Pennsylvania,East,Office Supplies,Supplies,55.6,9,3
2018-12-24,Standard Class,Corporate,Meridian,Idaho,West,Office Supplies,Binders,21.312,12,4
2018-10-13,Standard Class,Corporate,Sacramento,California,West,Technology,Accessories,209.94,10,4
2018-10-13,Standard Class,Corporate,Sacramento,California,West,Technology,Phones,31.984,10,4
2018-08-20,Standard Class,Home Office,Charlotte,North Carolina,South,Technology,Phones,35.96,8,3
2016-09-11,Standard Class,Home Office,Paterson,New Jersey,East,Office Supplies,Labels,31.05,9,3
2016-09-11,Standard Class,Home Office,Paterson,New Jersey,East,Furniture,Furnishings,8.92,9,3
2016-09-11,Standard Class,Home Office,Paterson,New Jersey,East,Office Supplies,Binders,209.6,9,3
2016-09-11,Standard Class,Home Office,Paterson,New Jersey,East,Office Supplies,Appliances,111.04,9,3
2016-09-11,Standard Class,Home Office,Paterson,New Jersey,East,Office Supplies,Paper,38.88,9,3
2016-12-20,Standard Class,Consumer,Arlington,Virginia,South,Office Supplies,Appliances,36.27,12,4
2015-09-20,First Class,Consumer,Chicago,Illinois,Central,Furniture,Bookcases,493.43,9,3
2015-09-20,First Class,Consumer,Chicago,Illinois,Central,Technology,Phones,11.12,9,3
2018-12-01,Standard Class,Corporate,Seattle,Washington,West,Office Supplies,Binders,15.92,12,4
2018-12-01,Standard Class,Corporate,Seattle,Washington,West,Furniture,Furnishings,70.68,12,4
2015-10-10,Same Day,Consumer,Columbus,Ohio,East,Technology,Machines,101.994,10,4
2015-10-10,Same Day,Consumer,Columbus,Ohio,East,Office Supplies,Binders,18.264,10,4
2018-11-14,Second Class,Consumer,Houston,Texas,Central,Office Supplies,Binders,21.99,11,4
2017-08-13,Standard Class,Consumer,Irving,Texas,Central,Office Supplies,Supplies,185.376,8,3
2017-08-13,Standard Class,Consumer,Irving,Texas,Central,Office Supplies,Appliances,58.924,8,3
2018-09-17,Standard Class,Consumer,Morristown,New Jersey,East,Technology,Machines,480.0,9,3
2018-09-17,Standard Class,Consumer,Morristown,New Jersey,East,Office Supplies,Storage,34.05,9,3
2016-03-23,First Class,Corporate,Los Angeles,California,West,Office Supplies,Paper,192.72,3,1
2016-03-23,First Class,Corporate,Los Angeles,California,West,Technology,Accessories,239.97,3,1
2017-06-30,Second Class,Home Office,Aurora,Illinois,Central,Technology,Accessories,50.12,6,2
2018-10-20,Standard Class,Corporate,Durham,North Carolina,South,Technology,Phones,15.984,10,4
2018-10-20,Standard Class,Corporate,Durham,North Carolina,South,Office Supplies,Paper,14.352,10,4
2015-08-25,Standard Class,Corporate,Columbus,Ohio,East,Office Supplies,Binders,6.528,8,3
2015-08-25,Standard Class,Corporate,Columbus,Ohio,East,Office Supplies,Binders,2.862,8,3
2015-08-25,Standard Class,Corporate,Columbus,Ohio,East,Office Supplies,Binders,20.856,8,3
2015-07-27,Second Class,Corporate,Los Angeles,California,West,Office Supplies,Storage,276.28,7,3
2017-10-17,Second Class,Home Office,Columbia,Missouri,Central,Technology,Phones,449.97,10,4
2017-09-16,First Class,Home Office,Columbus,Georgia,South,Furniture,Chairs,121.78,9,3
2015-08-05,Standard Class,Consumer,Texas City,Texas,Central,Furniture,Tables,489.23,8,3
2017-08-15,Standard Class,Consumer,Los Angeles,California,West,Furniture,Furnishings,312.03,8,3
2017-08-15,Standard Class,Consumer,Los Angeles,California,West,Office Supplies,Storage,17.94,8,3
2017-08-15,Standard Class,Consumer,Los Angeles,California,West,Technology,Phones,165.6,8,3
2017-08-15,Standard Class,Consumer,Los Angeles,California,West,Office Supplies,Paper,37.52,8,3
2016-08-07,Second Class,Corporate,Springfield,Virginia,South,Technology,Phones,494.97,8,3
2016-08-07,Second Class,Corporate,Springfield,Virginia,South,Office Supplies,Labels,25.06,8,3
2017-05-31,Standard Class,Consumer,Decatur,Illinois,Central,Furniture,Furnishings,32.064,5,2
2017-05-31,Standard Class,Consumer,Decatur,Illinois,Central,Office Supplies,Paper,18.496,5,2
2017-05-31,Standard Class,Consumer,Decatur,Illinois,Central,Furniture,Chairs,191.079,5,2
2017-05-31,Standard Class,Consumer,Decatur,Illinois,Central,Office Supplies,Paper,10.368,5,2
2017-07-01,Same Day,Home Office,New York City,New York,East,Office Supplies,Labels,30.53,7,3
2017-07-01,Same Day,Home Office,New York City,New York,East,Technology,Accessories,30.84,7,3
2017-07-01,Same Day,Home Office,New York City,New York,East,Office Supplies,Paper,75.06,7,3
2017-12-18,First Class,Corporate,San Francisco,California,West,Technology,Phones,66.976,12,4
2016-01-26,Standard Class,Corporate,Moreno Valley,California,West,Office Supplies,Paper,182.72,1,1
2018-10-28,Standard Class,Consumer,Everett,Massachusetts,East,Office Supplies,Labels,21.93,10,4
2018-11-04,Standard Class,Consumer,Chattanooga,Tennessee,South,Technology,Accessories,95.976,11,4
2018-11-04,Standard Class,Consumer,Chattanooga,Tennessee,South,Technology,Phones,143.928,11,4
2018-11-04,Standard Class,Consumer,Chattanooga,Tennessee,South,Office Supplies,Binders,3.564,11,4
2018-11-04,Standard Class,Consumer,Chattanooga,Tennessee,South,Office Supplies,Labels,4.928,11,4
2017-05-09,Standard Class,Corporate,Austin,Texas,Central,Office Supplies,Binders,13.184,5,2
2017-05-09,Standard Class,Corporate,Austin,Texas,Central,Office Supplies,Appliances,48.784,5,2
2017-05-09,Standard Class,Corporate,Austin,Texas,Central,Office Supplies,Paper,76.64,5,2
2017-05-09,Standard Class,Corporate,Austin,Texas,Central,Office Supplies,Binders,18.528,5,2
2015-04-02,Standard Class,Corporate,Virginia Beach,Virginia,South,Furniture,Furnishings,177.68,4,2
2015-04-28,Standard Class,Corporate,Jamestown,New York,East,Technology,Accessories,159.98,4,2
2017-10-04,Standard Class,Corporate,Coral Gables,Florida,South,Technology,Phones,52.68,10,4
2017-10-04,Standard Class,Corporate,Coral Gables,Florida,South,Furniture,Furnishings,11.568,10,4
2018-06-11,Standard Class,Consumer,Hickory,North Carolina,South,Office Supplies,Binders,4.572,6,2
2017-01-30,Standard Class,Consumer,Rockford,Illinois,Central,Office Supplies,Binders,1.728,1,1
2016-09-27,Second Class,Corporate,Seattle,Washington,West,Office Supplies,Art,99.2,9,3
2016-04-13,Standard Class,Consumer,Huntsville,Texas,Central,Furniture,Tables,211.372,4,2
2016-04-13,Standard Class,Consumer,Huntsville,Texas,Central,Technology,Phones,239.976,4,2
2018-12-18,Standard Class,Corporate,Milwaukee,Wisconsin,Central,Furniture,Furnishings,99.95,12,4
2018-12-18,Standard Class,Corporate,Milwaukee,Wisconsin,Central,Technology,Accessories,29.34,12,4
2017-03-14,Standard Class,Corporate,Green Bay,Wisconsin,Central,Furniture,Furnishings,16.74,3,1
2018-08-27,Same Day,Corporate,Philadelphia,Pennsylvania,East,Office Supplies,Paper,12.672,8,3
2016-12-17,Second Class,Consumer,Los Angeles,California,West,Office Supplies,Art,204.85,12,4
2016-12-17,Second Class,Consumer,Los Angeles,California,West,Technology,Phones,135.984,12,4
2016-12-17,Second Class,Consumer,Los Angeles,California,West,Office Supplies,Art,16.4,12,4
2016-12-17,Second Class,Consumer,Los Angeles,California,West,Office Supplies,Binders,92.96,12,4
2015-08-22,Second Class,Consumer,North Miami,Florida,South,Office Supplies,Supplies,7.632,8,3
2017-11-03,First Class,Consumer,Portland,Oregon,West,Office Supplies,Binders,4.158,11,4
2017-11-03,First Class,Consumer,Portland,Oregon,West,Technology,Machines,179.991,11,4
2018-10-10,Standard Class,Consumer,Aurora,Illinois,Central,Furniture,Chairs,239.358,10,4
2015-12-07,First Class,Home Office,San Francisco,California,West,Office Supplies,Paper,164.88,12,4
2015-11-15,Second Class,Corporate,San Francisco,California,West,Office Supplies,Supplies,10.95,11,4
2018-12-24,Standard Class,Corporate,New Bedford,Massachusetts,East,Office Supplies,Paper,19.44,12,4
2018-12-24,Standard Class,Corporate,New Bedford,Massachusetts,East,Office Supplies,Binders,12.3,12,4
2015-12-24,First Class,Consumer,San Diego,California,West,Office Supplies,Appliances,13.97,12,4
2018-12-22,Standard Class,Consumer,Jackson,Tennessee,South,Technology,Accessories,46.864,12,4
2018-12-22,Standard Class,Consumer,Jackson,Tennessee,South,Office Supplies,Storage,26.16,12,4
2018-12-22,Standard Class,Consumer,Jackson,Tennessee,South,Office Supplies,Art,23.128,12,4
2018-12-22,Standard Class,Consumer,Jackson,Tennessee,South,Office Supplies,Appliances,59.24,12,4
2015-08-08,Second Class,Consumer,Jacksonville,Florida,South,Furniture,Bookcases,155.456,8,3
2015-09-20,Standard Class,Corporate,San Diego,California,West,Office Supplies,Paper,8.56,9,3
2018-12-25,First Class,Consumer,Hialeah,Florida,South,Furniture,Furnishings,21.0,12,4
2018-12-25,First Class,Consumer,Hialeah,Florida,South,Technology,Machines,120.0,12,4
2018-11-25,Standard Class,Consumer,Houston,Texas,Central,Technology,Phones,299.96,11,4
2018-11-25,Standard Class,Consumer,Houston,Texas,Central,Office Supplies,Appliances,67.84,11,4
2018-11-25,Standard Class,Consumer,Houston,Texas,Central,Office Supplies,Art,18.688,11,4
2017-11-05,First Class,Consumer,Virginia Beach,Virginia,South,Furniture,Furnishings,273.96,11,4
2017-11-05,First Class,Consumer,Virginia Beach,Virginia,South,Technology,Accessories,89.97,11,4
2018-11-06,Standard Class,Consumer,Houston,Texas,Central,Office Supplies,Binders,1.248,11,4
2017-11-03,Standard Class,Home Office,Philadelphia,Pennsylvania,East,Technology,Accessories,72.0,11,4
2017-11-03,Standard Class,Home Office,Philadelphia,Pennsylvania,East,Furniture,Chairs,470.155,11,4
2015-12-30,First Class,Consumer,Memphis,Tennessee,South,Office Supplies,Storage,39.128,12,4
2018-12-02,Standard Class,Corporate,Lakewood,Ohio,East,Office Supplies,Art,19.728,12,4
2018-12-02,Standard Class,Corporate,Lakewood,Ohio,East,Technology,Phones,151.188,12,4
2018-03-24,Standard Class,Consumer,New York City,New York,East,Furniture,Chairs,271.764,3,1
2015-11-19,First Class,Consumer,Philadelphia,Pennsylvania,East,Technology,Accessories,47.496,11,4
2018-04-25,Second Class,Consumer,Los Angeles,California,West,Furniture,Bookcases,344.981,4,2
2018-11-23,First Class,Corporate,Dallas,Texas,Central,Office Supplies,Paper,36.288,11,4
2018-11-23,First Class,Corporate,Dallas,Texas,Central,Office Supplies,Paper,78.304,11,4
2018-11-23,First Class,Corporate,Dallas,Texas,Central,Furniture,Tables,127.785,11,4
2018-11-23,First Class,Corporate,Dallas,Texas,Central,Office Supplies,Binders,6.104,11,4
2015-11-03,Second Class,Corporate,Orange,New Jersey,East,Office Supplies,Binders,5.76,11,4
2016-10-19,Second Class,Consumer,Dallas,Texas,Central,Office Supplies,Binders,1.72,10,4
2015-02-06,Second Class,Consumer,Romeoville,Illinois,Central,Office Supplies,Binders,8.952,2,1
2017-03-06,Standard Class,Consumer,Chicago,Illinois,Central,Office Supplies,Appliances,2.334,3,1
2017-03-06,Standard Class,Consumer,Chicago,Illinois,Central,Office Supplies,Binders,1.728,3,1
2017-03-06,Standard Class,Consumer,Chicago,Illinois,Central,Furniture,Furnishings,159.04,3,1
2017-03-06,Standard Class,Consumer,Chicago,Illinois,Central,Furniture,Tables,145.98,3,1
2016-12-03,Standard Class,Consumer,Jacksonville,North Carolina,South,Furniture,Furnishings,77.952,12,4
2016-12-03,Standard Class,Consumer,Jacksonville,North Carolina,South,Office Supplies,Binders,95.97,12,4
2016-12-03,Standard Class,Consumer,Jacksonville,North Carolina,South,Technology,Phones,105.584,12,4
2016-12-03,Standard Class,Consumer,Jacksonville,North Carolina,South,Office Supplies,Art,9.344,12,4
2016-12-24,Standard Class,Corporate,Springfield,Missouri,Central,Furniture,Furnishings,9.68,12,4
2018-10-01,Standard Class,Home Office,San Francisco,California,West,Technology,Accessories,104.75,10,4
2018-10-16,Standard Class,Corporate,Columbia,Tennessee,South,Technology,Accessories,18.528,10,4
2015-08-15,First Class,Consumer,Hollywood,Florida,South,Office Supplies,Paper,91.36,8,3
2015-08-15,First Class,Consumer,Hollywood,Florida,South,Office Supplies,Appliances,152.24,8,3
2018-11-11,First Class,Consumer,Dallas,Texas,Central,Technology,Phones,35.184,11,4
2018-03-20,Same Day,Consumer,Houston,Texas,Central,Office Supplies,Paper,56.704,3,1
2018-03-20,Same Day,Consumer,Houston,Texas,Central,Office Supplies,Paper,274.064,3,1
2018-05-13,Standard Class,Home Office,Philadelphia,Pennsylvania,East,Furniture,Chairs,458.43,5,2
2015-06-22,Same Day,Consumer,Phoenix,Arizona,West,Office Supplies,Binders,8.226,6,2
2015-12-02,Standard Class,Corporate,Sandy Springs,Georgia,South,Technology,Accessories,5.95,12,4
2015-12-02,Standard Class,Corporate,Sandy Springs,Georgia,South,Office Supplies,Paper,15.24,12,4
2016-04-05,Same Day,Consumer,Spokane,Washington,West,Technology,Accessories,239.94,4,2
2016-04-05,Same Day,Consumer,Spokane,Washington,West,Office Supplies,Art,23.84,4,2
2018-11-18,Same Day,Corporate,Milwaukee,Wisconsin,Central,Office Supplies,Storage,92.52,11,4
2018-11-18,Same Day,Corporate,Milwaukee,Wisconsin,Central,Office Supplies,Storage,37.76,11,4
2018-11-18,Same Day,Corporate,Milwaukee,Wisconsin,Central,Office Supplies,Labels,7.38,11,4
2018-11-18,Same Day,Corporate,Milwaukee,Wisconsin,Central,Furniture,Furnishings,5.82,11,4
2018-07-12,Standard Class,Consumer,Fairfield,Ohio,East,Office Supplies,Paper,3.816,7,3
2018-05-19,Standard Class,Corporate,Huntsville,Alabama,South,Office Supplies,Binders,26.16,5,2
2016-12-20,First Class,Home Office,Houston,Texas,Central,Technology,Accessories,100.8,12,4
2017-02-21,First Class,Corporate,New York City,New York,East,Furniture,Furnishings,135.8,2,1
2018-03-18,Standard Class,Corporate,Los Angeles,California,West,Office Supplies,Art,13.9,3,1
2018-03-18,Standard Class,Corporate,Los Angeles,California,West,Office Supplies,Envelopes,19.4,3,1
2017-12-17,Standard Class,Corporate,Carlsbad,New Mexico,West,Office Supplies,Binders,13.488,12,4
2017-12-17,Standard Class,Corporate,Carlsbad,New Mexico,West,Office Supplies,Binders,11.416,12,4
2017-03-26,Second Class,Consumer,Pocatello,Idaho,West,Office Supplies,Paper,17.64,3,1
2017-03-26,Second Class,Consumer,Pocatello,Idaho,West,Office Supplies,Binders,17.04,3,1
2015-12-16,Second Class,Consumer,Springfield,Virginia,South,Technology,Accessories,99.98,12,4
2015-12-16,Second Class,Consumer,Springfield,Virginia,South,Furniture,Furnishings,29.46,12,4
2016-11-15,Standard Class,Corporate,Toledo,Ohio,East,Office Supplies,Binders,166.92,11,4
2017-08-22,First Class,Home Office,Fort Collins,Colorado,West,Furniture,Furnishings,98.328,8,3
2016-06-29,First Class,Consumer,New York City,New York,East,Furniture,Chairs,117.882,6,2
2017-06-26,Standard Class,Corporate,New York City,New York,East,Technology,Accessories,20.97,6,2
2017-06-26,Standard Class,Corporate,New York City,New York,East,Technology,Accessories,139.96,6,2
2017-06-26,Standard Class,Corporate,New York City,New York,East,Furniture,Furnishings,37.74,6,2
2017-09-17,Standard Class,Consumer,Marlborough,Massachusetts,East,Furniture,Furnishings,14.82,9,3
2017-09-17,Standard Class,Consumer,Marlborough,Massachusetts,East,Furniture,Furnishings,191.82,9,3
2015-07-18,Standard Class,Consumer,New Rochelle,New York,East,Office Supplies,Binders,13.904,7,3
2018-09-01,Same Day,Corporate,Seattle,Washington,West,Office Supplies,Appliances,314.6,9,3
2018-09-01,Same Day,Corporate,Seattle,Washington,West,Furniture,Tables,283.56,9,3
2018-06-22,Standard Class,Home Office,Detroit,Michigan,Central,Furniture,Chairs,487.96,6,2
2016-10-01,Standard Class,Consumer,Quincy,Illinois,Central,Office Supplies,Binders,2.992,10,4
2016-10-01,Standard Class,Consumer,Quincy,Illinois,Central,Technology,Accessories,108.768,10,4
2016-04-07,First Class,Consumer,New York City,New York,East,Office Supplies,Paper,25.92,4,2
2016-04-07,First Class,Consumer,New York City,New York,East,Office Supplies,Storage,22.58,4,2
2018-11-21,Same Day,Consumer,Houston,Texas,Central,Technology,Phones,55.176,11,4
2015-09-19,Standard Class,Corporate,Chandler,Arizona,West,Furniture,Tables,73.915,9,3
2015-09-28,Standard Class,Consumer,Hollywood,Florida,South,Furniture,Furnishings,337.088,9,3
2016-09-22,Second Class,Corporate,Los Angeles,California,West,Office Supplies,Appliances,61.44,9,3
2017-11-07,Standard Class,Corporate,San Francisco,California,West,Technology,Accessories,479.97,11,4
2018-12-16,Second Class,Corporate,Sunnyvale,California,West,Office Supplies,Binders,5.984,12,4
2018-12-16,Second Class,Corporate,Sunnyvale,California,West,Technology,Accessories,189.95,12,4
2018-12-16,Second Class,Corporate,Sunnyvale,California,West,Technology,Accessories,149.95,12,4
2018-12-16,Second Class,Corporate,Sunnyvale,California,West,Office Supplies,Art,29.95,12,4
2018-12-16,Second Class,Corporate,Sunnyvale,California,West,Office Supplies,Labels,44.4,12,4
2015-09-21,Standard Class,Home Office,New York City,New York,East,Office Supplies,Art,66.03,9,3
2016-05-18,Standard Class,Corporate,Los Angeles,California,West,Office Supplies,Paper,10.86,5,2
2015-03-26,Second Class,Corporate,San Francisco,California,West,Office Supplies,Art,3.36,3,1
2015-03-26,Second Class,Corporate,San Francisco,California,West,Office Supplies,Binders,27.936,3,1
2015-03-26,Second Class,Corporate,San Francisco,California,West,Technology,Phones,28.784,3,1
2018-09-22,Standard Class,Consumer,Santa Ana,California,West,Office Supplies,Supplies,21.96,9,3
2016-09-12,Second Class,Consumer,Seattle,Washington,West,Technology,Accessories,21.98,9,3
2016-10-20,Standard Class,Consumer,Los Angeles,California,West,Furniture,Furnishings,74.76,10,4
2016-10-20,Standard Class,Consumer,Los Angeles,California,West,Furniture,Tables,364.776,10,4
2016-11-20,First Class,Corporate,San Diego,California,West,Office Supplies,Binders,89.696,11,4
2016-11-20,First Class,Corporate,San Diego,California,West,Office Supplies,Labels,50.12,11,4
2017-02-28,Standard Class,Corporate,New York City,New York,East,Office Supplies,Fasteners,36.48,2,1
2015-10-14,Standard Class,Consumer,Chicago,Illinois,Central,Office Supplies,Paper,322.192,10,4
2015-10-14,Standard Class,Consumer,Chicago,Illinois,Central,Office Supplies,Binders,2.946,10,4
2015-10-14,Standard Class,Consumer,Chicago,Illinois,Central,Office Supplies,Paper,19.136,10,4
2018-05-26,Standard Class,Consumer,Harrisonburg,Virginia,South,Technology,Accessories,23.08,5,2
2017-02-04,Standard Class,Consumer,Rockville,Maryland,East,Technology,Phones,90.48,2,1
2017-09-02,Second Class,Consumer,Des Moines,Washington,West,Furniture,Chairs,215.976,9,3
2017-09-02,Second Class,Consumer,Des Moines,Washington,West,Office Supplies,Envelopes,65.94,9,3
2018-12-04,First Class,Corporate,Philadelphia,Pennsylvania,East,Furniture,Furnishings,11.352,12,4
2016-06-12,Standard Class,Home Office,Columbus,Indiana,Central,Office Supplies,Storage,24.56,6,2
2017-09-04,Standard Class,Consumer,Springfield,Missouri,Central,Office Supplies,Envelopes,16.56,9,3
2017-09-04,Standard Class,Consumer,Springfield,Missouri,Central,Technology,Accessories,279.95,9,3
2016-11-05,First Class,Consumer,Lakewood,Ohio,East,Office Supplies,Binders,7.218,11,4
2016-11-05,First Class,Consumer,Lakewood,Ohio,East,Office Supplies,Supplies,27.2,11,4
2015-11-03,Standard Class,Corporate,Omaha,Nebraska,Central,Technology,Accessories,89.97,11,4
2017-02-16,Standard Class,Consumer,Henderson,Kentucky,South,Furniture,Furnishings,318.08,2,1
2017-02-16,Standard Class,Consumer,Henderson,Kentucky,South,Office Supplies,Binders,5.8,2,1
2018-09-11,Second Class,Corporate,Santa Ana,California,West,Technology,Phones,143.952,9,3
2018-09-11,Second Class,Corporate,Santa Ana,California,West,Office Supplies,Paper,19.44,9,3
2018-11-02,Standard Class,Consumer,Springfield,Virginia,South,Office Supplies,Art,5.56,11,4
2016-02-06,First Class,Corporate,Suffolk,Virginia,South,Office Supplies,Storage,146.73,2,1
2016-02-06,First Class,Corporate,Suffolk,Virginia,South,Office Supplies,Paper,29.9,2,1
2017-09-10,Second Class,Consumer,Los Angeles,California,West,Office Supplies,Binders,276.784,9,3
2017-09-26,Standard Class,Corporate,Houston,Texas,Central,Office Supplies,Appliances,93.032,9,3
2017-09-26,Standard Class,Corporate,Houston,Texas,Central,Furniture,Chairs,454.965,9,3
2016-12-15,Standard Class,Corporate,Cary,North Carolina,South,Technology,Phones,246.168,12,4
2017-09-17,Second Class,Consumer,Springfield,Ohio,East,Office Supplies,Storage,295.4,9,3
2018-10-13,First Class,Consumer,Louisville,Kentucky,South,Office Supplies,Storage,348.56,10,4
2016-06-28,Second Class,Corporate,Troy,Ohio,East,Office Supplies,Paper,15.552,6,2
2016-06-28,Second Class,Corporate,Troy,Ohio,East,Furniture,Bookcases,482.94,6,2
2016-06-01,Standard Class,Consumer,Detroit,Michigan,Central,Technology,Phones,299.98,6,2
2016-06-01,Standard Class,Consumer,Detroit,Michigan,Central,Office Supplies,Binders,403.68,6,2
2016-06-01,Standard Class,Consumer,Detroit,Michigan,Central,Technology,Phones,41.9,6,2
2016-06-01,Standard Class,Consumer,Detroit,Michigan,Central,Office Supplies,Labels,28.91,6,2
2015-04-12,Standard Class,Consumer,Bloomington,Indiana,Central,Office Supplies,Paper,32.4,4,2
2018-10-12,Standard Class,Home Office,Dallas,Texas,Central,Technology,Phones,369.544,10,4
2018-10-12,Standard Class,Home Office,Dallas,Texas,Central,Office Supplies,Paper,10.368,10,4
2016-11-07,Standard Class,Consumer,Houston,Texas,Central,Office Supplies,Art,23.64,11,4
2016-11-07,Standard Class,Consumer,Houston,Texas,Central,Office Supplies,Storage,84.784,11,4
2016-11-07,Standard Class,Consumer,Houston,Texas,Central,Furniture,Furnishings,64.96,11,4
2016-11-07,Standard Class,Consumer,Houston,Texas,Central,Office Supplies,Binders,32.06,11,4
2016-11-07,Standard Class,Consumer,Houston,Texas,Central,Office Supplies,Storage,177.648,11,4
2016-11-07,Standard Class,Consumer,Houston,Texas,Central,Technology,Machines,287.91,11,4
2016-05-25,First Class,Corporate,Haltom City,Texas,Central,Office Supplies,Supplies,22.368,5,2
2016-05-25,First Class,Corporate,Haltom City,Texas,Central,Office Supplies,Paper,32.368,5,2
2016-05-25,First Class,Corporate,Haltom City,Texas,Central,Technology,Accessories,207.984,5,2
2015-10-13,First Class,Home Office,Richmond,Virginia,South,Office Supplies,Envelopes,36.4,10,4
2015-10-13,First Class,Home Office,Richmond,Virginia,South,Technology,Accessories,22.96,10,4
2015-10-13,First Class,Home Office,Richmond,Virginia,South,Office Supplies,Storage,315.2,10,4
2015-10-13,First Class,Home Office,Richmond,Virginia,South,Office Supplies,Binders,15.18,10,4
2018-01-19,Second Class,Consumer,Philadelphia,Pennsylvania,East,Technology,Phones,429.6,1,1
2018-01-19,Second Class,Consumer,Philadelphia,Pennsylvania,East,Furniture,Furnishings,31.968,1,1
2018-01-19,Second Class,Consumer,Philadelphia,Pennsylvania,East,Office Supplies,Paper,21.696,1,1
2017-06-06,Standard Class,Home Office,Los Angeles,California,West,Office Supplies,Labels,22.05,6,2
2017-06-06,Standard Class,Home Office,Los Angeles,California,West,Office Supplies,Paper,99.9,6,2
2018-03-18,Second Class,Corporate,Los Angeles,California,West,Office Supplies,Appliances,90.86,3,1
2018-11-24,Same Day,Consumer,San Francisco,California,West,Office Supplies,Paper,7.78,11,4
2017-11-26,Second Class,Consumer,Philadelphia,Pennsylvania,East,Office Supplies,Binders,78.759,11,4
2017-08-18,Second Class,Home Office,Houston,Texas,Central,Furniture,Furnishings,9.552,8,3
2017-08-18,Second Class,Home Office,Houston,Texas,Central,Furniture,Furnishings,5.344,8,3
2016-11-28,Standard Class,Home Office,Las Cruces,New Mexico,West,Office Supplies,Art,8.28,11,4
2018-05-25,Standard Class,Consumer,Houston,Texas,Central,Office Supplies,Storage,50.136,5,2
2018-09-04,First Class,Corporate,Redmond,Oregon,West,Office Supplies,Binders,88.074,9,3
2017-03-24,Second Class,Consumer,Cleveland,Ohio,East,Furniture,Bookcases,301.47,3,1
2017-03-24,Second Class,Consumer,Cleveland,Ohio,East,Office Supplies,Art,18.656,3,1
2018-05-28,Standard Class,Corporate,Laurel,Maryland,East,Furniture,Furnishings,27.46,5,2
2018-05-28,Standard Class,Corporate,Laurel,Maryland,East,Office Supplies,Appliances,125.13,5,2
2017-04-12,Standard Class,Corporate,Wilson,North Carolina,South,Office Supplies,Storage,129.552,4,2
2017-04-12,Standard Class,Corporate,Wilson,North Carolina,South,Office Supplies,Storage,51.984,4,2
2017-04-12,Standard Class,Corporate,Wilson,North Carolina,South,Office Supplies,Paper,10.272,4,2
2015-02-02,Standard Class,Consumer,Saint Petersburg,Florida,South,Office Supplies,Binders,18.336,2,1
2015-02-02,Standard Class,Consumer,Saint Petersburg,Florida,South,Technology,Phones,180.96,2,1
2015-09-02,Standard Class,Consumer,Buffalo Grove,Illinois,Central,Technology,Accessories,475.944,9,3
2018-09-30,Second Class,Home Office,Los Angeles,California,West,Technology,Accessories,159.98,9,3
2017-09-05,First Class,Corporate,New York City,New York,East,Technology,Phones,43.6,9,3
2018-05-20,Standard Class,Consumer,Las Vegas,Nevada,West,Office Supplies,Binders,8.288,5,2
2018-05-20,Standard Class,Consumer,Las Vegas,Nevada,West,Office Supplies,Appliances,64.9,5,2
2016-09-20,Standard Class,Consumer,Naperville,Illinois,Central,Office Supplies,Binders,2.808,9,3
2017-01-23,Standard Class,Corporate,Burlington,Vermont,East,Technology,Accessories,99.98,1,1
2017-01-23,Standard Class,Corporate,Burlington,Vermont,East,Office Supplies,Art,8.04,1,1
2015-06-01,Standard Class,Corporate,Detroit,Michigan,Central,Office Supplies,Binders,138.56,6,2
2015-06-01,Standard Class,Corporate,Detroit,Michigan,Central,Office Supplies,Appliances,65.52,6,2
2016-09-24,Second Class,Consumer,Avondale,Arizona,West,Office Supplies,Art,14.576,9,3
2016-09-24,Second Class,Consumer,Avondale,Arizona,West,Technology,Accessories,23.2,9,3
2016-09-24,Second Class,Consumer,Avondale,Arizona,West,Office Supplies,Art,16.464,9,3
2017-08-01,Second Class,Consumer,Philadelphia,Pennsylvania,East,Furniture,Furnishings,19.312,8,3
2015-01-23,Standard Class,Consumer,Las Vegas,Nevada,West,Office Supplies,Paper,40.08,1,1
2015-08-04,Standard Class,Corporate,Bangor,Maine,East,Office Supplies,Appliances,101.96,8,3
2015-08-04,Standard Class,Corporate,Bangor,Maine,East,Office Supplies,Paper,259.74,8,3
2015-08-04,Standard Class,Corporate,Bangor,Maine,East,Technology,Accessories,255.42,8,3
2017-08-09,Standard Class,Home Office,Hendersonville,Tennessee,South,Office Supplies,Binders,4.338,8,3
2017-08-09,Standard Class,Home Office,Hendersonville,Tennessee,South,Office Supplies,Binders,11.88,8,3
2017-12-08,Standard Class,Consumer,Eau Claire,Wisconsin,Central,Furniture,Bookcases,405.86,12,4
2016-06-08,Standard Class,Consumer,Chicago,Illinois,Central,Technology,Accessories,2.376,6,2
2016-06-08,Standard Class,Consumer,Chicago,Illinois,Central,Office Supplies,Appliances,143.128,6,2
2017-06-24,Second Class,Consumer,San Diego,California,West,Office Supplies,Paper,104.85,6,2
2017-06-24,Second Class,Consumer,San Diego,California,West,Office Supplies,Appliances,241.44,6,2
2017-03-15,Standard Class,Home Office,Jackson,Mississippi,South,Office Supplies,Paper,319.76,3,1
2017-03-15,Standard Class,Home Office,Jackson,Mississippi,South,Office Supplies,Paper,45.68,3,1
2017-12-01,Same Day,Home Office,Oxnard,California,West,Furniture,Furnishings,31.96,12,4
2017-12-01,Same Day,Home Office,Oxnard,California,West,Office Supplies,Paper,47.9,12,4
2017-12-01,Same Day,Home Office,Oxnard,California,West,Office Supplies,Envelopes,22.92,12,4
2018-06-12,Second Class,Consumer,Kent,Washington,West,Technology,Phones,71.976,6,2
2018-06-12,Second Class,Consumer,Kent,Washington,West,Office Supplies,Paper,19.44,6,2
2017-03-19,Standard Class,Corporate,Nashville,Tennessee,South,Office Supplies,Binders,31.086,3,1
2017-11-14,Standard Class,Consumer,New York City,New York,East,Technology,Phones,13.98,11,4
2017-11-14,Standard Class,Consumer,New York City,New York,East,Office Supplies,Art,23.65,11,4
2018-08-07,Standard Class,Consumer,Westminster,California,West,Office Supplies,Binders,11.952,8,3
2018-08-07,Standard Class,Consumer,Westminster,California,West,Office Supplies,Binders,31.128,8,3
2018-08-07,Standard Class,Consumer,Westminster,California,West,Technology,Accessories,55.76,8,3
2018-08-07,Standard Class,Consumer,Westminster,California,West,Office Supplies,Paper,24.56,8,3
2018-08-07,Standard Class,Consumer,Westminster,California,West,Furniture,Furnishings,51.75,8,3
2018-08-07,Standard Class,Consumer,Westminster,California,West,Furniture,Chairs,207.184,8,3
2016-08-21,Standard Class,Home Office,Allentown,Pennsylvania,East,Office Supplies,Supplies,3.488,8,3
2016-08-21,Standard Class,Home Office,Allentown,Pennsylvania,East,Technology,Accessories,21.728,8,3
2016-08-21,Standard Class,Home Office,Allentown,Pennsylvania,East,Office Supplies,Binders,99.588,8,3
2016-08-21,Standard Class,Home Office,Allentown,Pennsylvania,East,Office Supplies,Paper,49.568,8,3
2016-11-02,Standard Class,Corporate,San Antonio,Texas,Central,Office Supplies,Binders,29.372,11,4
2016-11-02,Standard Class,Corporate,San Antonio,Texas,Central,Technology,Phones,344.704,11,4
2015-11-30,Standard Class,Consumer,Avondale,Arizona,West,Office Supplies,Supplies,47.992,11,4
2015-11-30,Standard Class,Consumer,Avondale,Arizona,West,Technology,Accessories,102.24,11,4
2015-05-10,Standard Class,Consumer,San Jose,California,West,Office Supplies,Paper,39.96,5,2
2015-05-10,Standard Class,Consumer,San Jose,California,West,Office Supplies,Supplies,41.04,5,2
2015-05-10,Standard Class,Consumer,San Jose,California,West,Furniture,Chairs,256.784,5,2
2017-10-17,First Class,Consumer,Perth Amboy,New Jersey,East,Furniture,Bookcases,120.98,10,4
2017-10-17,First Class,Consumer,Perth Amboy,New Jersey,East,Office Supplies,Binders,315.98,10,4
2017-10-30,Standard Class,Corporate,New York City,New York,East,Office Supplies,Binders,28.752,10,4
2017-10-30,Standard Class,Corporate,New York City,New York,East,Office Supplies,Art,114.95,10,4
2017-12-01,Standard Class,Corporate,Los Angeles,California,West,Office Supplies,Art,23.04,12,4
2017-04-21,Same Day,Consumer,Milford,Connecticut,East,Office Supplies,Art,15.48,4,2
2017-04-21,Same Day,Consumer,Milford,Connecticut,East,Office Supplies,Paper,51.84,4,2
2018-08-03,Standard Class,Consumer,Bloomington,Illinois,Central,Technology,Accessories,39.816,8,3
2018-08-03,Second Class,Corporate,Seattle,Washington,West,Office Supplies,Storage,16.06,8,3
2018-12-11,Second Class,Home Office,Burlington,Iowa,Central,Office Supplies,Envelopes,7.28,12,4
2018-12-11,Second Class,Home Office,Burlington,Iowa,Central,Office Supplies,Binders,5.4,12,4
2016-03-14,Standard Class,Consumer,Roseville,California,West,Office Supplies,Paper,19.44,3,1
2015-12-08,Standard Class,Corporate,San Francisco,California,West,Furniture,Furnishings,39.88,12,4
2015-12-08,Standard Class,Corporate,San Francisco,California,West,Furniture,Furnishings,79.44,12,4
2018-09-30,First Class,Corporate,Philadelphia,Pennsylvania,East,Office Supplies,Labels,20.664,9,3
2017-11-21,Standard Class,Corporate,Los Angeles,California,West,Office Supplies,Paper,32.4,11,4
2018-11-24,Standard Class,Corporate,Odessa,Texas,Central,Office Supplies,Appliances,13.762,11,4
2018-11-14,First Class,Home Office,Minneapolis,Minnesota,Central,Office Supplies,Envelopes,15.28,11,4
2016-08-16,Standard Class,Consumer,Philadelphia,Pennsylvania,East,Office Supplies,Storage,44.688,8,3
2016-08-16,Standard Class,Consumer,Philadelphia,Pennsylvania,East,Furniture,Bookcases,301.47,8,3
2018-10-13,First Class,Consumer,Lafayette,Louisiana,South,Office Supplies,Labels,11.07,10,4
2018-10-13,First Class,Consumer,Lafayette,Louisiana,South,Office Supplies,Paper,25.92,10,4
2018-11-04,Same Day,Home Office,Bryan,Texas,Central,Office Supplies,Binders,7.536,11,4
2018-11-04,Same Day,Home Office,Bryan,Texas,Central,Office Supplies,Binders,1.408,11,4
2018-11-04,Same Day,Home Office,Bryan,Texas,Central,Office Supplies,Binders,4.144,11,4
2018-11-04,Same Day,Home Office,Bryan,Texas,Central,Office Supplies,Storage,52.752,11,4
2018-03-19,Standard Class,Corporate,Los Angeles,California,West,Office Supplies,Appliances,381.36,3,1
2015-11-03,Same Day,Home Office,Los Angeles,California,West,Office Supplies,Art,6.72,11,4
2018-07-23,First Class,Consumer,Los Angeles,California,West,Office Supplies,Binders,15.192,7,3
2018-07-23,First Class,Consumer,Los Angeles,California,West,Office Supplies,Paper,58.32,7,3
2017-09-02,Standard Class,Consumer,Los Angeles,California,West,Furniture,Furnishings,94.68,9,3
2017-09-02,Standard Class,Consumer,Los Angeles,California,West,Office Supplies,Storage,23.67,9,3
2017-09-02,Standard Class,Consumer,Los Angeles,California,West,Office Supplies,Art,18.69,9,3
2017-09-02,Standard Class,Consumer,Los Angeles,California,West,Office Supplies,Binders,7.312,9,3
2018-02-11,First Class,Consumer,Columbus,Ohio,East,Furniture,Furnishings,147.568,2,1
2018-10-27,Standard Class,Corporate,Tallahassee,Florida,South,Office Supplies,Paper,56.784,10,4
2018-10-27,Standard Class,Corporate,Tallahassee,Florida,South,Office Supplies,Binders,5.607,10,4
2018-10-27,Standard Class,Corporate,Tallahassee,Florida,South,Office Supplies,Art,6.576,10,4
2015-07-09,Standard Class,Home Office,San Francisco,California,West,Office Supplies,Binders,14.304,7,3
2015-07-09,Standard Class,Home Office,San Francisco,California,West,Furniture,Bookcases,119.833,7,3
2015-07-09,Standard Class,Home Office,San Francisco,California,West,Office Supplies,Art,5.56,7,3
2015-07-09,Standard Class,Home Office,San Francisco,California,West,Office Supplies,Paper,32.4,7,3
2018-05-22,Standard Class,Home Office,San Francisco,California,West,Office Supplies,Art,9.84,5,2
2018-05-22,Standard Class,Home Office,San Francisco,California,West,Office Supplies,Art,2.78,5,2
2017-11-10,Standard Class,Consumer,New York City,New York,East,Office Supplies,Binders,3.64,11,4
2017-12-02,Standard Class,Corporate,Marion,Iowa,Central,Office Supplies,Binders,115.84,12,4
2018-03-02,Standard Class,Corporate,Los Angeles,California,West,Office Supplies,Binders,107.648,3,1
2018-09-23,Second Class,Consumer,Pine Bluff,Arkansas,South,Technology,Accessories,199.95,9,3
2018-09-23,Second Class,Consumer,Pine Bluff,Arkansas,South,Office Supplies,Paper,12.96,9,3
2015-02-11,Second Class,Consumer,Columbia,Missouri,Central,Furniture,Chairs,60.89,2,1
2015-02-11,Second Class,Consumer,Columbia,Missouri,Central,Office Supplies,Labels,14.94,2,1
2015-02-11,Second Class,Consumer,Columbia,Missouri,Central,Office Supplies,Binders,9.64,2,1
2015-02-11,Second Class,Consumer,Columbia,Missouri,Central,Furniture,Furnishings,332.94,2,1
2015-02-11,Second Class,Consumer,Columbia,Missouri,Central,Office Supplies,Binders,51.9,2,1
2015-02-11,Second Class,Consumer,Columbia,Missouri,Central,Office Supplies,Storage,64.96,2,1
2018-11-11,Second Class,Consumer,Aberdeen,South Dakota,Central,Office Supplies,Supplies,25.5,11,4
2018-09-02,Same Day,Home Office,Seattle,Washington,West,Furniture,Chairs,215.976,9,3
2016-10-09,Standard Class,Consumer,Detroit,Michigan,Central,Furniture,Chairs,389.97,10,4
2016-10-09,Standard Class,Consumer,Detroit,Michigan,Central,Office Supplies,Appliances,269.91,10,4
2018-11-24,Standard Class,Corporate,Memphis,Tennessee,South,Office Supplies,Binders,11.673,11,4
2018-11-24,Standard Class,Corporate,Memphis,Tennessee,South,Office Supplies,Envelopes,64.848,11,4
2015-02-08,First Class,Home Office,North Las Vegas,Nevada,West,Furniture,Furnishings,14.56,2,1
2016-09-25,Same Day,Consumer,Freeport,New York,East,Furniture,Chairs,102.582,9,3
2016-09-25,Same Day,Consumer,Freeport,New York,East,Office Supplies,Paper,20.04,9,3
2018-08-21,Standard Class,Consumer,New York City,New York,East,Office Supplies,Binders,32.088,8,3
2017-05-12,Standard Class,Corporate,New York City,New York,East,Furniture,Furnishings,10.02,5,2
2015-10-10,Same Day,Corporate,Albuquerque,New Mexico,West,Office Supplies,Art,255.85,10,4
2017-05-26,Second Class,Corporate,Delray Beach,Florida,South,Office Supplies,Storage,184.704,5,2
2017-05-26,Second Class,Corporate,Delray Beach,Florida,South,Technology,Accessories,47.92,5,2
2018-12-01,Standard Class,Consumer,Philadelphia,Pennsylvania,East,Office Supplies,Labels,15.936,12,4
2018-12-01,Standard Class,Consumer,Philadelphia,Pennsylvania,East,Office Supplies,Binders,8.001,12,4
2018-12-01,Standard Class,Consumer,Philadelphia,Pennsylvania,East,Furniture,Chairs,398.972,12,4
2017-09-20,Standard Class,Home Office,Seattle,Washington,West,Furniture,Bookcases,163.88,9,3
2018-09-11,Standard Class,Consumer,Richmond,Virginia,South,Office Supplies,Appliances,67.9,9,3
2017-12-30,Standard Class,Consumer,West Palm Beach,Florida,South,Office Supplies,Paper,72.224,12,4
2018-09-02,Second Class,Consumer,Fort Collins,Colorado,West,Office Supplies,Labels,11.696,9,3
2015-11-18,Standard Class,Corporate,Franklin,Wisconsin,Central,Furniture,Chairs,392.94,11,4
2016-11-21,First Class,Consumer,Monroe,North Carolina,South,Furniture,Furnishings,18.176,11,4
2018-06-19,Standard Class,Home Office,Dallas,Texas,Central,Office Supplies,Binders,6.888,6,2
2018-06-19,Standard Class,Home Office,Dallas,Texas,Central,Furniture,Tables,457.485,6,2
2015-04-23,Second Class,Home Office,San Francisco,California,West,Office Supplies,Paper,48.91,4,2
2015-09-23,First Class,Consumer,Dover,Delaware,East,Office Supplies,Art,9.84,9,3
2015-09-23,First Class,Consumer,Dover,Delaware,East,Office Supplies,Binders,34.5,9,3
2018-03-02,Same Day,Corporate,Waco,Texas,Central,Office Supplies,Binders,0.556,3,1
2018-11-17,Second Class,Consumer,Hagerstown,Maryland,East,Office Supplies,Binders,43.8,11,4
2018-05-28,Standard Class,Corporate,Cleveland,Ohio,East,Office Supplies,Paper,13.872,5,2
2018-05-28,Standard Class,Corporate,Cleveland,Ohio,East,Furniture,Bookcases,115.96,5,2
2016-04-18,Second Class,Corporate,Mcallen,Texas,Central,Technology,Accessories,41.424,4,2
2016-04-18,Second Class,Corporate,Mcallen,Texas,Central,Technology,Phones,244.768,4,2
2016-04-18,Second Class,Corporate,Mcallen,Texas,Central,Office Supplies,Art,74.352,4,2
2016-04-18,Second Class,Corporate,Mcallen,Texas,Central,Office Supplies,Binders,4.312,4,2
2016-04-18,Second Class,Corporate,Mcallen,Texas,Central,Furniture,Chairs,56.686,4,2
2016-04-18,Second Class,Corporate,Mcallen,Texas,Central,Technology,Phones,97.968,4,2
2016-04-18,Second Class,Corporate,Mcallen,Texas,Central,Office Supplies,Art,7.872,4,2
2016-04-18,Second Class,Corporate,Mcallen,Texas,Central,Office Supplies,Paper,15.552,4,2
2016-04-18,Second Class,Corporate,Mcallen,Texas,Central,Office Supplies,Binders,1.476,4,2
2016-09-19,Standard Class,Home Office,Santa Fe,New Mexico,West,Office Supplies,Art,8.4,9,3
2015-03-25,Standard Class,Consumer,San Francisco,California,West,Office Supplies,Art,6.56,3,1
2015-03-25,Standard Class,Consumer,San Francisco,California,West,Office Supplies,Art,14.88,3,1
2015-03-25,Standard Class,Consumer,San Francisco,California,West,Technology,Accessories,45.48,3,1
2015-03-25,Standard Class,Consumer,San Francisco,California,West,Office Supplies,Art,25.44,3,1
2017-08-26,Standard Class,Corporate,New York City,New York,East,Office Supplies,Binders,146.688,8,3
2018-03-06,Standard Class,Consumer,Dallas,Texas,Central,Office Supplies,Labels,4.928,3,1
2018-03-06,Standard Class,Consumer,Dallas,Texas,Central,Office Supplies,Art,63.488,3,1
2016-11-11,Same Day,Corporate,Detroit,Michigan,Central,Office Supplies,Storage,418.32,11,4
2016-11-11,Same Day,Corporate,Detroit,Michigan,Central,Office Supplies,Appliances,123.858,11,4
2017-04-05,Standard Class,Consumer,Philadelphia,Pennsylvania,East,Technology,Phones,118.782,4,2
2018-02-21,Standard Class,Consumer,Carrollton,Texas,Central,Technology,Accessories,47.904,2,1
2018-07-20,Standard Class,Corporate,New York City,New York,East,Office Supplies,Paper,13.36,7,3
2018-07-20,Standard Class,Corporate,New York City,New York,East,Furniture,Chairs,163.764,7,3
2018-07-20,Standard Class,Corporate,New York City,New York,East,Furniture,Furnishings,183.92,7,3
2017-11-04,Standard Class,Consumer,Houston,Texas,Central,Furniture,Furnishings,11.376,11,4
2017-11-04,Standard Class,Consumer,Houston,Texas,Central,Furniture,Furnishings,66.112,11,4
2018-09-23,Standard Class,Consumer,Los Angeles,California,West,Office Supplies,Paper,211.04,9,3
2018-09-23,Standard Class,Consumer,Los Angeles,California,West,Office Supplies,Binders,72.96,9,3
2018-09-07,First Class,Consumer,Edmonds,Washington,West,Furniture,Furnishings,80.96,9,3
2018-09-07,First Class,Consumer,Edmonds,Washington,West,Technology,Phones,455.712,9,3
2018-09-07,First Class,Consumer,Edmonds,Washington,West,Office Supplies,Art,25.98,9,3
2016-11-28,First Class,Consumer,San Francisco,California,West,Office Supplies,Appliances,45.28,11,4
2016-11-12,Standard Class,Consumer,New York City,New York,East,Office Supplies,Envelopes,15.56,11,4
2018-09-11,Second Class,Consumer,Georgetown,Kentucky,South,Office Supplies,Appliances,195.68,9,3
2018-09-11,Second Class,Consumer,Georgetown,Kentucky,South,Office Supplies,Fasteners,14.2,9,3
2018-05-01,First Class,Consumer,Coral Springs,Florida,South,Furniture,Bookcases,314.352,5,2
2018-05-01,First Class,Consumer,Coral Springs,Florida,South,Office Supplies,Labels,4.608,5,2
2018-09-16,Standard Class,Corporate,San Francisco,California,West,Office Supplies,Fasteners,17.9,9,3
2015-10-19,Second Class,Corporate,San Francisco,California,West,Office Supplies,Binders,2.992,10,4
2015-10-19,Second Class,Corporate,San Francisco,California,West,Office Supplies,Binders,20.064,10,4
2015-10-19,Second Class,Corporate,San Francisco,California,West,Office Supplies,Paper,146.73,10,4
2015-10-19,Second Class,Corporate,San Francisco,California,West,Office Supplies,Labels,18.75,10,4
2015-10-19,Second Class,Corporate,San Francisco,California,West,Technology,Phones,117.576,10,4
2017-03-13,Standard Class,Home Office,Riverside,California,West,Office Supplies,Binders,51.184,3,1
2018-02-17,First Class,Home Office,Troy,Ohio,East,Furniture,Tables,455.97,2,1
2018-02-17,First Class,Home Office,Troy,Ohio,East,Office Supplies,Binders,5.715,2,1
2018-02-17,First Class,Home Office,Troy,Ohio,East,Technology,Phones,57.594,2,1
2018-02-17,First Class,Home Office,Troy,Ohio,East,Furniture,Furnishings,30.144,2,1
2017-12-22,Standard Class,Consumer,Moreno Valley,California,West,Furniture,Furnishings,41.96,12,4
2017-09-23,Standard Class,Corporate,Seattle,Washington,West,Office Supplies,Binders,13.216,9,3
2017-09-23,Standard Class,Corporate,Seattle,Washington,West,Furniture,Chairs,184.752,9,3
2018-09-24,First Class,Consumer,Chicago,Illinois,Central,Office Supplies,Paper,11.424,9,3
2016-12-01,Standard Class,Home Office,Jackson,Michigan,Central,Office Supplies,Paper,19.44,12,4
2016-12-01,Standard Class,Home Office,Jackson,Michigan,Central,Office Supplies,Art,3.64,12,4
2016-12-01,Standard Class,Home Office,Jackson,Michigan,Central,Office Supplies,Paper,18.54,12,4
2017-01-25,Second Class,Corporate,New York City,New York,East,Office Supplies,Binders,43.12,1,1
2017-01-25,Second Class,Corporate,New York City,New York,East,Furniture,Tables,313.722,1,1
2017-01-25,Second Class,Corporate,New York City,New York,East,Furniture,Furnishings,45.98,1,1
2017-01-25,Second Class,Corporate,New York City,New York,East,Office Supplies,Storage,428.68,1,1
2018-03-21,Standard Class,Home Office,Seattle,Washington,West,Office Supplies,Binders,30.576,3,1
2018-03-21,Standard Class,Home Office,Seattle,Washington,West,Office Supplies,Fasteners,13.02,3,1
2018-03-21,Standard Class,Home Office,Seattle,Washington,West,Furniture,Furnishings,22.14,3,1
2018-03-21,Standard Class,Home Office,Seattle,Washington,West,Office Supplies,Storage,359.32,3,1
2015-08-22,First Class,Consumer,Saint Charles,Missouri,Central,Office Supplies,Paper,11.56,8,3
2015-06-08,Standard Class,Consumer,Long Beach,New York,East,Office Supplies,Binders,68.48,6,2
2017-04-07,First Class,Corporate,Lakewood,New Jersey,East,Office Supplies,Paper,37.94,4,2
2018-11-07,Second Class,Corporate,Clinton,Maryland,East,Furniture,Chairs,272.97,11,4
2016-05-29,First Class,Corporate,Columbus,Ohio,East,Furniture,Furnishings,41.568,5,2
2016-05-29,First Class,Corporate,Columbus,Ohio,East,Furniture,Chairs,317.058,5,2
2016-05-29,First Class,Corporate,Columbus,Ohio,East,Office Supplies,Fasteners,8.04,5,2
2018-05-07,Standard Class,Consumer,Pasadena,California,West,Technology,Phones,419.944,5,2
2017-06-05,Standard Class,Corporate,Seattle,Washington,West,Office Supplies,Supplies,61.38,6,2
2016-12-14,Second Class,Consumer,Los Angeles,California,West,Technology,Accessories,50.0,12,4
2018-12-25,Standard Class,Consumer,East Orange,New Jersey,East,Technology,Accessories,31.8,12,4
2018-12-17,Standard Class,Corporate,Eau Claire,Wisconsin,Central,Office Supplies,Storage,32.56,12,4
2017-05-10,Standard Class,Consumer,Chicago,Illinois,Central,Office Supplies,Envelopes,7.072,5,2
2015-12-23,Second Class,Consumer,Tampa,Florida,South,Office Supplies,Paper,45.528,12,4
2015-12-23,Second Class,Consumer,Tampa,Florida,South,Furniture,Chairs,64.784,12,4
2015-12-23,Second Class,Consumer,Tampa,Florida,South,Office Supplies,Storage,424.272,12,4
2015-12-23,Second Class,Consumer,Tampa,Florida,South,Office Supplies,Art,1.344,12,4
2015-12-23,Second Class,Consumer,Tampa,Florida,South,Office Supplies,Storage,83.92,12,4
2018-08-11,Standard Class,Home Office,New York City,New York,East,Office Supplies,Paper,25.92,8,3
2018-08-27,Standard Class,Consumer,Mesa,Arizona,West,Furniture,Furnishings,120.576,8,3
2018-01-19,Standard Class,Consumer,Burlington,Vermont,East,Office Supplies,Paper,79.92,1,1
2018-01-19,Standard Class,Consumer,Burlington,Vermont,East,Office Supplies,Paper,12.28,1,1
2018-01-19,Standard Class,Consumer,Burlington,Vermont,East,Office Supplies,Envelopes,2.04,1,1
2016-06-19,Standard Class,Home Office,Houston,Texas,Central,Office Supplies,Storage,228.92,6,2
2018-03-13,First Class,Corporate,Aurora,Illinois,Central,Technology,Phones,7.992,3,1
2015-09-20,First Class,Consumer,New York City,New York,East,Office Supplies,Labels,75.18,9,3
2015-09-20,First Class,Consumer,New York City,New York,East,Office Supplies,Appliances,30.98,9,3
2017-11-11,Standard Class,Consumer,Arlington Heights,Illinois,Central,Office Supplies,Art,14.112,11,4
2016-09-16,Standard Class,Consumer,Newport News,Virginia,South,Office Supplies,Envelopes,31.12,9,3
2015-06-24,Standard Class,Consumer,Tucson,Arizona,West,Furniture,Furnishings,4.272,6,2
2017-08-12,Second Class,Consumer,New York City,New York,East,Furniture,Tables,209.148,8,3
2018-04-13,Standard Class,Corporate,Philadelphia,Pennsylvania,East,Office Supplies,Fasteners,7.92,4,2
2015-03-14,First Class,Home Office,Chicago,Illinois,Central,Office Supplies,Paper,8.448,3,1
2018-09-22,Second Class,Consumer,New York City,New York,East,Furniture,Furnishings,12.07,9,3
2018-12-10,First Class,Consumer,Philadelphia,Pennsylvania,East,Office Supplies,Binders,3.273,12,4
2018-12-10,First Class,Consumer,Philadelphia,Pennsylvania,East,Furniture,Furnishings,87.92,12,4
2017-03-10,Second Class,Corporate,Glendale,Arizona,West,Office Supplies,Storage,104.696,3,1
2017-09-26,First Class,Corporate,Houston,Texas,Central,Office Supplies,Binders,6.816,9,3
2016-10-18,Standard Class,Consumer,Seattle,Washington,West,Technology,Phones,249.584,10,4
2016-10-18,Standard Class,Consumer,Seattle,Washington,West,Office Supplies,Paper,17.94,10,4
2016-10-18,Standard Class,Consumer,Seattle,Washington,West,Furniture,Furnishings,10.11,10,4
2015-10-27,Standard Class,Home Office,Fayetteville,North Carolina,South,Office Supplies,Paper,10.368,10,4
2015-10-27,Standard Class,Home Office,Fayetteville,North Carolina,South,Office Supplies,Paper,11.952,10,4
2018-10-02,Second Class,Corporate,Houston,Texas,Central,Office Supplies,Appliances,15.224,10,4
2018-10-02,Second Class,Corporate,Houston,Texas,Central,Office Supplies,Appliances,21.984,10,4
2015-07-23,Standard Class,Corporate,San Francisco,California,West,Office Supplies,Supplies,40.7,7,3
2015-07-23,Standard Class,Corporate,San Francisco,California,West,Technology,Phones,302.376,7,3
2015-07-23,Standard Class,Corporate,San Francisco,California,West,Technology,Accessories,45.0,7,3
2017-09-15,Standard Class,Consumer,Seattle,Washington,West,Office Supplies,Art,35.4,9,3
2015-11-27,Standard Class,Corporate,Buffalo,New York,East,Furniture,Furnishings,199.9,11,4
2016-08-28,Standard Class,Corporate,Dallas,Texas,Central,Furniture,Tables,103.481,8,3
2016-06-19,Same Day,Home Office,Philadelphia,Pennsylvania,East,Office Supplies,Labels,5.904,6,2
2016-08-17,Standard Class,Consumer,Peoria,Arizona,West,Technology,Accessories,30.08,8,3
2016-08-17,Standard Class,Consumer,Peoria,Arizona,West,Office Supplies,Paper,36.288,8,3
2016-08-17,Standard Class,Consumer,Peoria,Arizona,West,Office Supplies,Art,10.272,8,3
2016-08-17,Standard Class,Consumer,Peoria,Arizona,West,Technology,Accessories,252.8,8,3
2016-09-25,Same Day,Consumer,Philadelphia,Pennsylvania,East,Office Supplies,Binders,2.946,9,3
2018-05-26,Standard Class,Consumer,Oceanside,California,West,Office Supplies,Paper,12.96,5,2
2018-07-31,Standard Class,Consumer,Philadelphia,Pennsylvania,East,Technology,Phones,285.576,7,3
2015-10-12,Standard Class,Corporate,Chicago,Illinois,Central,Office Supplies,Supplies,22.24,10,4
2015-05-25,Standard Class,Consumer,New York City,New York,East,Office Supplies,Paper,14.62,5,2
2015-12-29,Second Class,Consumer,Kent,Ohio,East,Office Supplies,Appliances,48.36,12,4
2018-04-07,Standard Class,Home Office,Jacksonville,Florida,South,Office Supplies,Art,16.256,4,2
2018-04-07,Standard Class,Home Office,Jacksonville,Florida,South,Technology,Phones,219.184,4,2
2016-03-01,First Class,Corporate,Coppell,Texas,Central,Technology,Phones,95.84,3,1
2016-05-29,Standard Class,Consumer,Indianapolis,Indiana,Central,Office Supplies,Labels,12.39,5,2
2017-09-22,Standard Class,Consumer,Lawrence,Indiana,Central,Office Supplies,Paper,35.88,9,3
2018-05-27,Standard Class,Consumer,Tulsa,Oklahoma,Central,Furniture,Furnishings,477.3,5,2
2017-09-17,Standard Class,Home Office,Redmond,Washington,West,Office Supplies,Labels,12.32,9,3
2015-09-08,Standard Class,Consumer,San Francisco,California,West,Office Supplies,Binders,8.608,9,3
2018-06-03,Standard Class,Home Office,Spokane,Washington,West,Office Supplies,Storage,136.26,6,2
2016-09-28,Standard Class,Corporate,Los Angeles,California,West,Office Supplies,Appliances,186.15,9,3
2016-09-28,Standard Class,Corporate,Los Angeles,California,West,Office Supplies,Binders,81.792,9,3
2016-09-28,Standard Class,Corporate,Los Angeles,California,West,Office Supplies,Supplies,47.19,9,3
2016-09-28,Standard Class,Corporate,Los Angeles,California,West,Technology,Phones,36.784,9,3
2017-06-16,Second Class,Home Office,Chattanooga,Tennessee,South,Technology,Machines,91.475,6,2
2018-05-27,Standard Class,Corporate,Greensboro,North Carolina,South,Technology,Accessories,27.192,5,2
2018-05-27,Standard Class,Corporate,Greensboro,North Carolina,South,Office Supplies,Binders,12.06,5,2
2015-10-09,Standard Class,Consumer,San Francisco,California,West,Office Supplies,Art,144.6,10,4
2015-10-09,Standard Class,Consumer,San Francisco,California,West,Technology,Phones,15.992,10,4
2015-11-17,Second Class,Home Office,New York City,New York,East,Office Supplies,Paper,34.44,11,4
2015-10-19,Standard Class,Home Office,Lakewood,California,West,Technology,Phones,321.552,10,4
2015-02-27,First Class,Consumer,Columbus,Ohio,East,Office Supplies,Art,19.456,2,1
2015-12-21,Standard Class,Consumer,Newark,Delaware,East,Office Supplies,Labels,17.28,12,4
2017-11-19,Standard Class,Corporate,Seattle,Washington,West,Furniture,Furnishings,31.96,11,4
2018-11-05,Second Class,Consumer,New York City,New York,East,Office Supplies,Binders,164.688,11,4
2018-11-05,Second Class,Consumer,New York City,New York,East,Furniture,Tables,166.5,11,4
2018-11-05,Second Class,Consumer,New York City,New York,East,Office Supplies,Paper,12.96,11,4
2018-11-05,Second Class,Consumer,New York City,New York,East,Office Supplies,Paper,110.96,11,4
2018-11-05,Second Class,Consumer,New York City,New York,East,Technology,Phones,99.98,11,4
2018-11-05,Second Class,Consumer,New York City,New York,East,Office Supplies,Binders,11.424,11,4
2018-11-05,Second Class,Consumer,New York City,New York,East,Furniture,Chairs,128.124,11,4
2018-11-05,Second Class,Consumer,New York City,New York,East,Furniture,Furnishings,101.4,11,4
2016-05-31,Second Class,Corporate,Chicago,Illinois,Central,Office Supplies,Labels,5.904,5,2
2016-05-31,Second Class,Corporate,Chicago,Illinois,Central,Office Supplies,Paper,173.488,5,2
2016-05-31,Second Class,Corporate,Chicago,Illinois,Central,Furniture,Furnishings,51.56,5,2
2016-05-31,Second Class,Corporate,Chicago,Illinois,Central,Office Supplies,Binders,3.564,5,2
2015-09-07,Standard Class,Consumer,Oswego,Illinois,Central,Office Supplies,Fasteners,13.16,9,3
2015-09-07,Standard Class,Consumer,Oswego,Illinois,Central,Office Supplies,Binders,3.828,9,3
2015-09-07,Standard Class,Consumer,Oswego,Illinois,Central,Office Supplies,Binders,304.99,9,3
2018-11-06,Standard Class,Consumer,Dallas,Texas,Central,Office Supplies,Storage,18.16,11,4
2016-06-20,Second Class,Home Office,Philadelphia,Pennsylvania,East,Technology,Accessories,319.984,6,2
2015-07-22,Standard Class,Home Office,Los Angeles,California,West,Office Supplies,Art,19.68,7,3
2017-12-02,Second Class,Corporate,Houston,Texas,Central,Office Supplies,Paper,30.816,12,4
2018-12-11,First Class,Corporate,Paterson,New Jersey,East,Office Supplies,Fasteners,6.54,12,4
2017-08-05,Standard Class,Corporate,Huntsville,Alabama,South,Office Supplies,Art,197.05,8,3
2018-01-03,Standard Class,Consumer,San Francisco,California,West,Office Supplies,Art,9.12,1,1
2018-11-07,Same Day,Consumer,Oklahoma City,Oklahoma,Central,Office Supplies,Binders,38.16,11,4
2017-01-03,Standard Class,Corporate,Broken Arrow,Oklahoma,Central,Office Supplies,Binders,11.88,1,1
2017-05-12,Standard Class,Consumer,Mission Viejo,California,West,Technology,Accessories,120.0,5,2
2017-05-12,Standard Class,Consumer,Mission Viejo,California,West,Office Supplies,Appliances,8.67,5,2
2018-11-05,First Class,Home Office,Greenwood,Indiana,Central,Office Supplies,Paper,4.41,11,4
2018-11-05,First Class,Home Office,Greenwood,Indiana,Central,Office Supplies,Paper,167.94,11,4
2018-11-05,First Class,Home Office,Greenwood,Indiana,Central,Office Supplies,Paper,67.8,11,4
2017-05-26,Standard Class,Consumer,Milwaukee,Wisconsin,Central,Furniture,Furnishings,26.94,5,2
2016-11-20,Standard Class,Consumer,San Francisco,California,West,Furniture,Furnishings,32.04,11,4
2017-04-22,Standard Class,Consumer,Rome,New York,East,Office Supplies,Art,32.13,4,2
2017-04-22,Standard Class,Consumer,Rome,New York,East,Office Supplies,Art,2.88,4,2
2017-10-14,Standard Class,Corporate,New York City,New York,East,Office Supplies,Paper,111.96,10,4
2015-04-05,Second Class,Consumer,Dearborn Heights,Michigan,Central,Office Supplies,Art,26.7,4,2
2015-04-05,Second Class,Consumer,Dearborn Heights,Michigan,Central,Office Supplies,Binders,40.2,4,2
2015-04-05,Second Class,Consumer,Dearborn Heights,Michigan,Central,Office Supplies,Art,13.89,4,2
2017-08-06,Standard Class,Consumer,New York City,New York,East,Office Supplies,Art,38.34,8,3
2015-12-14,First Class,Corporate,Chicago,Illinois,Central,Office Supplies,Binders,9.264,12,4
2018-05-30,Second Class,Consumer,Dallas,Texas,Central,Furniture,Bookcases,204.6664,5,2
2015-03-14,Standard Class,Home Office,Jacksonville,Florida,South,Office Supplies,Paper,91.056,3,1
2015-02-17,Standard Class,Consumer,Chicago,Illinois,Central,Office Supplies,Art,54.208,2,1
2016-08-24,Second Class,Consumer,Bowling Green,Ohio,East,Technology,Phones,26.982,8,3
2016-08-24,Second Class,Consumer,Bowling Green,Ohio,East,Office Supplies,Labels,6.912,8,3
2016-08-24,Second Class,Consumer,Bowling Green,Ohio,East,Office Supplies,Storage,435.504,8,3
2018-05-08,Second Class,Consumer,San Francisco,California,West,Office Supplies,Appliances,81.08,5,2
2017-02-04,Standard Class,Corporate,Los Angeles,California,West,Office Supplies,Storage,93.02,2,1
2015-12-19,Standard Class,Consumer,Chicago,Illinois,Central,Technology,Phones,323.976,12,4
2015-12-19,Standard Class,Consumer,Chicago,Illinois,Central,Office Supplies,Paper,15.552,12,4
2015-12-19,Standard Class,Consumer,Chicago,Illinois,Central,Office Supplies,Storage,32.592,12,4
2018-12-05,First Class,Home Office,Seattle,Washington,West,Office Supplies,Binders,83.92,12,4
2018-12-05,First Class,Home Office,Seattle,Washington,West,Furniture,Furnishings,199.9,12,4
2018-12-05,First Class,Home Office,Seattle,Washington,West,Technology,Phones,31.176,12,4
2018-12-05,First Class,Home Office,Seattle,Washington,West,Office Supplies,Binders,172.752,12,4
2018-12-05,First Class,Home Office,Seattle,Washington,West,Office Supplies,Binders,9.296,12,4
2018-03-24,Same Day,Corporate,Beaumont,Texas,Central,Office Supplies,Storage,12.768,3,1
2018-07-08,Standard Class,Home Office,Seattle,Washington,West,Office Supplies,Paper,52.76,7,3
2018-10-26,Standard Class,Home Office,Dallas,Texas,Central,Office Supplies,Storage,55.616,10,4
2017-10-27,Standard Class,Consumer,New York City,New York,East,Furniture,Chairs,427.644,10,4
2017-10-27,Standard Class,Consumer,New York City,New York,East,Office Supplies,Fasteners,40.67,10,4
2017-10-27,Standard Class,Consumer,New York City,New York,East,Office Supplies,Storage,33.48,10,4
2017-10-27,Standard Class,Consumer,New York City,New York,East,Office Supplies,Binders,9.728,10,4
2018-06-12,Second Class,Consumer,Chicago,Illinois,Central,Furniture,Furnishings,8.856,6,2
2017-09-25,First Class,Corporate,San Francisco,California,West,Furniture,Bookcases,477.666,9,3
2018-09-07,First Class,Consumer,Providence,Rhode Island,East,Office Supplies,Paper,16.9,9,3
2018-09-07,First Class,Consumer,Providence,Rhode Island,East,Office Supplies,Paper,39.96,9,3
2016-05-11,Second Class,Home Office,Phoenix,Arizona,West,Furniture,Chairs,191.968,5,2
2016-08-06,Standard Class,Corporate,Houston,Texas,Central,Office Supplies,Labels,35.52,8,3
2016-08-06,Standard Class,Corporate,Houston,Texas,Central,Office Supplies,Binders,6.23,8,3
2016-08-06,Standard Class,Corporate,Houston,Texas,Central,Office Supplies,Paper,56.704,8,3
2016-08-06,Standard Class,Corporate,Houston,Texas,Central,Furniture,Bookcases,369.1992,8,3
2015-10-29,Standard Class,Corporate,Columbus,Indiana,Central,Technology,Accessories,1.98,10,4
2015-10-29,Standard Class,Corporate,Columbus,Indiana,Central,Office Supplies,Paper,75.88,10,4
2017-06-18,Second Class,Corporate,Philadelphia,Pennsylvania,East,Office Supplies,Paper,6.848,6,2
2017-06-18,Second Class,Corporate,Philadelphia,Pennsylvania,East,Office Supplies,Binders,4.626,6,2
2017-06-18,Second Class,Corporate,Philadelphia,Pennsylvania,East,Office Supplies,Appliances,453.6,6,2
2016-05-03,First Class,Home Office,San Jose,California,West,Office Supplies,Binders,13.848,5,2
2016-05-30,Standard Class,Home Office,Springfield,Virginia,South,Technology,Accessories,151.96,5,2
2017-09-22,Standard Class,Corporate,Broomfield,Colorado,West,Furniture,Furnishings,68.432,9,3
2016-11-28,Standard Class,Consumer,Columbus,Ohio,East,Furniture,Furnishings,71.12,11,4
2016-11-28,Standard Class,Consumer,Columbus,Ohio,East,Office Supplies,Fasteners,3.008,11,4
2016-12-03,Second Class,Home Office,Concord,New Hampshire,East,Office Supplies,Paper,184.66,12,4
2015-10-17,Second Class,Consumer,Houston,Texas,Central,Furniture,Furnishings,5.312,10,4
2017-05-03,First Class,Consumer,Newark,Ohio,East,Technology,Accessories,132.52,5,2
2017-05-03,First Class,Consumer,Newark,Ohio,East,Office Supplies,Storage,195.64,5,2
2017-05-03,First Class,Consumer,Newark,Ohio,East,Furniture,Furnishings,51.968,5,2
2017-05-03,First Class,Consumer,Newark,Ohio,East,Technology,Accessories,431.976,5,2
2017-05-03,First Class,Consumer,Newark,Ohio,East,Technology,Machines,224.937,5,2
2017-05-03,First Class,Consumer,Newark,Ohio,East,Office Supplies,Labels,6.0,5,2
2016-06-01,Standard Class,Home Office,Los Angeles,California,West,Office Supplies,Paper,11.76,6,2
2015-03-31,Same Day,Consumer,Tampa,Florida,South,Office Supplies,Binders,12.645,3,1
2015-03-31,Same Day,Consumer,Tampa,Florida,South,Office Supplies,Art,4.032,3,1
2018-07-05,First Class,Corporate,Fremont,Nebraska,Central,Technology,Phones,79.96,7,3
2016-09-24,Same Day,Consumer,Columbus,Ohio,East,Office Supplies,Binders,6.732,9,3
2016-09-24,Same Day,Consumer,Columbus,Ohio,East,Office Supplies,Storage,33.568,9,3
2016-09-24,Same Day,Consumer,Columbus,Ohio,East,Office Supplies,Envelopes,15.84,9,3
2016-09-24,Same Day,Consumer,Columbus,Ohio,East,Office Supplies,Labels,24.424,9,3
2016-09-24,Same Day,Consumer,Columbus,Ohio,East,Office Supplies,Art,17.12,9,3
2016-08-13,Same Day,Consumer,Pomona,California,West,Furniture,Furnishings,31.56,8,3
2016-05-26,Second Class,Consumer,San Antonio,Texas,Central,Furniture,Chairs,105.686,5,2
2016-05-26,Second Class,Consumer,San Antonio,Texas,Central,Technology,Machines,399.54,5,2
2016-05-26,Second Class,Consumer,San Antonio,Texas,Central,Furniture,Chairs,104.93,5,2
2018-09-14,First Class,Home Office,New York City,New York,East,Office Supplies,Storage,70.98,9,3
2018-09-14,First Class,Home Office,New York City,New York,East,Office Supplies,Art,29.95,9,3
2017-06-07,Standard Class,Home Office,Philadelphia,Pennsylvania,East,Office Supplies,Fasteners,9.648,6,2
2018-06-25,Second Class,Consumer,New York City,New York,East,Furniture,Bookcases,400.784,6,2
2018-08-26,First Class,Home Office,Detroit,Michigan,Central,Office Supplies,Storage,53.72,8,3
2017-08-26,First Class,Corporate,Miami,Florida,South,Office Supplies,Paper,31.008,8,3
2017-11-18,Same Day,Consumer,Concord,California,West,Office Supplies,Binders,61.12,11,4
2018-04-17,Standard Class,Corporate,Chicago,Illinois,Central,Office Supplies,Storage,195.136,4,2
2018-07-23,Standard Class,Consumer,Wheeling,Illinois,Central,Office Supplies,Art,121.536,7,3
2015-05-11,Standard Class,Home Office,Chicago,Illinois,Central,Office Supplies,Paper,17.472,5,2
2015-05-11,Standard Class,Home Office,Chicago,Illinois,Central,Office Supplies,Binders,104.58,5,2
2017-07-28,Standard Class,Home Office,Pasadena,Texas,Central,Furniture,Furnishings,24.7,7,3
2017-07-28,Standard Class,Home Office,Pasadena,Texas,Central,Furniture,Furnishings,302.72,7,3
2018-09-14,Standard Class,Consumer,New York City,New York,East,Office Supplies,Paper,8.56,9,3
2018-09-14,Standard Class,Consumer,New York City,New York,East,Office Supplies,Paper,11.56,9,3
2018-01-24,Standard Class,Corporate,San Jose,California,West,Office Supplies,Appliances,25.86,1,1
2018-01-24,Standard Class,Corporate,San Jose,California,West,Office Supplies,Binders,276.784,1,1
2018-01-24,Standard Class,Corporate,San Jose,California,West,Technology,Phones,110.352,1,1
2016-09-19,Standard Class,Home Office,Sacramento,California,West,Furniture,Furnishings,60.84,9,3
2016-04-14,Standard Class,Consumer,Springfield,Oregon,West,Office Supplies,Appliances,35.208,4,2
2018-05-08,Second Class,Corporate,Mansfield,Texas,Central,Office Supplies,Paper,41.472,5,2
2017-09-04,Standard Class,Consumer,Jonesboro,Arkansas,South,Office Supplies,Paper,239.5,9,3
2015-05-19,First Class,Consumer,Virginia Beach,Virginia,South,Office Supplies,Supplies,34.2,5,2
2017-06-17,Standard Class,Corporate,Rochester,New York,East,Furniture,Tables,376.866,6,2
2016-11-02,First Class,Consumer,Chesapeake,Virginia,South,Office Supplies,Appliances,197.72,11,4
2018-11-04,Standard Class,Corporate,Lancaster,Ohio,East,Technology,Accessories,70.72,11,4
2018-11-04,Standard Class,Corporate,Lancaster,Ohio,East,Office Supplies,Storage,194.352,11,4
2018-12-05,Second Class,Consumer,New York City,New York,East,Office Supplies,Paper,21.6,12,4
2018-12-05,Second Class,Consumer,New York City,New York,East,Office Supplies,Labels,11.07,12,4
2017-05-16,Second Class,Consumer,Los Angeles,California,West,Furniture,Furnishings,282.84,5,2
2017-05-16,Second Class,Consumer,Los Angeles,California,West,Office Supplies,Labels,27.72,5,2
2018-10-24,Standard Class,Consumer,Jackson,Mississippi,South,Office Supplies,Fasteners,11.68,10,4
2017-09-18,Standard Class,Consumer,Woodland,California,West,Technology,Phones,239.984,9,3
2015-11-11,First Class,Corporate,Seattle,Washington,West,Office Supplies,Appliances,22.98,11,4
2015-11-11,First Class,Corporate,Seattle,Washington,West,Technology,Accessories,102.13,11,4
2017-08-22,Standard Class,Corporate,Los Angeles,California,West,Office Supplies,Art,5.76,8,3
2018-11-16,Standard Class,Corporate,Bowling Green,Ohio,East,Office Supplies,Art,86.352,11,4
2018-11-16,Standard Class,Corporate,Bowling Green,Ohio,East,Technology,Accessories,139.96,11,4
2015-09-26,Standard Class,Home Office,Lancaster,Ohio,East,Office Supplies,Appliances,16.704,9,3
2015-09-26,Standard Class,Home Office,Lancaster,Ohio,East,Technology,Accessories,3.152,9,3
2015-09-26,Standard Class,Home Office,Lancaster,Ohio,East,Office Supplies,Paper,32.896,9,3
2018-06-29,First Class,Consumer,Dallas,Texas,Central,Office Supplies,Appliances,21.392,6,2
2018-06-29,First Class,Consumer,Dallas,Texas,Central,Furniture,Tables,307.314,6,2
2018-06-29,First Class,Consumer,Dallas,Texas,Central,Furniture,Bookcases,409.9992,6,2
2018-09-23,First Class,Corporate,Lubbock,Texas,Central,Office Supplies,Paper,9.248,9,3
2015-11-23,Standard Class,Consumer,Detroit,Michigan,Central,Office Supplies,Binders,14.67,11,4
2015-01-13,Standard Class,Consumer,Newark,Ohio,East,Office Supplies,Paper,37.408,1,1
2015-01-13,Standard Class,Consumer,Newark,Ohio,East,Office Supplies,Binders,3.438,1,1
2017-05-31,Standard Class,Consumer,New York City,New York,East,Office Supplies,Binders,7.152,5,2
2017-05-31,Standard Class,Consumer,New York City,New York,East,Technology,Phones,179.7,5,2
2018-02-13,Standard Class,Consumer,Minneapolis,Minnesota,Central,Office Supplies,Appliances,90.64,2,1
2015-10-14,First Class,Consumer,Everett,Massachusetts,East,Technology,Accessories,177.0,10,4
2015-10-14,First Class,Consumer,Everett,Massachusetts,East,Office Supplies,Storage,79.45,10,4
2015-11-18,Standard Class,Corporate,Seattle,Washington,West,Furniture,Furnishings,137.54,11,4
2018-11-12,Second Class,Consumer,Los Angeles,California,West,Office Supplies,Paper,11.56,11,4
2015-03-07,Standard Class,Corporate,Seattle,Washington,West,Office Supplies,Art,20.65,3,1
2015-03-07,Standard Class,Corporate,Seattle,Washington,West,Office Supplies,Storage,204.9,3,1
2015-03-07,Standard Class,Corporate,Seattle,Washington,West,Furniture,Chairs,436.704,3,1
2015-03-07,Standard Class,Corporate,Seattle,Washington,West,Furniture,Chairs,481.568,3,1
2018-06-08,Standard Class,Consumer,Glendale,Arizona,West,Technology,Accessories,89.544,6,2
2018-06-08,Standard Class,Consumer,Glendale,Arizona,West,Office Supplies,Storage,35.168,6,2
2018-06-08,Standard Class,Consumer,Glendale,Arizona,West,Office Supplies,Binders,72.588,6,2
2015-11-19,Standard Class,Consumer,Coon Rapids,Minnesota,Central,Office Supplies,Storage,221.16,11,4
2015-11-19,Standard Class,Consumer,Coon Rapids,Minnesota,Central,Technology,Phones,281.97,11,4
2017-11-26,Standard Class,Consumer,Los Angeles,California,West,Office Supplies,Art,37.17,11,4
2017-11-26,Standard Class,Consumer,Los Angeles,California,West,Office Supplies,Appliances,64.96,11,4
2018-01-23,Standard Class,Home Office,Tucson,Arizona,West,Technology,Accessories,95.984,1,1
2018-01-23,Standard Class,Home Office,Tucson,Arizona,West,Office Supplies,Binders,4.938,1,1
2015-09-22,Standard Class,Consumer,New York City,New York,East,Furniture,Furnishings,97.44,9,3
2015-09-22,Standard Class,Consumer,New York City,New York,East,Office Supplies,Binders,3.984,9,3
2015-09-22,Standard Class,Consumer,New York City,New York,East,Office Supplies,Art,13.04,9,3
2015-03-26,Second Class,Consumer,Pomona,California,West,Office Supplies,Labels,18.75,3,1
2017-06-06,Standard Class,Home Office,Santa Barbara,California,West,Technology,Accessories,26.96,6,2
2017-06-06,Standard Class,Home Office,Santa Barbara,California,West,Technology,Phones,477.6,6,2
2018-08-31,Standard Class,Consumer,San Francisco,California,West,Office Supplies,Storage,193.95,8,3
2016-12-07,Same Day,Corporate,Riverside,California,West,Office Supplies,Paper,12.96,12,4
2018-11-16,Standard Class,Consumer,Los Angeles,California,West,Furniture,Furnishings,119.94,11,4
2018-11-16,Standard Class,Consumer,Los Angeles,California,West,Furniture,Furnishings,12.42,11,4
2017-04-23,Standard Class,Consumer,San Clemente,California,West,Office Supplies,Binders,18.088,4,2
2017-04-23,Standard Class,Consumer,San Clemente,California,West,Office Supplies,Envelopes,71.97,4,2
2018-04-02,Standard Class,Consumer,Decatur,Alabama,South,Office Supplies,Labels,14.94,4,2
2016-08-13,First Class,Corporate,Greensboro,North Carolina,South,Office Supplies,Art,64.68,8,3
2018-11-13,Standard Class,Consumer,Dublin,California,West,Technology,Phones,22.0,11,4
2017-12-23,Standard Class,Home Office,Philadelphia,Pennsylvania,East,Office Supplies,Paper,7.968,12,4
2015-07-22,Second Class,Consumer,Houston,Texas,Central,Office Supplies,Storage,26.632,7,3
2017-05-06,Standard Class,Consumer,Bakersfield,California,West,Furniture,Furnishings,41.6,5,2
2015-11-28,Standard Class,Corporate,Richmond,Indiana,Central,Office Supplies,Envelopes,64.02,11,4
2017-04-18,Standard Class,Corporate,New York City,New York,East,Office Supplies,Art,6.99,4,2
2017-04-18,Standard Class,Corporate,New York City,New York,East,Office Supplies,Supplies,6.84,4,2
2016-12-27,Standard Class,Corporate,San Francisco,California,West,Office Supplies,Storage,323.1,12,4
2018-12-13,Standard Class,Consumer,San Francisco,California,West,Office Supplies,Labels,8.64,12,4
2018-12-13,Standard Class,Consumer,San Francisco,California,West,Office Supplies,Paper,38.88,12,4
2018-12-13,Standard Class,Consumer,San Francisco,California,West,Furniture,Furnishings,201.04,12,4
2018-12-13,Standard Class,Consumer,San Francisco,California,West,Office Supplies,Paper,12.96,12,4
2018-01-02,Second Class,Corporate,Los Angeles,California,West,Technology,Accessories,16.59,1,1
2018-05-30,Standard Class,Consumer,San Diego,California,West,Office Supplies,Art,35.1,5,2
2018-09-30,Standard Class,Home Office,Arlington,Texas,Central,Office Supplies,Binders,11.646,9,3
2018-06-20,Standard Class,Consumer,Richmond,Virginia,South,Office Supplies,Paper,32.4,6,2
2018-04-04,First Class,Home Office,New York City,New York,East,Office Supplies,Art,7.04,4,2
2016-08-28,Standard Class,Corporate,Fairfield,Connecticut,East,Office Supplies,Storage,470.36,8,3
2018-09-24,Second Class,Home Office,San Francisco,California,West,Office Supplies,Paper,31.08,9,3
2018-09-24,Second Class,Home Office,San Francisco,California,West,Office Supplies,Supplies,7.3,9,3
2017-12-11,First Class,Corporate,Springfield,Ohio,East,Office Supplies,Appliances,73.536,12,4
2015-06-10,Second Class,Corporate,Detroit,Michigan,Central,Office Supplies,Labels,491.55,6,2
2017-03-11,Same Day,Home Office,Philadelphia,Pennsylvania,East,Furniture,Furnishings,30.336,3,1
2018-12-15,Standard Class,Consumer,Inglewood,California,West,Office Supplies,Paper,22.83,12,4
2018-12-15,Standard Class,Consumer,Inglewood,California,West,Office Supplies,Appliances,54.32,12,4
2018-12-15,Standard Class,Consumer,Inglewood,California,West,Technology,Phones,196.776,12,4
2017-10-30,Standard Class,Consumer,San Luis Obispo,California,West,Office Supplies,Fasteners,3.62,10,4
2018-07-31,Standard Class,Home Office,Wilmington,Delaware,East,Office Supplies,Paper,11.54,7,3
2018-07-31,Standard Class,Home Office,Wilmington,Delaware,East,Office Supplies,Binders,11.01,7,3
2018-10-19,Standard Class,Consumer,San Francisco,California,West,Office Supplies,Binders,39.624,10,4
2017-10-21,Standard Class,Consumer,Los Angeles,California,West,Furniture,Chairs,242.136,10,4
2017-10-21,Standard Class,Consumer,Los Angeles,California,West,Office Supplies,Art,12.39,10,4
2017-10-21,Standard Class,Consumer,Los Angeles,California,West,Furniture,Furnishings,19.96,10,4
2017-10-21,Standard Class,Consumer,Los Angeles,California,West,Office Supplies,Storage,340.92,10,4
2015-11-05,Standard Class,Consumer,Philadelphia,Pennsylvania,East,Furniture,Furnishings,273.568,11,4
2015-11-05,Standard Class,Consumer,Philadelphia,Pennsylvania,East,Office Supplies,Binders,13.194,11,4
2015-11-05,Standard Class,Consumer,Philadelphia,Pennsylvania,East,Technology,Accessories,51.56,11,4
2015-11-05,Standard Class,Consumer,Philadelphia,Pennsylvania,East,Technology,Accessories,58.416,11,4
2017-11-07,Standard Class,Consumer,San Francisco,California,West,Office Supplies,Binders,57.584,11,4
2017-08-12,Second Class,Home Office,Philadelphia,Pennsylvania,East,Office Supplies,Art,37.312,8,3
2017-05-30,Same Day,Consumer,Houston,Texas,Central,Technology,Phones,79.96,5,2
2017-05-30,Same Day,Consumer,Houston,Texas,Central,Technology,Accessories,223.96,5,2
2018-11-12,Second Class,Consumer,Lancaster,Pennsylvania,East,Office Supplies,Storage,221.024,11,4
2017-09-22,Standard Class,Corporate,Green Bay,Wisconsin,Central,Furniture,Furnishings,18.96,9,3
2017-02-16,Standard Class,Consumer,New York City,New York,East,Furniture,Chairs,326.646,2,1
2017-02-16,Standard Class,Consumer,New York City,New York,East,Technology,Accessories,89.97,2,1
2015-12-22,Standard Class,Home Office,New York City,New York,East,Office Supplies,Binders,296.712,12,4
2016-12-05,Standard Class,Consumer,Bloomington,Illinois,Central,Office Supplies,Envelopes,12.224,12,4
2018-09-17,First Class,Consumer,Boise,Idaho,West,Technology,Accessories,89.97,9,3
2018-12-02,First Class,Consumer,Lowell,Massachusetts,East,Office Supplies,Appliances,286.86,12,4
2018-12-02,First Class,Consumer,Lowell,Massachusetts,East,Office Supplies,Supplies,4.36,12,4
2015-09-29,Standard Class,Consumer,Seattle,Washington,West,Office Supplies,Binders,10.048,9,3
2018-11-14,Standard Class,Consumer,Los Angeles,California,West,Office Supplies,Art,34.24,11,4
2015-08-20,Standard Class,Corporate,Hampton,Virginia,South,Furniture,Chairs,500.24,8,3
2015-08-20,Standard Class,Corporate,Hampton,Virginia,South,Office Supplies,Paper,20.12,8,3
2015-11-19,Second Class,Home Office,Philadelphia,Pennsylvania,East,Office Supplies,Paper,5.88,11,4
2016-06-29,Standard Class,Home Office,Omaha,Nebraska,Central,Technology,Phones,269.98,6,2
2018-03-16,Standard Class,Corporate,Los Angeles,California,West,Office Supplies,Storage,310.12,3,1
2018-03-16,Standard Class,Corporate,Los Angeles,California,West,Office Supplies,Binders,70.464,3,1
2018-03-16,Standard Class,Corporate,Los Angeles,California,West,Office Supplies,Binders,19.68,3,1
2018-03-16,Standard Class,Corporate,Los Angeles,California,West,Office Supplies,Appliances,140.67,3,1
2018-11-28,Standard Class,Consumer,San Diego,California,West,Office Supplies,Labels,62.65,11,4
2017-06-16,Standard Class,Consumer,Newark,Delaware,East,Office Supplies,Labels,9.45,6,2
2018-01-21,Standard Class,Consumer,Aurora,Illinois,Central,Office Supplies,Envelopes,268.576,1,1
2018-11-24,Same Day,Consumer,Los Angeles,California,West,Furniture,Tables,364.08,11,4
2018-11-24,Same Day,Consumer,Los Angeles,California,West,Furniture,Tables,71.088,11,4
2015-11-11,Standard Class,Consumer,Chicago,Illinois,Central,Furniture,Furnishings,10.984,11,4
2017-03-04,Standard Class,Corporate,Dover,New Hampshire,East,Technology,Accessories,159.98,3,1
2017-10-11,Standard Class,Consumer,Chicago,Illinois,Central,Office Supplies,Art,5.344,10,4
2017-10-11,Standard Class,Consumer,Chicago,Illinois,Central,Office Supplies,Art,27.72,10,4
2017-07-01,First Class,Home Office,Seattle,Washington,West,Office Supplies,Binders,2.496,7,3
2018-03-27,Second Class,Consumer,Richmond,Virginia,South,Office Supplies,Labels,8.26,3,1
2018-03-27,Second Class,Consumer,Richmond,Virginia,South,Office Supplies,Binders,17.76,3,1
2018-03-27,Second Class,Consumer,Richmond,Virginia,South,Office Supplies,Storage,332.94,3,1
2018-03-27,Second Class,Consumer,Richmond,Virginia,South,Furniture,Tables,292.1,3,1
2018-03-27,Second Class,Consumer,Richmond,Virginia,South,Technology,Phones,206.1,3,1
2018-03-27,Second Class,Consumer,Richmond,Virginia,South,Office Supplies,Paper,17.64,3,1
2018-11-04,Standard Class,Home Office,Springdale,Arkansas,South,Office Supplies,Art,4.3,11,4
2015-02-14,Standard Class,Corporate,Seattle,Washington,West,Technology,Accessories,239.97,2,1
2015-02-14,Standard Class,Corporate,Seattle,Washington,West,Office Supplies,Appliances,81.96,2,1
2015-02-14,Standard Class,Corporate,Seattle,Washington,West,Office Supplies,Supplies,238.62,2,1
2015-06-18,Standard Class,Consumer,Los Angeles,California,West,Technology,Phones,139.8,6,2
2018-02-28,Standard Class,Consumer,Middletown,Connecticut,East,Office Supplies,Binders,9.84,2,1
2018-02-28,Standard Class,Consumer,Middletown,Connecticut,East,Office Supplies,Paper,7.78,2,1
2018-12-09,Standard Class,Consumer,Grand Rapids,Michigan,Central,Office Supplies,Binders,54.9,12,4
2018-12-07,Standard Class,Home Office,San Francisco,California,West,Office Supplies,Paper,50.04,12,4
2017-11-24,Standard Class,Home Office,Hialeah,Florida,South,Furniture,Bookcases,339.92,11,4
2017-11-24,Standard Class,Home Office,Hialeah,Florida,South,Office Supplies,Paper,10.528,11,4
2017-11-24,Standard Class,Home Office,Hialeah,Florida,South,Office Supplies,Appliances,42.384,11,4
2017-07-03,Same Day,Corporate,Philadelphia,Pennsylvania,East,Office Supplies,Paper,123.92,7,3
2017-06-26,Standard Class,Consumer,Atlanta,Georgia,South,Technology,Phones,135.95,6,2
2015-07-26,Standard Class,Consumer,San Antonio,Texas,Central,Furniture,Furnishings,17.496,7,3
2015-07-26,Standard Class,Consumer,San Antonio,Texas,Central,Office Supplies,Binders,16.784,7,3
2015-07-26,Standard Class,Consumer,San Antonio,Texas,Central,Technology,Accessories,431.136,7,3
2015-07-26,Standard Class,Consumer,San Antonio,Texas,Central,Office Supplies,Binders,8.88,7,3
2015-07-26,Standard Class,Consumer,San Antonio,Texas,Central,Office Supplies,Appliances,4.836,7,3
2017-09-14,Standard Class,Consumer,Long Beach,New York,East,Technology,Phones,437.85,9,3
2016-05-31,Second Class,Corporate,Paterson,New Jersey,East,Office Supplies,Paper,274.8,5,2
2016-05-31,Second Class,Corporate,Paterson,New Jersey,East,Office Supplies,Storage,62.18,5,2
2016-05-31,Second Class,Corporate,Paterson,New Jersey,East,Furniture,Furnishings,8.28,5,2
2016-05-09,Standard Class,Consumer,Louisville,Kentucky,South,Office Supplies,Binders,48.81,5,2
2015-11-05,Same Day,Consumer,Hampton,Virginia,South,Furniture,Chairs,149.9,11,4
2018-03-27,Standard Class,Consumer,Houston,Texas,Central,Technology,Accessories,39.992,3,1
2018-03-27,Standard Class,Consumer,Houston,Texas,Central,Furniture,Chairs,211.246,3,1
2015-05-21,Second Class,Consumer,Houston,Texas,Central,Office Supplies,Envelopes,56.064,5,2
2015-05-21,Second Class,Consumer,Houston,Texas,Central,Furniture,Chairs,107.772,5,2
2015-05-21,Second Class,Consumer,Houston,Texas,Central,Office Supplies,Paper,4.832,5,2
2015-05-21,Second Class,Consumer,Houston,Texas,Central,Office Supplies,Binders,18.24,5,2
2017-05-21,Standard Class,Corporate,Chicago,Illinois,Central,Office Supplies,Binders,3.798,5,2
2016-01-12,Standard Class,Corporate,Toledo,Ohio,East,Office Supplies,Art,10.368,1,1
2016-01-12,Standard Class,Corporate,Toledo,Ohio,East,Technology,Phones,235.188,1,1
2016-01-12,Standard Class,Corporate,Toledo,Ohio,East,Technology,Phones,26.376,1,1
2016-01-12,Standard Class,Corporate,Toledo,Ohio,East,Technology,Accessories,10.384,1,1
